"David Taylor",82171
"Leo Patel",87651
"Arun Smith",76916
"Aisha Lewis",62465
"Arun Thomas",71206
"Olivia Davis",76188
"Emily Anderson",99905
"Rohit Thomas",80313
"Daniel Williams",79450
"Sarah Kumar",59545
"Olivia Patel",68934
"Priya Iyer",86240
"Luke Kumar",72047
"Leo Kumar",69086
"Sophia Singh",86983
"Priya Walker",64098
"John Sharma",98289
"Sarah Sharma",73874
"Daniel Taylor",69094
"Daniel Davis",68248
"Priya Anderson",68243
"Vikram Davis",66711
"Sophia Wilson",62222
"Rohit Davis",72303
"Nina Lewis",60157
"Michael Thomas",59673
"Sarah Singh",97811
"Sophia Johnson",95372
"Emily Taylor",67879
"Vikram Taylor",67354
"Leo Davis",71466
"John Miller",60336
"Luke Taylor",88725
"John Walker",62689
"Ananya Sharma",72082
"Aisha Thompson",62830
"Linda Davis",61547
"Aisha Wilson",81983
"Karen Lewis",91663
"John Singh",75664
"John Anderson",68755
"Vikram Taylor",71821
"John Williams",65835
"Arun Miller",80248
"Nina Thompson",72469
"David Gupta",92102
"Leo Williams",86237
"Daniel Sharma",81909
"Emily Wilson",87673
"Priya Lewis",74783
"Sophia Sharma",77683
"Olivia Sharma",64992
"Luke Thomas",95078
"Luke Thompson",80489
"Karen Sharma",58456
"Olivia Taylor",82264
"Rohit Davis",96912
"Arun Singh",61207
"Daniel Gupta",63086
"Arun Kumar",92146
"Ananya Thompson",88249
"Nina Miller",59070
"Arun Brown",94257
"Luke Lewis",60612
"Arun Thomas",66454
"Vikram Lewis",63888
"John Thomas",70536
"Vikram Gupta",64279
"Priya Taylor",83794
"Karen Thompson",96400
"Luke Williams",79397
"David Williams",95303
"Leo Anderson",74119
"Daniel Sharma",96522
"Olivia Sharma",84946
"Ananya Singh",99039
"Nina Taylor",68159
"Sarah Brown",70289
"Daniel Lewis",89404
"Priya Taylor",76644
"Priya Iyer",98899
"Linda Patel",81653
"Sarah Williams",90301
"Aisha Kumar",80191
"Luke Iyer",86534
"Sarah Iyer",88805
"Daniel Smith",64267
"Daniel Davis",61702
"Luke Smith",95309
"Sophia Davis",69602
"Rohit Iyer",74976
"Rohit Thomas",82797
"Leo Kumar",66545
"Linda Gupta",67088
"Priya Brown",92902
"David Johnson",90365
"Leo Kumar",67167
"Kiran Sharma",64928
"Karen Thompson",66762
"Aisha Williams",59464
"Ananya Brown",72040
"Daniel Miller",65141
"Sarah Thompson",92935
"Linda Kumar",63562
"Emily Brown",81969
"Leo Davis",74917
"Rohit Smith",81304
"Priya Thomas",59639
"Rohit Wilson",67134
"David Wilson",65183
"Olivia Iyer",93757
"Karen Wilson",64149
"Luke Singh",64334
"Michael Patel",83503
"John Wilson",74792
"Sophia Kumar",84278
"Nina Taylor",77270
"Vikram Anderson",88500
"Arun Johnson",77072
"Ananya Miller",93335
"Rohit Brown",89789
"Aisha Singh",70920
"Sophia Lewis",70052
"Daniel Thompson",66843
"Daniel Miller",70519
"Karen Anderson",63030
"Michael Thomas",77164
"Vikram Gupta",71481
"Emily Miller",64493
"Leo Sharma",87405
"Sophia Wilson",72833
"Vikram Sharma",70399
"John Patel",75293
"Luke Gupta",73873
"Daniel Singh",87530
"Aisha Walker",82214
"Ananya Sharma",68557
"Vikram Taylor",83655
"Aisha Thompson",67385
"Arun Anderson",61994
"Vikram Johnson",79360
"Priya Taylor",99140
"Nina Lewis",83936
"Kiran Wilson",69907
"John Brown",72455
"Sophia Smith",64376
"Daniel Smith",98587
"David Patel",70218
"Nina Miller",61139
"Rohit Wilson",87785
"Sarah Wilson",69758
"Daniel Gupta",74983
"Luke Kumar",75955
"Daniel Thomas",71566
"Karen Thomas",68170
"Priya Thompson",73209
"Luke Williams",72986
"Nina Iyer",60398
"Luke Williams",62447
"Rohit Wilson",60731
"David Williams",73650
"Linda Johnson",74878
"Ananya Davis",64336
"Nina Taylor",70670
"Karen Davis",61112
"Sophia Thomas",64102
"Sophia Kumar",61335
"Sarah Patel",82105
"Karen Williams",75450
"Luke Iyer",90296
"Ananya Anderson",61345
"Vikram Patel",58477
"Priya Davis",78717
"Rohit Brown",94109
"Daniel Johnson",92675
"Vikram Miller",63637
"Priya Brown",86441
"John Davis",87635
"Daniel Williams",62844
"Nina Lewis",81554
"Nina Williams",74725
"Daniel Sharma",77569
"Michael Gupta",70874
"John Smith",72327
"Sophia Williams",67264
"Kiran Kumar",82539
"Ananya Williams",91953
"Sophia Wilson",81649
"Rohit Gupta",64679
"Priya Patel",85268
"Luke Taylor",72596
"Priya Taylor",76752
"Sophia Miller",59784
"Karen Lewis",73036
"Emily Anderson",81490
"Michael Iyer",68096
"Daniel Anderson",67824
"Sophia Taylor",74362
"Ananya Thomas",83150
"Sophia Smith",85879
"Daniel Miller",67836
"Sarah Taylor",87059
"Sarah Lewis",65581
"Kiran Miller",87806
"Leo Iyer",67245
"Olivia Brown",94343
"Sarah Davis",82276
"Michael Walker",62136
"Aisha Thomas",86691
"Sophia Williams",92158
"Luke Thomas",75306
"Sarah Gupta",79163
"Priya Wilson",90004
"Arun Johnson",67751
"John Williams",87506
"Daniel Sharma",71197
"Daniel Sharma",74284
"Sophia Davis",61451
"Daniel Kumar",80576
"Rohit Williams",95502
"Leo Thompson",60396
"Karen Taylor",79801
"Vikram Thompson",95337
"Michael Singh",66296
"Vikram Iyer",62457
"Luke Patel",91143
"Sarah Smith",79998
"Sarah Thomas",95294
"Rohit Williams",70242
"David Patel",61365
"Nina Kumar",73411
"Linda Johnson",61370
"Sarah Wilson",76281
"Leo Johnson",61459
"Linda Davis",64109
"John Sharma",58742
"Olivia Davis",83959
"Nina Wilson",69540
"Kiran Smith",77618
"Leo Thompson",79789
"Kiran Patel",96320
"Arun Davis",67199
"Olivia Patel",79128
"Nina Thomas",81697
"Arun Thompson",93106
"Nina Singh",86589
"Michael Walker",66453
"Karen Iyer",71972
"Sarah Patel",81144
"Karen Johnson",72047
"Rohit Miller",77285
"Olivia Patel",80919
"Luke Wilson",78225
"Emily Thompson",62290
"Sarah Williams",78577
"David Wilson",83829
"Sarah Miller",99720
"John Taylor",80004
"Priya Thompson",99955
"Sarah Kumar",86626
"Arun Kumar",94047
"Priya Singh",65278
"Priya Anderson",65621
"Rohit Thompson",70632
"Rohit Thomas",66882
"Karen Davis",61733
"Michael Johnson",79845
"Linda Smith",83933
"Luke Iyer",58663
"John Miller",68481
"Karen Johnson",99362
"Leo Williams",67971
"Luke Singh",97651
"Linda Wilson",59977
"Karen Williams",71730
"David Taylor",84481
"Luke Patel",83983
"Karen Williams",65109
"Olivia Anderson",79883
"Arun Johnson",84029
"Michael Lewis",63512
"Michael Thompson",69534
"Emily Williams",61413
"John Gupta",60559
"Ananya Anderson",82154
"Rohit Singh",64028
"Luke Wilson",75870
"Nina Gupta",77899
"Sarah Lewis",84110
"Kiran Miller",79978
"Priya Davis",93654
"David Patel",60351
"Linda Thomas",77106
"Nina Williams",79548
"Michael Thomas",74296
"John Anderson",96413
"Vikram Thomas",64949
"Nina Thompson",74217
"Arun Davis",68758
"Luke Thomas",59305
"John Davis",63210
"Karen Singh",70430
"Olivia Kumar",70584
"Linda Taylor",60610
"David Iyer",69282
"Nina Kumar",63457
"David Williams",69303
"David Brown",76711
"Michael Johnson",86628
"Linda Davis",89734
"Priya Smith",83279
"John Taylor",75479
"Linda Singh",67022
"Arun Davis",91342
"Linda Thomas",75233
"Daniel Brown",63585
"Kiran Singh",77631
"Michael Brown",59828
"Kiran Walker",95039
"Leo Williams",65495
"Sophia Miller",93696
"Priya Walker",89324
"Rohit Brown",87845
"Emily Singh",61556
"Olivia Iyer",76392
"Sophia Singh",83080
"Linda Thomas",68919
"Sarah Williams",79788
"Priya Smith",78957
"Daniel Gupta",99262
"Michael Singh",60712
"Leo Smith",66239
"Michael Williams",61969
"Leo Johnson",69229
"Kiran Patel",61310
"Arun Singh",69431
"Olivia Singh",77806
"Sarah Smith",67465
"Luke Kumar",95868
"Ananya Walker",86127
"Karen Thompson",72329
"Linda Johnson",79842
"Sophia Lewis",70857
"Aisha Miller",83825
"Emily Taylor",95362
"Kiran Singh",61369
"Luke Iyer",71643
"Luke Gupta",60155
"Daniel Wilson",78274
"Nina Walker",66499
"David Iyer",58520
"Aisha Davis",90458
"Luke Smith",61597
"Nina Walker",95856
"Kiran Lewis",67601
"Linda Anderson",62706
"Ananya Johnson",63505
"David Kumar",77400
"Sarah Thomas",74560
"Leo Lewis",64131
"Vikram Thompson",80212
"Arun Smith",81161
"Karen Kumar",67419
"Ananya Thomas",78388
"Emily Singh",61605
"Rohit Taylor",68237
"Rohit Singh",75457
"Daniel Miller",86315
"Priya Singh",75849
"Michael Anderson",83658
"Linda Thomas",61841
"Sophia Singh",58429
"Vikram Davis",88557
"Sophia Thompson",67497
"Kiran Wilson",63849
"Aisha Sharma",85187
"Rohit Brown",67786
"David Davis",64405
"John Smith",70363
"Michael Williams",66956
"Priya Walker",67562
"Linda Walker",63328
"David Brown",70556
"John Iyer",82189
"John Williams",62172
"Nina Kumar",68349
"Linda Wilson",72981
"Priya Gupta",58610
"Aisha Taylor",87534
"Vikram Iyer",65197
"Leo Johnson",61958
"Ananya Lewis",74893
"Emily Walker",70633
"Kiran Taylor",86947
"Leo Thompson",88826
"Olivia Anderson",63461
"Ananya Thompson",59839
"Priya Iyer",83666
"Vikram Miller",79122
"Nina Singh",77837
"Linda Walker",73929
"Sarah Kumar",82319
"David Wilson",83671
"Arun Miller",89882
"Ananya Walker",75145
"Arun Anderson",70025
"Daniel Kumar",66264
"Daniel Johnson",60535
"Aisha Wilson",60704
"John Walker",62314
"David Wilson",81885
"David Smith",65717
"Kiran Davis",67420
"Sarah Walker",89814
"Luke Davis",99112
"Daniel Thomas",67196
"Karen Kumar",71160
"David Williams",70003
"Emily Williams",83135
"Michael Kumar",65467
"Sophia Johnson",70615
"Daniel Anderson",89415
"Leo Thompson",79482
"David Iyer",68541
"Rohit Lewis",84140
"Sarah Johnson",72385
"Olivia Lewis",62166
"Michael Williams",61432
"Rohit Gupta",66709
"Nina Iyer",73023
"Daniel Lewis",63493
"Sophia Walker",67084
"Kiran Lewis",70524
"Linda Iyer",59130
"Sophia Davis",77962
"Sarah Sharma",74217
"Leo Iyer",79217
"Michael Patel",94906
"Rohit Anderson",85427
"Karen Williams",79229
"Michael Iyer",83054
"Luke Thomas",65421
"Michael Thompson",68807
"Rohit Davis",97441
"Olivia Taylor",72907
"Aisha Lewis",65031
"Linda Thompson",95396
"Linda Wilson",61276
"Vikram Johnson",64638
"Kiran Taylor",64380
"Ananya Lewis",91695
"Linda Williams",68115
"Olivia Sharma",67076
"Rohit Wilson",64054
"Aisha Anderson",87074
"Vikram Singh",66640
"Vikram Anderson",66577
"Michael Miller",78220
"Sarah Anderson",81762
"Luke Iyer",78884
"Olivia Walker",65489
"Nina Anderson",75970
"Priya Anderson",69392
"Leo Kumar",61672
"Daniel Gupta",82179
"Sarah Thompson",64077
"Ananya Iyer",81236
"Kiran Lewis",86073
"Nina Davis",78297
"Daniel Iyer",65575
"Ananya Wilson",84498
"David Anderson",93668
"Ananya Walker",72587
"Daniel Thompson",64485
"Linda Davis",95195
"Karen Wilson",90660
"Leo Sharma",77304
"Ananya Walker",63964
"Daniel Wilson",65359
"Emily Kumar",67701
"Aisha Lewis",68736
"David Thompson",68848
"Sarah Kumar",68964
"Karen Kumar",89401
"Priya Sharma",73105
"Aisha Iyer",61261
"Priya Davis",72412
"Nina Sharma",63632
"Ananya Anderson",59655
"Daniel Sharma",71555
"Vikram Miller",73777
"Sarah Lewis",64705
"Sophia Sharma",98690
"Karen Wilson",88416
"Olivia Patel",63938
"David Williams",64421
"Leo Taylor",94317
"Leo Williams",63615
"Leo Lewis",81254
"David Taylor",81324
"Aisha Patel",62925
"Priya Iyer",78298
"Linda Taylor",62811
"Sophia Miller",63367
"Kiran Williams",67212
"David Anderson",69459
"Leo Wilson",63683
"Luke Lewis",87825
"Daniel Patel",66626
"Sarah Smith",71574
"Rohit Sharma",87500
"Linda Thomas",66451
"Emily Davis",79939
"Daniel Miller",67190
"Priya Singh",60009
"Rohit Sharma",75107
"Aisha Walker",90624
"Aisha Sharma",68477
"John Wilson",59070
"Sophia Wilson",77540
"Aisha Anderson",69651
"David Davis",77817
"Karen Gupta",90543
"Karen Thomas",70555
"Nina Davis",68335
"Rohit Patel",79338
"Vikram Gupta",62996
"Sophia Brown",75448
"Olivia Anderson",69476
"Aisha Anderson",63389
"Sarah Brown",59701
"Ananya Williams",69310
"Ananya Wilson",92673
"Luke Singh",83308
"Sophia Thompson",95029
"Nina Thompson",59426
"Karen Davis",66376
"Kiran Johnson",58417
"Leo Singh",75174
"David Thompson",95454
"Michael Gupta",78234
"Ananya Patel",73349
"Olivia Singh",79980
"Michael Brown",70227
"Rohit Miller",96256
"Michael Sharma",69290
"Ananya Lewis",83305
"Daniel Wilson",72559
"Aisha Wilson",79550
"Leo Patel",78189
"Leo Singh",76543
"Sarah Thompson",95837
"Aisha Thomas",63077
"Kiran Anderson",78313
"Nina Sharma",60897
"Arun Brown",97983
"Rohit Lewis",78830
"Emily Wilson",92057
"Luke Thompson",59343
"Ananya Thompson",74738
"David Sharma",68278
"Sophia Walker",71296
"Leo Taylor",80483
"Sophia Iyer",93974
"Daniel Kumar",60901
"Ananya Taylor",59255
"Vikram Brown",72988
"Sophia Gupta",65177
"Nina Kumar",61683
"Leo Johnson",92438
"Olivia Gupta",84794
"Michael Wilson",83144
"Linda Kumar",79468
"Olivia Miller",91179
"Sarah Miller",65159
"Nina Davis",95235
"Karen Johnson",85165
"Priya Anderson",63589
"Ananya Walker",70073
"Daniel Gupta",70768
"Sarah Kumar",59620
"John Williams",85137
"Arun Williams",60365
"Olivia Iyer",61171
"Michael Brown",78516
"David Thomas",69075
"Sophia Gupta",94635
"Leo Kumar",61503
"Luke Walker",85899
"Karen Davis",90505
"Leo Smith",61630
"Arun Gupta",75560
"David Walker",74567
"Olivia Lewis",72317
"Vikram Sharma",82469
"Sophia Gupta",85766
"Karen Kumar",81809
"David Wilson",67856
"Leo Patel",98357
"Leo Miller",76277
"Leo Taylor",69118
"Priya Anderson",66877
"Priya Walker",75064
"Nina Smith",79553
"Nina Thomas",70925
"Luke Williams",80437
"David Kumar",88303
"Nina Anderson",71282
"Michael Patel",66355
"Nina Iyer",78691
"John Gupta",99590
"Rohit Singh",86362
"Aisha Singh",62514
"Rohit Singh",96237
"Priya Taylor",66787
"Michael Singh",88059
"Arun Thomas",63464
"Nina Smith",83786
"Olivia Smith",66223
"Vikram Patel",99208
"Ananya Anderson",81263
"Sarah Johnson",78089
"Ananya Singh",87933
"Olivia Gupta",63211
"Luke Taylor",68809
"Ananya Johnson",67901
"Sarah Wilson",69810
"Leo Patel",60795
"David Lewis",68832
"Rohit Wilson",86683
"Luke Anderson",95284
"Karen Sharma",76773
"Arun Brown",64015
"Sarah Kumar",69040
"Luke Sharma",75123
"Karen Singh",87780
"Nina Brown",98701
"Arun Walker",64845
"David Johnson",87871
"Daniel Wilson",78187
"Daniel Kumar",98781
"Ananya Gupta",73610
"Sarah Sharma",86499
"Luke Davis",84043
"Daniel Walker",84394
"John Brown",82514
"Nina Kumar",79964
"Sophia Anderson",77453
"Arun Gupta",69091
"Sophia Williams",74114
"Olivia Anderson",67065
"Rohit Lewis",74896
"Rohit Walker",79522
"Leo Lewis",90906
"Sophia Anderson",656505
"Kiran Davis",83200
"Linda Lewis",66123
"Aisha Iyer",60650
"Linda Williams",61930
"Rohit Patel",72371
"Sophia Miller",71530
"Olivia Miller",74128
"Priya Anderson",82645
"Emily Taylor",98082
"Sarah Iyer",60263
"Vikram Iyer",66964
"Emily Smith",75252
"Kiran Miller",71472
"Daniel Williams",76083
"Rohit Singh",97334
"Emily Gupta",64406
"Kiran Anderson",63094
"Arun Wilson",83934
"Kiran Taylor",79363
"Michael Gupta",78346
"Luke Taylor",73524
"Ananya Brown",68765
"Ananya Taylor",82431
"David Miller",85632
"Michael Miller",72083
"Emily Patel",68102
"Vikram Wilson",68728
"Luke Davis",80343
"Ananya Patel",85439
"Karen Smith",69509
"Emily Gupta",66789
"Arun Sharma",70257
"Ananya Brown",72890
"Nina Smith",67014
"Rohit Kumar",66233
"Ananya Taylor",60780
"Vikram Thompson",62526
"Priya Thomas",85374
"Vikram Gupta",60856
"John Anderson",94092
"Linda Johnson",64678
"David Iyer",60854
"Ananya Thompson",82694
"Daniel Sharma",71572
"Priya Smith",63168
"Aisha Davis",78668
"Vikram Miller",65472
"Sophia Thomas",80155
"Nina Sharma",77918
"Sophia Wilson",76040
"Vikram Anderson",82990
"Karen Walker",80785
"Arun Patel",90153
"Daniel Lewis",60026
"Priya Smith",80900
"Nina Singh",63217
"Karen Sharma",77830
"Daniel Wilson",72530
"Arun Lewis",68457
"Leo Walker",74338
"David Brown",95865
"Arun Thompson",59930
"Karen Singh",61841
"Michael Singh",68229
"Olivia Lewis",60548
"Aisha Taylor",80818
"Sarah Sharma",70029
"Luke Singh",70137
"Aisha Kumar",70109
"Vikram Miller",71947
"Daniel Lewis",89394
"Priya Davis",73117
"Vikram Singh",77233
"Vikram Singh",92737
"Luke Miller",74029
"Emily Patel",73030
"Arun Kumar",68043
"David Gupta",93190
"Olivia Iyer",66467
"Rohit Anderson",92153
"Sarah Thompson",77613
"Olivia Johnson",73235
"Sophia Walker",67728
"Linda Thompson",61492
"Aisha Gupta",81004
"Kiran Thomas",77584
"Ananya Thompson",73816
"Linda Sharma",59818
"David Brown",71812
"Daniel Davis",93781
"Sophia Iyer",67769
"Rohit Davis",64679
"Luke Wilson",65283
"Sophia Wilson",85444
"Sophia Miller",71173
"Leo Williams",68320
"Sarah Smith",69378
"Sarah Davis",96906
"Leo Patel",77804
"Leo Singh",83108
"Michael Thompson",94654
"Emily Brown",66435
"Linda Williams",74168
"Luke Sharma",70819
"Leo Gupta",77027
"Rohit Iyer",66745
"Michael Patel",93269
"Emily Gupta",63746
"Luke Anderson",67245
"Linda Thomas",76144
"Daniel Williams",73764
"Ananya Thomas",65123
"Priya Thomas",95192
"Michael Gupta",62887
"Aisha Gupta",66102
"Aisha Miller",96359
"Vikram Williams",80727
"Linda Taylor",85632
"Nina Walker",87272
"Kiran Gupta",79844
"Vikram Thomas",86883
"Nina Walker",69028
"Karen Thomas",76700
"Kiran Iyer",71698
"Karen Walker",92828
"David Walker",78143
"Aisha Iyer",80084
"Priya Walker",77912
"Arun Gupta",77380
"Daniel Wilson",67179
"Arun Thompson",99699
"Aisha Lewis",76830
"Arun Williams",79836
"Ananya Williams",92075
"Michael Iyer",96400
"Olivia Wilson",59472
"Rohit Gupta",59573
"Daniel Iyer",67987
"Linda Iyer",64666
"Nina Anderson",84671
"Sarah Patel",70114
"Aisha Iyer",61620
"Sophia Gupta",62151
"Arun Davis",72350
"Linda Singh",60969
"Linda Thompson",81503
"Olivia Lewis",86503
"Michael Iyer",62413
"John Thompson",88088
"Nina Davis",72061
"Emily Wilson",66716
"Leo Taylor",84854
"Ananya Patel",59742
"Karen Thompson",83539
"Karen Miller",95259
"Sophia Johnson",96864
"Leo Johnson",63342
"Kiran Iyer",69319
"Rohit Smith",59488
"Emily Brown",74053
"Aisha Gupta",58715
"Priya Wilson",60648
"Aisha Lewis",84747
"David Miller",81639
"David Williams",97197
"Sarah Iyer",72680
"Luke Lewis",60368
"Priya Kumar",93080
"Kiran Brown",65261
"Olivia Smith",98391
"Rohit Johnson",59389
"Rohit Iyer",62869
"Kiran Wilson",59980
"Linda Davis",59133
"Karen Thompson",74437
"Luke Thompson",62273
"David Kumar",63239
"Luke Johnson",70139
"Sarah Patel",74849
"Linda Miller",61134
"John Davis",80204
"Arun Lewis",93283
"Rohit Walker",70852
"Arun Wilson",62443
"Olivia Iyer",95399
"Emily Walker",64830
"Sarah Brown",84628
"Luke Gupta",75906
"Aisha Singh",92836
"Michael Lewis",58760
"Priya Singh",75525
"David Kumar",96691
"Ananya Kumar",85691
"Olivia Sharma",80009
"Sarah Williams",89845
"Luke Sharma",83665
"Vikram Smith",62075
"Rohit Brown",96507
"David Anderson",99181
"Rohit Williams",79147
"Michael Iyer",73481
"Aisha Williams",93428
"Daniel Patel",70102
"David Lewis",90882
"Sophia Iyer",74923
"Michael Brown",79847
"Priya Thompson",92403
"Ananya Thompson",61736
"John Miller",63030
"Emily Anderson",61606
"Luke Smith",72404
"Emily Patel",82994
"Nina Walker",60610
"Sophia Singh",65074
"David Patel",60242
"Ananya Brown",68516
"Nina Singh",68563
"Vikram Lewis",79743
"Sarah Lewis",64627
"Arun Patel",71391
"Sophia Williams",70042
"Linda Lewis",58849
"Daniel Brown",78941
"Michael Walker",63629
"Aisha Johnson",72306
"Olivia Johnson",88747
"Leo Miller",68171
"John Kumar",88018
"Olivia Brown",85112
"Sophia Walker",65741
"Sophia Miller",62438
"Kiran Sharma",96237
"Leo Kumar",70504
"Daniel Sharma",92969
"Rohit Walker",64380
"Michael Miller",61321
"Luke Williams",87307
"Linda Walker",61167
"Olivia Sharma",70646
"Emily Gupta",99777
"Luke Anderson",66655
"Emily Iyer",82756
"Linda Smith",61951
"Arun Williams",67389
"Aisha Smith",75616
"Rohit Johnson",94864
"Daniel Miller",59401
"Karen Patel",85512
"Ananya Patel",61590
"Arun Patel",77771
"Karen Miller",69173
"Nina Patel",63323
"Luke Wilson",68122
"Karen Smith",80450
"Vikram Sharma",65862
"Kiran Smith",79442
"Leo Miller",65591
"Nina Smith",84241
"Ananya Miller",60533
"Sarah Taylor",85062
"Priya Anderson",96473
"John Thompson",66681
"Kiran Johnson",85776
"David Thomas",72373
"Vikram Taylor",78226
"Karen Kumar",68080
"Sarah Sharma",88121
"Kiran Brown",62823
"Vikram Singh",75473
"Vikram Singh",93880
"Sophia Davis",64590
"Leo Brown",80437
"Karen Miller",65151
"Vikram Walker",72737
"David Thompson",58706
"Kiran Walker",60254
"Sarah Sharma",93804
"David Williams",71012
"Karen Gupta",87237
"Emily Thomas",92588
"Daniel Williams",69570
"Emily Kumar",66180
"Sophia Wilson",82303
"Karen Iyer",73472
"Nina Johnson",63542
"Priya Taylor",69658
"Karen Patel",97762
"Priya Smith",88059
"Leo Johnson",60548
"Rohit Wilson",88072
"Ananya Williams",86481
"Luke Brown",64211
"Aisha Anderson",78478
"Olivia Williams",79271
"Karen Miller",88284
"David Brown",67762
"Kiran Miller",68588
"Luke Iyer",67420
"David Taylor",84376
"Aisha Walker",70991
"David Brown",62756
"Ananya Walker",66915
"Rohit Sharma",86966
"Sophia Singh",84642
"Emily Anderson",76922
"Rohit Singh",70322
"Karen Kumar",80911
"Aisha Singh",94187
"Ananya Johnson",98783
"Leo Gupta",85584
"Olivia Williams",95311
"Ananya Miller",72205
"Rohit Kumar",66055
"Daniel Brown",70520
"Luke Miller",80006
"Ananya Walker",67521
"Rohit Walker",91174
"Nina Singh",83922
"Nina Kumar",61334
"Daniel Thomas",74184
"David Smith",69854
"Leo Anderson",83074
"Leo Kumar",76414
"Linda Johnson",82714
"David Patel",62911
"Linda Iyer",62844
"Leo Sharma",72338
"Luke Thomas",74636
"Rohit Singh",67957
"Nina Williams",79891
"Karen Kumar",78679
"Linda Miller",75677
"Priya Singh",78490
"Rohit Lewis",84706
"Olivia Walker",60764
"Priya Kumar",88881
"Sarah Gupta",82876
"Nina Walker",85717
"Sophia Thomas",60999
"Aisha Anderson",80317
"Linda Miller",79826
"Priya Sharma",65479
"Karen Patel",78542
"Michael Kumar",60889
"Ananya Lewis",82653
"John Taylor",95439
"Michael Singh",79101
"Priya Walker",66413
"Kiran Sharma",93264
"Vikram Williams",95718
"Luke Sharma",80400
"Linda Iyer",85425
"Kiran Kumar",69331
"Luke Brown",68067
"John Kumar",60159
"Leo Davis",62119
"Leo Walker",69384
"Vikram Patel",75698
"Leo Anderson",81348
"Sophia Miller",60019
"Arun Thompson",72803
"Daniel Walker",82906
"Ananya Gupta",74711
"Leo Iyer",92019
"Linda Thomas",74454
"John Johnson",63157
"Ananya Brown",67991
"Leo Singh",61069
"Kiran Thomas",58766
"Nina Thompson",66391
"Michael Davis",62879
"Aisha Thomas",75950
"Daniel Taylor",58538
"John Sharma",65641
"David Smith",79840
"Aisha Smith",99016
"Sophia Gupta",76594
"Emily Thompson",65217
"Olivia Williams",68829
"Karen Brown",76655
"Nina Wilson",67036
"Vikram Walker",75665
"Nina Gupta",67047
"David Johnson",89706
"Sarah Williams",83378
"Ananya Thompson",60983
"Leo Patel",70735
"Sarah Smith",62375
"Arun Sharma",79062
"Karen Williams",66756
"Leo Williams",62039
"Ananya Lewis",67662
"Karen Anderson",69233
"Arun Davis",71568
"Arun Thompson",70824
"Karen Anderson",95567
"Emily Lewis",62540
"Sarah Anderson",85783
"Sarah Gupta",72203
"Aisha Sharma",70806
"Linda Williams",65268
"Linda Walker",94985
"Sarah Thomas",67879
"Sophia Thomas",68287
"Linda Wilson",87321
"Karen Lewis",72157
"Kiran Miller",85972
"Leo Smith",73786
"Linda Singh",69356
"Nina Smith",64776
"Luke Davis",68252
"Leo Johnson",62964
"Vikram Davis",69770
"Karen Miller",75774
"Sophia Wilson",78306
"Nina Miller",73253
"Sophia Singh",78822
"Arun Johnson",63717
"Rohit Thompson",60385
"Arun Walker",71496
"Linda Wilson",60305
"Emily Sharma",82083
"Aisha Smith",74485
"Vikram Thomas",65812
"David Thomas",76988
"David Iyer",69323
"Olivia Davis",69613
"Kiran Brown",78903
"Michael Williams",63065
"John Lewis",89752
"Sophia Gupta",66148
"Sarah Sharma",70141
"Nina Smith",73743
"Sarah Patel",73059
"Arun Davis",67561
"Aisha Miller",73310
"Linda Lewis",58962
"Michael Wilson",91380
"Aisha Smith",73915
"Aisha Wilson",59565
"Rohit Miller",76498
"Priya Anderson",98882
"Sophia Walker",70244
"Linda Gupta",67172
"Daniel Singh",78332
"Michael Anderson",59266
"Olivia Wilson",66673
"Karen Williams",80872
"Rohit Wilson",91918
"Arun Kumar",79582
"Arun Johnson",64744
"David Walker",98506
"Linda Kumar",83383
"Daniel Sharma",73848
"Aisha Johnson",80516
"Olivia Williams",68478
"Aisha Thompson",64874
"Sarah Anderson",82847
"Rohit Gupta",61241
"Kiran Taylor",61013
"Leo Anderson",84388
"Arun Thompson",81494
"Daniel Thompson",60648
"David Miller",60431
"Michael Thomas",68224
"Emily Williams",62292
"Sophia Smith",77623
"Luke Anderson",69532
"Olivia Taylor",71605
"Emily Davis",58661
"Nina Sharma",89251
"John Walker",67938
"Sarah Gupta",88299
"Michael Wilson",63119
"Emily Walker",59202
"Priya Williams",80798
"Luke Anderson",86865
"David Johnson",64356
"Emily Brown",59494
"Vikram Sharma",72258
"Kiran Davis",75940
"John Thomas",76901
"David Patel",63619
"Vikram Patel",60990
"Sarah Iyer",75043
"Michael Brown",85379
"Sarah Davis",96284
"Daniel Singh",73315
"Luke Iyer",88590
"Emily Patel",67973
"Karen Sharma",88177
"Vikram Davis",81265
"Luke Miller",73766
"John Smith",90690
"Karen Lewis",91503
"Rohit Gupta",61434
"Daniel Iyer",70224
"Arun Davis",86840
"Aisha Walker",75200
"Linda Patel",60397
"Karen Walker",59264
"Rohit Davis",96864
"Leo Davis",62806
"Leo Iyer",62603
"Rohit Iyer",79727
"Luke Sharma",83628
"Leo Walker",62716
"Priya Anderson",73922
"Sarah Thompson",91441
"Sophia Lewis",95620
"Aisha Davis",98659
"David Williams",66677
"Aisha Wilson",74980
"Nina Kumar",79554
"Michael Williams",69430
"Karen Thomas",66190
"Aisha Davis",91445
"Michael Patel",97530
"Michael Johnson",73435
"John Kumar",93253
"John Johnson",73542
"Kiran Taylor",92125
"Emily Thomas",70566
"Sarah Kumar",97200
"David Gupta",63270
"Luke Miller",78008
"Sarah Thomas",83812
"Daniel Miller",63152
"Vikram Anderson",75868
"Kiran Kumar",62376
"Priya Thompson",77348
"Ananya Thompson",68361
"Vikram Iyer",76659
"Leo Anderson",74996
"Linda Anderson",61658
"Sarah Walker",62975
"Kiran Anderson",76336
"Olivia Taylor",96786
"Linda Davis",73791
"Sophia Davis",87691
"Rohit Anderson",82107
"Karen Smith",82959
"Arun Patel",71376
"Emily Walker",64724
"Olivia Gupta",71588
"Rohit Walker",70641
"Linda Walker",63606
"Michael Sharma",69499
"Sophia Davis",61404
"Linda Williams",95623
"David Johnson",86016
"Kiran Sharma",70451
"John Brown",74452
"Ananya Thomas",64271
"Luke Smith",77050
"Vikram Williams",62177
"Karen Singh",63751
"Ananya Thompson",92342
"Vikram Thompson",81296
"Luke Johnson",93619
"Linda Walker",80004
"Michael Davis",71454
"Priya Davis",96287
"Priya Thompson",63053
"Luke Lewis",68463
"Nina Miller",76024
"David Johnson",85358
"Sarah Patel",65755
"Linda Thompson",70871
"Emily Sharma",77608
"Karen Brown",87378
"Priya Walker",67645
"Ananya Lewis",66813
"Karen Smith",67774
"Rohit Taylor",77114
"David Anderson",74101
"Karen Smith",62424
"John Taylor",69620
"Nina Brown",70870
"Leo Gupta",59863
"Daniel Thompson",75335
"Nina Gupta",80577
"Luke Lewis",60783
"Emily Sharma",70278
"Linda Williams",79643
"David Williams",72489
"Linda Johnson",90188
"Sophia Singh",90327
"Sarah Wilson",70646
"Nina Smith",79397
"Arun Thomas",63297
"Sophia Thomas",73080
"Ananya Davis",62162
"Arun Gupta",74304
"Priya Kumar",62877
"Olivia Kumar",80350
"Daniel Taylor",83074
"Rohit Lewis",61612
"Ananya Gupta",72174
"Leo Patel",72324
"Luke Lewis",65339
"John Patel",71234
"Leo Patel",60717
"Linda Lewis",85092
"Karen Wilson",99293
"Emily Patel",68835
"John Walker",79787
"Sarah Singh",91668
"John Wilson",65394
"Priya Sharma",75290
"Emily Smith",96116
"Leo Johnson",75296
"Vikram Wilson",60463
"Vikram Thomas",83391
"Daniel Williams",94545
"Rohit Brown",95453
"Karen Davis",99745
"Daniel Anderson",67741
"John Iyer",95273
"Linda Thompson",95257
"Luke Kumar",90426
"Emily Gupta",76627
"Olivia Brown",73048
"Nina Patel",92854
"Nina Williams",61008
"Sarah Wilson",72043
"Aisha Johnson",60238
"Aisha Brown",69985
"Luke Patel",68887
"Sophia Lewis",88232
"Karen Gupta",67277
"Nina Singh",78795
"Michael Taylor",74100
"Aisha Miller",75711
"Emily Thompson",74063
"Sophia Taylor",67747
"Arun Singh",99006
"Aisha Iyer",65559
"Arun Sharma",61694
"Aisha Gupta",80137
"Olivia Williams",74340
"Sophia Walker",65841
"Arun Iyer",73663
"Kiran Wilson",82311
"Aisha Thompson",82342
"Kiran Brown",88160
"Karen Gupta",69066
"Vikram Lewis",74654
"Leo Gupta",61000
"Sophia Johnson",69052
"Ananya Taylor",76563
"Sarah Davis",61375
"John Williams",66690
"Emily Lewis",72813
"Linda Patel",88517
"Michael Williams",63109
"Daniel Kumar",66231
"Leo Iyer",61362
"Olivia Miller",95144
"Linda Walker",59882
"Vikram Sharma",97783
"Priya Sharma",76368
"Sarah Thomas",68917
"Sarah Patel",597917
"Priya Johnson",94650
"Rohit Smith",95538
"Aisha Singh",67879
"Michael Kumar",77208
"Nina Williams",61510
"Leo Gupta",89560
"Arun Gupta",87821
"Sarah Williams",89065
"Daniel Lewis",66854
"Rohit Gupta",75498
"Ananya Johnson",86507
"Karen Johnson",63469
"David Sharma",83103
"Priya Williams",67198
"Nina Davis",59243
"David Singh",80600
"Sophia Patel",59190
"Arun Taylor",83141
"Sarah Sharma",79810
"Emily Thompson",64103
"David Brown",87136
"Sophia Sharma",63543
"Vikram Brown",68529
"Karen Thompson",60070
"Rohit Patel",85791
"Daniel Brown",64211
"Kiran Sharma",74384
"Sarah Anderson",62762
"Ananya Davis",62503
"Sophia Kumar",59374
"Vikram Lewis",65601
"Luke Sharma",94488
"Rohit Williams",75241
"Sarah Wilson",76303
"Vikram Wilson",73147
"Rohit Brown",67071
"Arun Johnson",75723
"Michael Gupta",82677
"Michael Miller",65744
"Leo Taylor",69734
"Rohit Thomas",88989
"Michael Thompson",75017
"Leo Smith",73171
"Sarah Walker",68114
"Leo Taylor",60073
"Rohit Thomas",67705
"Olivia Gupta",61677
"Ananya Brown",62967
"Kiran Taylor",60242
"Daniel Williams",65008
"Linda Smith",72679
"Priya Smith",77109
"Daniel Gupta",77335
"Michael Gupta",73827
"Kiran Williams",71693
"Arun Singh",78098
"Daniel Wilson",61051
"Luke Sharma",59228
"Rohit Walker",62803
"Kiran Patel",59533
"Arun Sharma",61712
"John Sharma",62635
"Leo Sharma",75377
"Priya Iyer",75369
"Luke Williams",70014
"Sarah Lewis",74439
"Priya Brown",71834
"Sophia Thomas",63083
"Vikram Lewis",69624
"Nina Patel",60739
"John Singh",96156
"Kiran Gupta",76588
"Sophia Smith",85647
"John Thomas",60873
"Emily Wilson",66134
"Linda Anderson",90244
"Olivia Wilson",81890
"Kiran Williams",78251
"Nina Singh",87781
"Karen Miller",76948
"Linda Anderson",67018
"Leo Smith",82753
"Sophia Wilson",63974
"Arun Thompson",68455
"Michael Davis",71404
"Rohit Lewis",70078
"David Williams",75650
"Aisha Walker",61739
"Michael Patel",88186
"Emily Sharma",78961
"Daniel Smith",67041
"David Williams",94347
"John Patel",66756
"Leo Singh",74252
"Rohit Thompson",89427
"Emily Thomas",80214
"Aisha Gupta",66778
"Karen Gupta",70291
"Sarah Brown",82089
"Nina Thomas",62372
"Arun Thompson",58925
"Vikram Miller",84421
"John Miller",67551
"Aisha Singh",68141
"Rohit Brown",95196
"Luke Smith",81341
"John Anderson",82022
"Sophia Thompson",81293
"Luke Thomas",80583
"Leo Anderson",58631
"Ananya Gupta",68858
"Kiran Johnson",67004
"Sophia Thompson",58883
"Priya Smith",63443
"Ananya Wilson",72987
"Leo Williams",73882
"Michael Anderson",82301
"Priya Singh",78354
"Sarah Brown",67731
"Karen Singh",97887
"Karen Wilson",95125
"Karen Taylor",74506
"Kiran Gupta",70123
"Karen Smith",96780
"Michael Iyer",81143
"Sophia Thompson",72965
"Leo Walker",94401
"Sarah Kumar",67931
"Arun Kumar",88016
"Karen Wilson",96028
"Karen Miller",79410
"David Smith",84338
"Nina Williams",73757
"Ananya Smith",79007
"Sophia Anderson",60228
"Karen Davis",98433
"Kiran Singh",69063
"John Iyer",69985
"Karen Brown",81039
"Sarah Johnson",83607
"Karen Davis",60464
"David Thompson",61629
"Michael Thompson",93861
"Linda Taylor",60398
"Luke Thomas",77625
"Luke Smith",83241
"Sarah Gupta",75064
"Daniel Thompson",89488
"Ananya Sharma",73088
"Arun Brown",64794
"Sophia Brown",92749
"Rohit Brown",71240
"Sophia Brown",88580
"Luke Davis",85710
"Arun Kumar",68058
"Nina Thomas",69288
"Linda Lewis",74605
"Michael Wilson",85434
"Sarah Walker",94955
"Rohit Patel",64474
"David Brown",66299
"Daniel Lewis",67483
"Olivia Thompson",64012
"Emily Anderson",94810
"Leo Brown",59722
"Olivia Walker",59715
"John Iyer",74498
"Luke Davis",63947
"Kiran Kumar",78471
"John Singh",71879
"Kiran Gupta",74750
"Daniel Taylor",96728
"Aisha Lewis",62918
"Karen Kumar",86216
"Aisha Thomas",97031
"Rohit Thompson",98924
"Luke Patel",76188
"Nina Thomas",62262
"Rohit Anderson",70483
"David Kumar",97702
"Luke Patel",68180
"Karen Thomas",65382
"Nina Brown",61434
"Luke Miller",70592
"Rohit Johnson",60332
"John Johnson",90517
"Sarah Thompson",74544
"Sarah Johnson",66704
"Karen Iyer",68271
"Michael Thompson",68679
"Kiran Singh",96989
"Vikram Sharma",86978
"Arun Kumar",62044
"Olivia Walker",88580
"Kiran Sharma",59432
"Luke Miller",95957
"Emily Thompson",78463
"Aisha Smith",79754
"Leo Patel",60915
"Linda Lewis",64656
"Nina Lewis",65784
"Luke Wilson",60014
"Leo Williams",69426
"Karen Sharma",59488
"Sophia Taylor",73116
"Ananya Thomas",80422
"Linda Iyer",60226
"Vikram Smith",64129
"Rohit Brown",70514
"John Lewis",66928
"Linda Walker",80210
"Emily Sharma",69399
"Emily Lewis",63098
"Sophia Williams",79384
"Arun Davis",80823
"Aisha Gupta",85031
"Linda Thompson",59377
"Emily Singh",92195
"Nina Walker",76294
"Arun Williams",95756
"Olivia Taylor",64148
"Rohit Davis",72321
"Vikram Smith",82407
"Linda Johnson",71397
"Luke Kumar",85362
"Karen Patel",72804
"David Walker",74646
"Kiran Smith",88574
"Michael Lewis",84715
"David Gupta",67089
"Aisha Thompson",62023
"Vikram Williams",72004
"Michael Thomas",75667
"John Sharma",67167
"Priya Singh",59969
"David Thomas",67718
"Leo Iyer",71596
"Aisha Sharma",64566
"Karen Kumar",83642
"Rohit Iyer",98682
"Vikram Sharma",64807
"Kiran Johnson",87257
"Michael Williams",68266
"Michael Johnson",96397
"Nina Davis",97458
"Ananya Thompson",66857
"Arun Miller",60545
"Ananya Johnson",63110
"Vikram Brown",88094
"Luke Anderson",73074
"Arun Sharma",67494
"Ananya Kumar",88203
"Karen Taylor",63908
"Luke Iyer",72903
"Rohit Smith",98870
"Daniel Wilson",87386
"Aisha Brown",75590
"Daniel Brown",81108
"Kiran Williams",92790
"Luke Lewis",73941
"Nina Miller",72437
"Daniel Iyer",69184
"David Johnson",67003
"Ananya Sharma",81435
"Nina Gupta",75528
"Nina Thompson",88275
"Vikram Miller",83827
"Priya Davis",87012
"Sarah Kumar",63879
"Kiran Kumar",77114
"Linda Wilson",84973
"Emily Davis",76521
"Linda Sharma",70891
"Linda Patel",65894
"Leo Patel",80777
"Olivia Johnson",71824
"Olivia Smith",89472
"Aisha Iyer",69930
"Vikram Kumar",70913
"Sophia Gupta",64959
"Daniel Iyer",66852
"Leo Brown",99013
"Leo Gupta",60474
"David Sharma",62855
"Leo Davis",89100
"Arun Kumar",99610
"Rohit Wilson",72920
"Luke Miller",83432
"Daniel Singh",59789
"Aisha Williams",82334
"Kiran Sharma",70909
"Rohit Sharma",63544
"Emily Iyer",82080
"Sophia Anderson",67340
"Arun Thompson",81217
"Leo Miller",75001
"Kiran Miller",59085
"John Johnson",95330
"Olivia Singh",89199
"Emily Gupta",58804
"Sophia Lewis",68294
"Aisha Thompson",87056
"Sophia Gupta",93842
"Leo Walker",97172
"John Miller",82370
"Arun Walker",67160
"Daniel Walker",97096
"Rohit Gupta",96211
"Leo Brown",67232
"Priya Taylor",93399
"Michael Davis",62113
"Kiran Walker",64235
"Nina Miller",76152
"Rohit Miller",81932
"John Patel",63459
"Michael Patel",83742
"Leo Thompson",90815
"Luke Gupta",93653
"John Williams",97305
"Daniel Sharma",87289
"Sarah Anderson",60328
"Ananya Kumar",67645
"Kiran Anderson",94012
"Emily Anderson",65403
"Olivia Smith",79995
"Ananya Singh",89707
"Vikram Davis",73963
"Leo Davis",61987
"Daniel Gupta",93668
"Emily Thomas",85200
"Emily Lewis",67283
"John Thompson",91571
"Linda Walker",75653
"Leo Walker",98113
"Aisha Wilson",60514
"Priya Davis",74289
"Nina Johnson",70649
"Vikram Taylor",75302
"Daniel Miller",98997
"Nina Brown",64707
"Sophia Miller",67483
"David Williams",92826
"Michael Taylor",62525
"Kiran Taylor",62795
"Kiran Smith",74890
"Priya Miller",73632
"Luke Sharma",81111
"Daniel Walker",75817
"Ananya Iyer",71211
"Linda Lewis",98641
"Arun Anderson",96243
"Nina Iyer",80801
"Luke Davis",67384
"Luke Singh",87104
"Aisha Taylor",64433
"David Wilson",68481
"Leo Smith",81756
"Emily Smith",66359
"Priya Wilson",63319
"Arun Patel",64811
"Michael Thompson",83288
"Sophia Singh",71299
"Vikram Smith",68403
"Sarah Williams",81462
"Michael Taylor",68326
"Olivia Singh",83690
"John Davis",96238
"Emily Singh",67642
"David Thomas",81275
"Sarah Patel",70445
"John Kumar",82065
"David Brown",78137
"Kiran Thompson",76232
"Nina Johnson",62605
"Rohit Lewis",60536
"Priya Miller",86420
"Linda Davis",62978
"John Smith",65866
"Nina Brown",67276
"Arun Kumar",95094
"Nina Patel",68439
"John Thomas",78509
"Aisha Wilson",61605
"Daniel Miller",86882
"Karen Wilson",79216
"Ananya Gupta",60487
"Vikram Anderson",89427
"David Wilson",72657
"Olivia Singh",67731
"Karen Miller",72821
"Olivia Miller",64131
"Karen Sharma",65999
"Luke Johnson",73328
"Rohit Miller",85356
"Karen Taylor",86831
"Emily Kumar",95164
"Vikram Anderson",61215
"Michael Iyer",73021
"Leo Brown",66687
"Emily Gupta",85629
"Karen Brown",99682
"Priya Smith",61818
"Arun Thompson",93864
"Olivia Thomas",83793
"Emily Wilson",76742
"Aisha Lewis",74444
"Daniel Patel",83132
"Priya Patel",70306
"Nina Davis",95994
"David Taylor",80185
"Arun Anderson",62380
"Emily Johnson",83439
"John Johnson",75306
"Arun Iyer",69989
"Michael Gupta",77905
"Luke Iyer",77193
"Rohit Wilson",61364
"Vikram Anderson",80200
"John Patel",83580
"Rohit Patel",91365
"Sarah Brown",59269
"Michael Walker",65762
"Karen Taylor",65373
"Nina Anderson",70787
"Michael Brown",73291
"Luke Iyer",61823
"Vikram Williams",84441
"Daniel Walker",77757
"Priya Johnson",60689
"Arun Iyer",78242
"Nina Walker",93804
"Rohit Singh",71297
"Sarah Thomas",92842
"Vikram Thomas",74260
"Michael Patel",60720
"Leo Brown",59718
"Kiran Miller",61727
"Aisha Brown",73651
"Olivia Taylor",88334
"David Gupta",91367
"Arun Walker",96952
"Michael Patel",59137
"Sarah Singh",86255
"Kiran Johnson",79957
"Ananya Lewis",89167
"Luke Miller",65483
"Vikram Thompson",72051
"Priya Iyer",83549
"Rohit Miller",59210
"Aisha Thomas",69344
"Luke Wilson",92911
"Rohit Gupta",75131
"Daniel Gupta",84332
"Ananya Miller",82176
"Olivia Sharma",84202
"Karen Davis",76902
"Emily Brown",95969
"Sarah Wilson",91225
"Daniel Lewis",88446
"John Gupta",60066
"Karen Walker",59524
"Sophia Smith",94614
"Sophia Thompson",60201
"Linda Wilson",86470
"Nina Taylor",63162
"Karen Taylor",67563
"Leo Brown",95560
"Leo Smith",58890
"John Taylor",84298
"Michael Johnson",67257
"Aisha Gupta",82438
"Karen Walker",62071
"Linda Smith",80410
"Karen Johnson",70576
"Vikram Davis",79480
"Olivia Smith",66407
"Ananya Smith",67269
"Michael Thomas",91720
"Ananya Lewis",87707
"Sarah Singh",69117
"Priya Miller",83717
"Sophia Johnson",87719
"Arun Singh",95666
"Kiran Patel",84816
"Luke Thomas",67315
"Linda Smith",66953
"Linda Lewis",61278
"Linda Anderson",80692
"Michael Miller",77998
"John Gupta",76018
"Michael Wilson",64655
"Linda Miller",87998
"Priya Patel",79083
"Ananya Anderson",60612
"Vikram Gupta",58473
"Kiran Miller",90644
"Priya Singh",81505
"Rohit Patel",61199
"John Smith",73643
"Linda Gupta",78022
"Karen Lewis",90722
"Ananya Williams",60472
"Luke Patel",65858
"Priya Brown",77047
"David Sharma",82649
"Sophia Thompson",74097
"Rohit Anderson",65373
"Priya Taylor",94531
"Aisha Gupta",74302
"Sarah Wilson",93723
"John Anderson",87685
"Linda Singh",61113
"Daniel Kumar",84103
"Kiran Brown",75132
"Sophia Thomas",80171
"Karen Brown",74869
"Arun Singh",81614
"Vikram Davis",69900
"Leo Singh",71995
"Daniel Wilson",63939
"Vikram Thomas",92728
"Emily Patel",83832
"Priya Singh",69553
"Luke Singh",89790
"Rohit Lewis",68320
"Arun Taylor",62060
"Rohit Johnson",67674
"Michael Singh",97149
"Ananya Anderson",97215
"Karen Lewis",69275
"Sarah Patel",59153
"Vikram Miller",68205
"Kiran Davis",70812
"David Johnson",73041
"Ananya Gupta",79969
"Sarah Brown",78802
"Leo Singh",65524
"Karen Sharma",79644
"Aisha Walker",80738
"Leo Wilson",79080
"Emily Miller",66320
"Vikram Smith",99784
"Leo Williams",81409
"Leo Walker",92369
"John Kumar",68672
"Sarah Brown",59745
"Kiran Thompson",97200
"Luke Singh",61994
"Luke Johnson",84752
"Vikram Brown",61616
"Ananya Sharma",61278
"Michael Singh",77661
"Luke Anderson",73671
"Ananya Wilson",65152
"Rohit Taylor",72255
"Daniel Miller",67536
"Sarah Lewis",94781
"Ananya Thompson",66782
"Sarah Johnson",65634
"Vikram Davis",67969
"Kiran Anderson",69361
"David Williams",94708
"Sophia Singh",76779
"David Iyer",68237
"Karen Thompson",78599
"Linda Kumar",66811
"Michael Davis",64342
"Arun Miller",62955
"Aisha Thompson",82013
"Emily Iyer",77481
"David Taylor",67691
"Kiran Williams",67368
"Luke Davis",70360
"David Wilson",88316
"Kiran Iyer",85390
"Michael Sharma",75126
"Nina Lewis",82261
"Sarah Lewis",74687
"Vikram Thompson",80193
"Olivia Williams",95353
"David Patel",63830
"Sophia Thompson",76788
"Vikram Taylor",62704
"Daniel Walker",99642
"Linda Walker",93575
"Linda Wilson",62528
"Kiran Sharma",68559
"John Walker",82855
"Olivia Sharma",72762
"John Davis",69799
"Leo Thompson",81815
"Sarah Sharma",78871
"Luke Smith",81146
"David Lewis",82839
"Sophia Gupta",63506
"Luke Sharma",63657
"Ananya Johnson",74421
"Michael Iyer",65059
"Michael Williams",65330
"Ananya Iyer",82005
"Kiran Smith",88883
"Vikram Johnson",76980
"Linda Kumar",63396
"Luke Johnson",58638
"Sophia Johnson",76077
"Olivia Thompson",89675
"Leo Johnson",77291
"Kiran Brown",97971
"Arun Williams",67789
"Ananya Johnson",69192
"Rohit Gupta",78860
"Emily Anderson",86323
"Olivia Brown",82737
"Emily Patel",86447
"Olivia Wilson",64604
"Sophia Smith",80147
"Daniel Iyer",90044
"Rohit Wilson",65340
"Sophia Kumar",65492
"Ananya Singh",59098
"Nina Wilson",95492
"Aisha Smith",98042
"David Sharma",87588
"Leo Taylor",72549
"Luke Sharma",64341
"John Thompson",93449
"Luke Sharma",61800
"Aisha Brown",67785
"Linda Patel",74212
"Priya Sharma",72969
"Michael Lewis",61413
"Kiran Kumar",75293
"John Walker",86952
"Sophia Sharma",79862
"Karen Taylor",80863
"Michael Anderson",79266
"David Patel",61487
"Luke Kumar",92696
"Kiran Kumar",90990
"Rohit Kumar",64900
"Aisha Taylor",98130
"David Iyer",75037
"Rohit Taylor",94542
"Olivia Walker",87351
"Vikram Walker",59360
"Sophia Miller",61832
"Michael Thomas",76584
"David Miller",62991
"Vikram Iyer",91146
"David Anderson",88986
"Olivia Anderson",68264
"David Walker",82923
"Daniel Williams",73800
"Olivia Sharma",59158
"Sophia Sharma",78978
"Leo Williams",83673
"Daniel Taylor",71811
"Nina Gupta",90915
"Sarah Lewis",74096
"Kiran Walker",63070
"David Gupta",65767
"Aisha Singh",63766
"Leo Thompson",63754
"Leo Walker",70966
"Olivia Thompson",59651
"David Lewis",96709
"Michael Sharma",94685
"Arun Thompson",69203
"David Miller",65722
"Sarah Patel",84633
"Linda Taylor",97805
"Sophia Kumar",81643
"Daniel Sharma",72129
"Vikram Johnson",73899
"Sarah Taylor",63274
"Aisha Anderson",82910
"Sarah Walker",66369
"Luke Davis",83322
"Michael Davis",73942
"Aisha Kumar",85535
"Emily Thompson",66499
"John Taylor",94756
"Daniel Sharma",62013
"Ananya Taylor",77555
"Luke Taylor",62900
"Daniel Thompson",64822
"David Thomas",76830
"Rohit Sharma",66164
"Linda Kumar",60775
"Vikram Taylor",61345
"Arun Thompson",80441
"Emily Lewis",67060
"Rohit Smith",64019
"Nina Miller",65200
"Priya Anderson",63966
"Emily Miller",75737
"Daniel Smith",75000
"Priya Kumar",75028
"Daniel Miller",85324
"Karen Anderson",65128
"Sarah Williams",99619
"Priya Miller",63938
"Kiran Johnson",70025
"Sophia Gupta",92162
"Aisha Sharma",94141
"Karen Johnson",71620
"Sarah Walker",95612
"Daniel Johnson",71953
"Linda Thomas",70551
"Ananya Thompson",85827
"Aisha Wilson",75688
"Olivia Williams",85457
"John Brown",90872
"Rohit Patel",77038
"Kiran Miller",71774
"Ananya Thomas",72018
"Leo Gupta",91275
"Leo Johnson",85518
"John Anderson",59355
"Arun Sharma",84096
"Aisha Sharma",60907
"John Thomas",67355
"David Singh",60338
"Luke Brown",75053
"Priya Iyer",67368
"Ananya Singh",80719
"Luke Lewis",76016
"Michael Gupta",96691
"Leo Walker",66963
"Priya Wilson",83698
"Luke Smith",96076
"Olivia Sharma",95179
"Luke Kumar",80719
"Aisha Kumar",73168
"John Kumar",58635
"Michael Thomas",90263
"John Miller",92117
"Kiran Wilson",62514
"Sarah Thompson",58726
"Vikram Brown",93397
"Rohit Miller",86055
"Karen Davis",67186
"Leo Thompson",64009
"Linda Kumar",62429
"Ananya Iyer",81623
"Luke Taylor",88739
"Arun Wilson",70705
"Karen Johnson",66431
"Arun Anderson",69310
"Ananya Anderson",58678
"Rohit Anderson",81629
"Olivia Iyer",62057
"Rohit Thompson",95128
"Priya Kumar",78605
"Michael Lewis",79632
"Luke Davis",77402
"Linda Thompson",59869
"Sophia Sharma",78079
"Leo Lewis",97080
"Kiran Taylor",72278
"Linda Johnson",74354
"David Iyer",72575
"Nina Davis",62061
"Aisha Gupta",83860
"Luke Brown",71484
"Sophia Thompson",61507
"Daniel Patel",74366
"Luke Gupta",74860
"Linda Wilson",70151
"Ananya Iyer",67343
"Vikram Wilson",83238
"Sarah Singh",79253
"Rohit Wilson",66960
"Aisha Patel",60810
"John Williams",61817
"David Davis",69909
"Ananya Sharma",88466
"Sophia Gupta",71531
"Leo Iyer",64965
"Priya Anderson",62093
"Michael Walker",66959
"Luke Walker",87586
"Luke Williams",59391
"Leo Singh",79036
"Sophia Gupta",89856
"David Brown",59850
"Karen Smith",64309
"Aisha Brown",87192
"Vikram Kumar",59043
"Luke Brown",69154
"David Smith",59600
"Michael Iyer",96546
"Emily Kumar",91818
"David Sharma",83379
"Priya Thompson",64972
"John Johnson",70013
"Sarah Lewis",71811
"Olivia Sharma",82241
"Olivia Walker",91862
"Leo Thompson",76343
"Daniel Gupta",59237
"Ananya Davis",89313
"David Davis",64238
"Karen Miller",77054
"John Smith",62252
"Ananya Davis",82274
"Rohit Gupta",90473
"Ananya Wilson",73727
"John Kumar",75633
"Ananya Davis",80948
"Leo Miller",98483
"Vikram Kumar",72756
"Ananya Taylor",74379
"Sarah Kumar",88292
"Sarah Wilson",652806
"Daniel Lewis",60966
"Rohit Kumar",58619
"Leo Thomas",77364
"John Singh",61834
"Karen Singh",60306
"Priya Lewis",69167
"Sophia Iyer",90666
"Arun Gupta",79816
"Arun Singh",97472
"Ananya Iyer",76999
"Luke Singh",70709
"David Smith",72698
"Sophia Taylor",82791
"Karen Smith",69150
"Olivia Lewis",84393
"Daniel Johnson",59332
"Daniel Smith",72620
"Kiran Walker",68462
"Nina Miller",74337
"Arun Patel",75267
"Michael Walker",81862
"Vikram Iyer",70124
"Rohit Wilson",74419
"Michael Walker",82514
"Aisha Wilson",67145
"Vikram Thomas",67122
"Olivia Williams",95993
"Nina Davis",70000
"Ananya Miller",83089
"Luke Brown",70177
"Sarah Wilson",64701
"Linda Brown",65102
"Sarah Thompson",74250
"Michael Williams",82005
"Karen Davis",81018
"Daniel Sharma",82871
"Karen Smith",69787
"Daniel Brown",96489
"Kiran Wilson",93697
"Michael Smith",92905
"Arun Singh",69496
"Arun Brown",65794
"Kiran Kumar",70744
"Michael Singh",84202
"Nina Walker",74647
"Sarah Thomas",76751
"Linda Singh",67580
"Vikram Davis",67020
"Linda Singh",75511
"Olivia Patel",81458
"David Patel",60024
"Leo Johnson",68651
"Nina Iyer",66083
"Sophia Smith",62541
"Kiran Kumar",99017
"Nina Kumar",98827
"Emily Thomas",65749
"Kiran Thompson",94789
"Luke Davis",85611
"Linda Johnson",75783
"Vikram Thompson",59068
"Karen Walker",83528
"Kiran Walker",70043
"Daniel Thomas",66149
"Michael Gupta",80251
"Karen Taylor",85406
"Ananya Williams",58653
"Rohit Wilson",90683
"Ananya Lewis",79208
"Leo Wilson",63411
"Sophia Lewis",70007
"John Williams",64939
"Kiran Thompson",58976
"Rohit Singh",73228
"Emily Johnson",69669
"Arun Brown",71842
"Rohit Taylor",91169
"Sarah Sharma",84451
"John Kumar",64651
"Michael Anderson",65350
"Daniel Miller",60373
"John Taylor",98451
"Rohit Gupta",88555
"Priya Anderson",88818
"Michael Smith",70310
"Vikram Johnson",86417
"Michael Wilson",93784
"Emily Iyer",70267
"Leo Sharma",92489
"Luke Sharma",74990
"Linda Miller",65715
"Linda Wilson",60323
"Aisha Anderson",92665
"David Walker",66644
"Michael Brown",74467
"Arun Thompson",61070
"Nina Davis",95655
"Karen Singh",77962
"Karen Miller",77346
"Sophia Iyer",93760
"Daniel Taylor",87304
"Priya Patel",83541
"Rohit Walker",63398
"Sophia Brown",91145
"Luke Sharma",69696
"Leo Sharma",73758
"Kiran Johnson",69290
"David Gupta",73931
"Rohit Singh",74441
"John Sharma",93110
"Leo Brown",80066
"John Wilson",81747
"Leo Williams",65034
"Priya Kumar",60424
"Rohit Brown",69888
"Kiran Sharma",76416
"Vikram Brown",89413
"Luke Gupta",83306
"Sarah Taylor",98490
"Luke Smith",82368
"David Smith",76062
"John Davis",83708
"Olivia Davis",59965
"Emily Davis",94782
"Vikram Thompson",63300
"David Patel",74284
"Michael Smith",70645
"David Iyer",68237
"Sophia Thomas",66057
"Karen Smith",81238
"Rohit Walker",74216
"John Davis",65272
"Aisha Thompson",91678
"Linda Patel",81071
"Rohit Taylor",65607
"Daniel Kumar",75690
"Luke Thomas",64334
"Olivia Davis",79502
"Daniel Smith",60489
"Vikram Lewis",76388
"John Lewis",74172
"Sophia Brown",62174
"Priya Walker",89580
"Karen Johnson",59120
"David Anderson",59500
"Aisha Patel",96158
"Leo Anderson",71900
"Karen Kumar",78181
"Priya Wilson",89346
"Emily Sharma",75964
"Luke Singh",74618
"Karen Singh",80404
"Priya Gupta",61332
"Sarah Thomas",88725
"Karen Iyer",83896
"Nina Lewis",98147
"Priya Sharma",75243
"Emily Williams",71029
"Karen Miller",82800
"Sophia Patel",64776
"John Singh",63548
"Karen Anderson",83504
"Sarah Wilson",69150
"Kiran Taylor",73381
"Sarah Walker",64430
"Ananya Wilson",58919
"Vikram Davis",78663
"Leo Taylor",65071
"Linda Sharma",69868
"Priya Singh",62180
"David Lewis",66240
"Kiran Gupta",60082
"David Iyer",96858
"David Williams",64189
"Arun Smith",74633
"Michael Taylor",88620
"Leo Walker",70205
"Michael Taylor",64979
"Sarah Thompson",62794
"Rohit Sharma",78409
"Linda Sharma",79966
"John Singh",62306
"Emily Miller",69929
"Leo Walker",65596
"Daniel Sharma",89761
"Luke Thompson",69471
"Olivia Iyer",67194
"Daniel Gupta",79243
"Aisha Lewis",73465
"Emily Davis",77517
"Emily Lewis",63406
"Emily Thompson",67714
"Arun Thomas",75490
"Olivia Lewis",87093
"Priya Singh",67821
"Aisha Patel",68466
"Leo Miller",78596
"Nina Davis",86853
"Olivia Davis",86324
"John Walker",73901
"Sophia Brown",75001
"Linda Patel",65598
"Linda Walker",80111
"Ananya Gupta",77527
"Michael Wilson",93929
"Nina Anderson",73083
"Daniel Anderson",70382
"Kiran Patel",75215
"Ananya Kumar",58901
"Rohit Johnson",61066
"Luke Sharma",77628
"David Smith",94147
"Leo Lewis",77667
"Leo Thompson",59783
"Priya Thomas",63279
"Nina Patel",80922
"Ananya Thompson",80518
"Karen Iyer",76878
"Michael Gupta",66595
"Ananya Patel",84863
"Luke Thomas",98981
"Linda Kumar",70754
"Rohit Smith",67923
"Aisha Williams",67914
"Emily Taylor",81663
"Ananya Iyer",63514
"Nina Wilson",70740
"Priya Smith",76002
"Arun Miller",76083
"Michael Taylor",58882
"Nina Williams",95443
"Aisha Smith",85869
"Olivia Singh",72126
"Ananya Anderson",79938
"Karen Patel",93416
"Kiran Anderson",72003
"Olivia Thomas",82428
"Rohit Wilson",84782
"Michael Taylor",83890
"Luke Anderson",62861
"Leo Brown",70529
"Arun Iyer",84895
"Aisha Walker",61536
"Ananya Thomas",61004
"Michael Wilson",63783
"Vikram Thomas",70485
"Priya Johnson",85893
"Sophia Thompson",70671
"Kiran Miller",81855
"Aisha Kumar",82966
"Luke Wilson",58731
"Vikram Singh",69258
"Emily Brown",71786
"Ananya Smith",76735
"Olivia Thomas",60488
"Kiran Smith",71958
"John Brown",64035
"Vikram Johnson",87252
"Nina Johnson",94299
"Priya Lewis",91203
"Michael Singh",89932
"Sophia Patel",78353
"John Walker",63404
"Olivia Iyer",80549
"Karen Taylor",93142
"Priya Johnson",90970
"Sarah Anderson",83306
"John Wilson",67149
"John Gupta",83032
"Michael Iyer",72802
"Emily Singh",91458
"Priya Smith",63281
"Aisha Thompson",62634
"Kiran Kumar",69892
"Priya Taylor",74388
"Sophia Miller",76024
"Michael Patel",70895
"Emily Lewis",93321
"Emily Iyer",69287
"Vikram Thompson",70083
"Priya Gupta",74333
"Linda Smith",75657
"Sarah Williams",95096
"Michael Miller",81469
"Leo Walker",69027
"Vikram Brown",99759
"Sophia Iyer",61395
"Rohit Johnson",62888
"Arun Williams",64532
"Sarah Anderson",99843
"Luke Iyer",73290
"John Singh",75521
"Karen Taylor",58773
"Arun Brown",60128
"Daniel Wilson",62918
"Sophia Taylor",73470
"Arun Singh",79617
"David Kumar",72907
"Leo Smith",69453
"Leo Iyer",64538
"Aisha Walker",70801
"David Johnson",64846
"David Thomas",85459
"Leo Williams",84863
"Rohit Singh",61970
"Kiran Brown",65647
"Ananya Gupta",86200
"Kiran Thompson",64407
"Michael Singh",67238
"Priya Singh",86447
"Vikram Miller",63486
"Vikram Thompson",64797
"Aisha Singh",92086
"Karen Kumar",92508
"Vikram Brown",91766
"John Thompson",85811
"Linda Thompson",77677
"Aisha Smith",75474
"John Miller",67594
"Kiran Singh",59078
"Emily Thompson",61052
"Emily Miller",68976
"Rohit Miller",71669
"Arun Lewis",64196
"Sophia Brown",59205
"John Taylor",77160
"Vikram Miller",81264
"David Miller",76231
"Rohit Lewis",63598
"Arun Kumar",59345
"Vikram Walker",85348
"Leo Iyer",77117
"Linda Walker",93702
"David Thomas",59695
"Aisha Miller",68021
"Rohit Walker",72311
"Nina Smith",64718
"Sophia Gupta",73989
"John Thompson",78593
"Priya Patel",87565
"Nina Anderson",67366
"David Thompson",73580
"Priya Williams",78020
"Nina Iyer",85740
"Ananya Anderson",65238
"Luke Thompson",74061
"David Wilson",83012
"Luke Johnson",58835
"Karen Kumar",88915
"Vikram Iyer",63544
"John Gupta",72120
"Leo Thomas",67012
"Arun Smith",81868
"Sophia Thompson",87223
"Priya Thomas",76539
"Kiran Thomas",83400
"Linda Davis",60934
"Ananya Johnson",74449
"Rohit Thompson",78810
"Aisha Patel",59089
"Olivia Patel",71407
"John Lewis",60894
"Linda Johnson",69948
"Olivia Singh",63555
"Sarah Brown",60313
"Luke Singh",63728
"Sophia Patel",59465
"Aisha Kumar",60197
"Nina Iyer",94198
"David Brown",74279
"Rohit Patel",78354
"John Wilson",76681
"Nina Taylor",91799
"John Miller",73824
"Nina Lewis",93921
"Priya Williams",62693
"David Miller",73466
"Ananya Gupta",66058
"David Lewis",83843
"Aisha Gupta",79554
"John Wilson",71012
"Sophia Sharma",93238
"Leo Davis",58830
"Ananya Thompson",73513
"Michael Singh",72123
"Nina Thompson",74879
"Priya Brown",99014
"Luke Johnson",66428
"Aisha Smith",89553
"Arun Miller",65422
"Nina Lewis",81067
"Olivia Gupta",81722
"Nina Johnson",77603
"Rohit Anderson",67148
"John Miller",61696
"Arun Gupta",61313
"Ananya Patel",59450
"Linda Brown",60736
"Olivia Williams",63305
"Ananya Miller",74971
"Vikram Smith",66432
"Vikram Thompson",94487
"David Anderson",86484
"Luke Johnson",85207
"Emily Lewis",76011
"David Gupta",65357
"Aisha Anderson",64385
"David Thomas",67163
"Luke Sharma",60810
"Vikram Lewis",63457
"Kiran Taylor",64262
"David Wilson",78042
"Sarah Williams",69341
"Sophia Johnson",65966
"Kiran Walker",73007
"Vikram Patel",65332
"Aisha Kumar",74592
"Emily Brown",82972
"Sarah Sharma",88154
"John Iyer",62946
"Arun Johnson",77223
"Priya Johnson",67799
"Emily Sharma",84730
"Emily Sharma",74891
"Emily Walker",88597
"Leo Lewis",65027
"Kiran Sharma",90148
"Nina Wilson",95620
"Linda Brown",69623
"Sarah Thomas",93743
"Leo Miller",79653
"Vikram Kumar",95495
"Linda Gupta",78299
"Vikram Sharma",82162
"Aisha Wilson",62740
"Aisha Williams",76612
"Leo Iyer",95379
"Luke Lewis",72707
"Kiran Lewis",60362
"Luke Miller",78201
"Arun Miller",86022
"Olivia Davis",90711
"Priya Singh",72183
"Daniel Sharma",68526
"Leo Thompson",68617
"Luke Iyer",78081
"Rohit Davis",89681
"Ananya Gupta",59515
"Daniel Iyer",67379
"Rohit Davis",83392
"Kiran Kumar",68298
"Arun Brown",95058
"Linda Brown",62578
"Luke Sharma",61356
"Karen Williams",81840
"Sarah Thomas",68401
"Linda Iyer",89533
"Rohit Taylor",75919
"Emily Anderson",62655
"John Gupta",59727
"Daniel Wilson",67197
"John Gupta",61165
"Priya Kumar",71970
"Vikram Miller",85324
"Arun Smith",73280
"Leo Williams",65480
"Karen Williams",70210
"Vikram Walker",71211
"Priya Johnson",79364
"Daniel Sharma",97005
"Olivia Sharma",61787
"Arun Davis",63284
"Leo Iyer",61849
"Linda Lewis",89095
"Emily Wilson",71069
"David Anderson",72286
"Leo Gupta",94985
"Ananya Kumar",68640
"Vikram Sharma",67225
"Leo Sharma",70915
"Rohit Thompson",84475
"Olivia Davis",94240
"Sophia Gupta",61975
"Olivia Taylor",93059
"Arun Davis",85313
"Nina Lewis",66348
"John Patel",58802
"Sarah Thomas",79640
"Vikram Williams",94112
"Linda Walker",58856
"Linda Anderson",61370
"Aisha Taylor",71315
"Karen Wilson",68493
"Aisha Smith",69028
"Sarah Smith",61876
"Vikram Patel",68806
"Ananya Miller",73045
"Sarah Smith",61870
"Kiran Wilson",70259
"Michael Miller",61965
"Vikram Thomas",95773
"Arun Gupta",74187
"Priya Taylor",61773
"Olivia Smith",67522
"John Sharma",65228
"Kiran Smith",59259
"Sophia Taylor",62092
"Kiran Thompson",87136
"Luke Johnson",81698
"Sarah Miller",67773
"Karen Thompson",79715
"Emily Patel",82335
"Ananya Lewis",73574
"Priya Wilson",61767
"Michael Anderson",61968
"Karen Williams",77811
"Rohit Thompson",84052
"Linda Patel",89725
"Vikram Walker",93308
"Rohit Brown",68302
"Emily Davis",82106
"Michael Sharma",60637
"Sarah Thompson",64874
"John Taylor",90203
"Luke Patel",63513
"Sophia Miller",68920
"Arun Singh",68678
"John Wilson",99904
"John Thompson",72859
"Luke Brown",59496
"Arun Johnson",90195
"John Thomas",60605
"Nina Taylor",77555
"Kiran Johnson",65003
"Rohit Wilson",69554
"Kiran Thompson",99034
"Michael Anderson",79589
"Sarah Thompson",90503
"Aisha Walker",90599
"Ananya Smith",64849
"Michael Lewis",60866
"Rohit Thompson",65221
"David Wilson",93649
"Sarah Kumar",68856
"Sophia Johnson",72724
"Olivia Kumar",74622
"Arun Taylor",65876
"Sophia Sharma",79699
"Rohit Thompson",74856
"David Anderson",93198
"Michael Smith",84242
"Olivia Wilson",75445
"Kiran Miller",94744
"Linda Lewis",99137
"Rohit Patel",60817
"Daniel Singh",99026
"Vikram Brown",87254
"Priya Taylor",74147
"Leo Gupta",76502
"Karen Johnson",64964
"Vikram Anderson",70322
"Linda Davis",98419
"Nina Thomas",86712
"Priya Walker",71093
"Olivia Kumar",66192
"John Wilson",62027
"Nina Iyer",80132
"Karen Sharma",80542
"Linda Wilson",80638
"Sophia Kumar",67900
"Nina Walker",70173
"Linda Lewis",65605
"Ananya Iyer",90966
"Ananya Gupta",61875
"Olivia Wilson",62048
"Leo Anderson",87535
"Priya Brown",82069
"Karen Wilson",96231
"Priya Lewis",73773
"Kiran Taylor",91764
"John Walker",97506
"Ananya Anderson",63022
"Arun Smith",68102
"Nina Iyer",80371
"John Smith",73945
"Vikram Brown",76058
"Olivia Williams",78168
"Sophia Johnson",63356
"Sarah Thomas",79473
"Arun Miller",72063
"Linda Johnson",67735
"Ananya Gupta",90651
"Emily Wilson",68478
"Ananya Anderson",64287
"Linda Lewis",80173
"David Williams",69995
"Michael Sharma",72936
"Sarah Thompson",88288
"Karen Anderson",78476
"Sarah Miller",85885
"John Lewis",69040
"Sophia Brown",63927
"Kiran Gupta",90038
"Kiran Thomas",98296
"Karen Walker",68594
"Priya Patel",94877
"Daniel Wilson",79342
"Vikram Miller",66246
"Nina Thompson",59471
"Linda Thomas",60648
"Vikram Davis",60645
"Luke Taylor",78891
"Priya Davis",63201
"Emily Williams",70222
"Aisha Davis",61003
"Emily Smith",60448
"Michael Lewis",67057
"Rohit Singh",70453
"Ananya Williams",74256
"Arun Kumar",92478
"John Anderson",80004
"John Miller",77804
"Luke Williams",76800
"John Patel",62146
"Rohit Brown",72667
"Emily Lewis",99239
"Daniel Johnson",68358
"Emily Lewis",83893
"Aisha Davis",67426
"Rohit Walker",83413
"Sophia Patel",61358
"Vikram Lewis",63613
"Luke Patel",81792
"Aisha Kumar",69068
"Linda Patel",72032
"Nina Johnson",78235
"Arun Williams",74235
"Leo Anderson",98553
"John Brown",95346
"Sarah Gupta",89486
"Karen Johnson",71962
"David Lewis",90947
"Emily Lewis",93386
"Michael Johnson",95687
"Karen Gupta",64962
"Emily Iyer",77835
"Sophia Miller",63684
"Arun Singh",75890
"Arun Taylor",88921
"Emily Wilson",659218
"Arun Williams",68005
"Priya Brown",60825
"David Singh",77527
"Luke Williams",84833
"Sophia Lewis",65416
"Priya Brown",64124
"Leo Brown",79973
"Leo Thomas",65005
"Rohit Patel",96507
"Vikram Anderson",79162
"John Anderson",59830
"Karen Johnson",94080
"Daniel Williams",58489
"Ananya Walker",90160
"Michael Anderson",75138
"Karen Kumar",82182
"John Smith",63373
"Luke Singh",61175
"Michael Miller",62736
"Karen Davis",67465
"Arun Williams",96978
"Olivia Smith",79360
"Luke Kumar",67117
"Kiran Gupta",69121
"Olivia Brown",82643
"Nina Davis",82649
"Vikram Thompson",85511
"Sophia Patel",98597
"Priya Johnson",58811
"Michael Iyer",86494
"Olivia Patel",84665
"Kiran Patel",65499
"Sophia Davis",76663
"Luke Walker",82463
"Linda Iyer",69483
"Rohit Kumar",62458
"Vikram Miller",75884
"Karen Thomas",73789
"David Brown",65618
"Vikram Brown",68968
"Rohit Patel",77014
"Sarah Patel",83608
"Michael Kumar",75952
"Vikram Wilson",66427
"Aisha Brown",78058
"Karen Lewis",77561
"David Wilson",63871
"Luke Brown",96647
"Rohit Patel",59939
"David Thomas",85257
"John Thompson",90221
"Sarah Patel",63868
"Sarah Iyer",89384
"John Sharma",74284
"Nina Kumar",60882
"Sophia Johnson",74583
"Luke Sharma",71923
"Rohit Taylor",77763
"Rohit Johnson",66222
"Daniel Sharma",66360
"Michael Miller",74727
"Emily Miller",74584
"Arun Kumar",78714
"John Smith",68854
"Kiran Walker",81859
"Vikram Taylor",89462
"Sarah Brown",87585
"Michael Thompson",61440
"David Patel",59124
"Michael Anderson",65180
"Olivia Sharma",62249
"Daniel Thompson",74419
"Vikram Gupta",90494
"Ananya Brown",64883
"Aisha Thompson",70711
"Sophia Sharma",80679
"Linda Sharma",72663
"David Davis",78307
"Olivia Miller",65009
"Leo Brown",87853
"Sophia Smith",58777
"David Singh",59307
"David Brown",68554
"Vikram Iyer",77553
"Arun Walker",72169
"Karen Johnson",78106
"Nina Taylor",63108
"Kiran Singh",76862
"Karen Lewis",77759
"Luke Davis",98671
"Arun Thomas",74327
"John Thompson",78464
"Leo Gupta",77683
"Emily Thomas",90695
"Sarah Sharma",83299
"Olivia Kumar",59729
"Vikram Singh",73934
"Karen Thomas",97656
"Linda Kumar",75200
"Olivia Kumar",61856
"Arun Davis",71819
"Vikram Gupta",82412
"Aisha Taylor",61282
"David Patel",68927
"Ananya Iyer",71667
"Nina Singh",74781
"Arun Johnson",65483
"Leo Singh",78098
"Arun Walker",90488
"David Sharma",92644
"Michael Brown",65863
"David Iyer",81632
"Rohit Anderson",81428
"Nina Taylor",84131
"Kiran Walker",61776
"Priya Thomas",88638
"Arun Iyer",59416
"Vikram Smith",72700
"John Iyer",71079
"Nina Smith",74073
"Ananya Patel",86805
"David Anderson",81305
"Karen Walker",61776
"Luke Smith",82477
"Sophia Anderson",87523
"Priya Williams",61022
"Rohit Williams",92052
"Linda Sharma",85086
"Nina Anderson",74950
"Michael Thompson",70933
"David Johnson",80247
"Michael Kumar",88091
"Arun Brown",61665
"Emily Smith",82583
"Daniel Davis",91826
"Sophia Johnson",93182
"John Brown",63247
"John Iyer",71597
"Sophia Taylor",83481
"Leo Sharma",87186
"Karen Wilson",68800
"Daniel Williams",77036
"Luke Kumar",64969
"David Singh",67725
"Arun Williams",76618
"Vikram Miller",67488
"Arun Thompson",72346
"Emily Thomas",90834
"Kiran Iyer",64869
"Leo Kumar",97421
"Arun Lewis",63825
"John Gupta",81166
"Kiran Walker",69405
"John Smith",75385
"Daniel Brown",63475
"Nina Thomas",94737
"Olivia Brown",64681
"Linda Patel",61419
"Sophia Patel",59812
"Luke Johnson",67707
"Olivia Smith",68882
"Nina Sharma",61823
"Karen Patel",74006
"Rohit Anderson",62500
"Nina Walker",99255
"Arun Taylor",61221
"Daniel Lewis",74255
"Olivia Singh",64637
"David Thomas",82556
"Daniel Williams",69243
"Leo Anderson",64385
"Olivia Thomas",97309
"Kiran Gupta",89533
"Rohit Taylor",71095
"Priya Brown",73292
"Kiran Davis",65165
"David Smith",59008
"Kiran Lewis",72558
"Vikram Davis",78867
"Nina Johnson",70674
"Priya Singh",75127
"Nina Lewis",78901
"David Anderson",91534
"John Brown",65228
"Priya Gupta",59418
"Kiran Iyer",66007
"Kiran Walker",74753
"Olivia Singh",90763
"John Anderson",63777
"Kiran Singh",73794
"Olivia Thompson",77221
"Michael Iyer",68142
"Michael Davis",84031
"Michael Wilson",91131
"Aisha Lewis",93893
"Ananya Iyer",61599
"Nina Wilson",72575
"Rohit Miller",89680
"Vikram Walker",95912
"Aisha Miller",71041
"Leo Miller",79142
"Sophia Smith",94955
"Olivia Gupta",96888
"John Thomas",90298
"John Williams",63437
"Michael Walker",93653
"John Walker",73009
"Emily Smith",67944
"Sophia Williams",66468
"Arun Gupta",64060
"Priya Brown",74423
"Linda Smith",76132
"Karen Johnson",73569
"Rohit Iyer",66074
"Kiran Williams",86832
"Nina Brown",68081
"Luke Iyer",78989
"Priya Gupta",80453
"Priya Smith",70613
"Daniel Sharma",96227
"Leo Gupta",92767
"Priya Gupta",65718
"Sarah Sharma",66429
"Nina Taylor",81799
"Olivia Thomas",88611
"Sarah Iyer",68760
"Michael Singh",62048
"Sophia Brown",61662
"Ananya Gupta",79191
"Karen Gupta",75241
"Priya Williams",95030
"Priya Taylor",78828
"David Singh",98357
"Ananya Johnson",82832
"Nina Smith",92507
"Luke Iyer",65886
"Sarah Smith",82640
"Kiran Smith",78299
"Michael Brown",65854
"Sarah Anderson",95401
"Vikram Patel",59123
"Emily Singh",82894
"Leo Walker",65769
"Nina Singh",59717
"Daniel Singh",89376
"Sarah Gupta",76100
"Sophia Thomas",76013
"David Wilson",61048
"Luke Miller",67838
"David Smith",63258
"Linda Anderson",65226
"Kiran Patel",77273
"Daniel Kumar",69351
"Leo Davis",74972
"Daniel Thompson",63866
"Daniel Wilson",64171
"Leo Sharma",77138
"Nina Gupta",86759
"Emily Sharma",69980
"Arun Anderson",71735
"Leo Smith",85673
"Rohit Iyer",83068
"David Iyer",63865
"Priya Lewis",98424
"Nina Thomas",64267
"Olivia Wilson",98338
"Luke Thomas",60211
"Aisha Thompson",82065
"Ananya Lewis",69769
"Aisha Kumar",88348
"Michael Kumar",69312
"Nina Wilson",84899
"Luke Taylor",76792
"Nina Iyer",72789
"Linda Johnson",69023
"Vikram Iyer",68816
"Aisha Patel",61134
"Sophia Taylor",63579
"Daniel Thomas",85373
"David Anderson",59311
"Aisha Kumar",66078
"Karen Smith",71475
"Ananya Williams",89462
"John Gupta",64780
"Michael Williams",87733
"Leo Brown",79382
"Kiran Wilson",59015
"Aisha Singh",73781
"Linda Miller",98089
"Emily Kumar",70620
"Priya Miller",59463
"Sarah Thompson",98859
"John Smith",71808
"Michael Thompson",59604
"Leo Davis",63827
"Nina Singh",91431
"Leo Thomas",74770
"Daniel Brown",68864
"David Taylor",85584
"Luke Williams",87097
"Priya Sharma",69727
"Michael Smith",80821
"Priya Sharma",92389
"Leo Taylor",87689
"Michael Kumar",72465
"Ananya Gupta",93227
"Leo Gupta",75106
"John Gupta",59034
"Emily Miller",93139
"Nina Davis",86946
"Michael Miller",67084
"Luke Singh",61248
"Leo Iyer",90278
"Leo Anderson",79626
"Aisha Lewis",62395
"Kiran Sharma",83067
"David Davis",70011
"Daniel Thomas",61762
"Olivia Smith",72705
"Michael Gupta",97297
"Leo Johnson",69235
"Nina Thomas",62989
"Rohit Davis",69270
"Karen Miller",62397
"Nina Williams",75953
"Kiran Thomas",74124
"Olivia Kumar",75320
"Vikram Thomas",61811
"Michael Brown",98307
"Rohit Davis",84434
"Priya Smith",75693
"Karen Gupta",77616
"John Anderson",78664
"Emily Walker",60543
"Arun Anderson",99107
"Aisha Miller",98198
"Vikram Davis",83033
"David Davis",73707
"Olivia Kumar",66941
"Priya Taylor",71537
"Ananya Patel",86761
"Arun Miller",65765
"Kiran Williams",67624
"Priya Iyer",86429
"Arun Miller",71013
"Vikram Thomas",96846
"Arun Taylor",64817
"Karen Singh",95662
"Nina Walker",59453
"Leo Thomas",66982
"John Smith",72488
"John Sharma",70599
"Sophia Lewis",79227
"Olivia Patel",76174
"Michael Sharma",90911
"Emily Thompson",69667
"Luke Lewis",80202
"Daniel Iyer",59056
"Vikram Iyer",94833
"David Johnson",79007
"Michael Thompson",78696
"Rohit Davis",76056
"Vikram Walker",75276
"Priya Gupta",76266
"Emily Walker",62349
"David Kumar",81806
"Ananya Iyer",88131
"Kiran Johnson",73352
"John Singh",98064
"Leo Patel",94044
"Linda Singh",86866
"Arun Kumar",74830
"Daniel Davis",59578
"Priya Lewis",73457
"Sarah Thomas",70949
"Leo Davis",86430
"Michael Brown",82624
"Arun Kumar",79503
"Sophia Singh",69941
"Ananya Thompson",65614
"Priya Kumar",70729
"Michael Walker",76865
"Aisha Patel",78376
"Michael Sharma",98738
"Emily Iyer",66208
"John Patel",73707
"Emily Gupta",94401
"Olivia Wilson",92401
"Emily Singh",81328
"Arun Miller",59401
"Arun Johnson",96106
"Kiran Thomas",65754
"Leo Kumar",66178
"Sophia Smith",85680
"Priya Gupta",94214
"Karen Gupta",86732
"Vikram Brown",81177
"Olivia Wilson",68672
"Vikram Taylor",85904
"Michael Gupta",86241
"Ananya Davis",74564
"Priya Wilson",99203
"Sophia Walker",78760
"Priya Iyer",74390
"David Davis",73251
"Sarah Brown",89856
"Kiran Iyer",87059
"Leo Thomas",58560
"Vikram Lewis",67085
"John Brown",72006
"Rohit Kumar",61435
"Arun Wilson",85692
"Rohit Walker",64144
"David Williams",76041
"Ananya Walker",60194
"Vikram Brown",71015
"Sophia Singh",62265
"Daniel Walker",70952
"Olivia Davis",98366
"Sophia Lewis",60083
"Sarah Singh",74955
"Linda Anderson",77191
"Nina Davis",81614
"Rohit Davis",71583
"Linda Smith",70797
"Vikram Brown",84249
"Luke Smith",89685
"Ananya Williams",67050
"Sophia Lewis",60605
"Sarah Walker",59191
"Arun Miller",68988
"Karen Thomas",59979
"Linda Miller",65508
"Leo Lewis",63228
"Sophia Lewis",65914
"Sarah Brown",65370
"Ananya Johnson",73701
"Kiran Davis",72056
"Olivia Singh",89154
"Ananya Anderson",87003
"Daniel Williams",75433
"Ananya Thomas",83322
"Leo Wilson",82947
"Daniel Kumar",59190
"Linda Walker",68424
"Kiran Wilson",70653
"Sophia Gupta",64001
"Karen Anderson",63754
"Sarah Taylor",93117
"Vikram Patel",58803
"Sarah Thompson",70603
"John Thomas",65631
"Sarah Gupta",78989
"Nina Brown",77285
"Daniel Lewis",82013
"Kiran Thomas",61669
"Aisha Sharma",87433
"David Gupta",87613
"Rohit Sharma",58532
"Linda Gupta",95541
"Luke Walker",71470
"Michael Iyer",62904
"Olivia Gupta",92774
"Daniel Williams",68078
"Rohit Walker",80131
"Ananya Singh",75862
"Daniel Kumar",94344
"Sophia Gupta",79792
"Arun Patel",78020
"Emily Williams",77330
"Karen Smith",76645
"Nina Iyer",87693
"Leo Anderson",76625
"Karen Davis",78285
"Sophia Brown",61656
"Kiran Patel",82809
"Daniel Singh",69185
"Karen Smith",70272
"Leo Smith",67549
"Karen Thomas",60697
"Sarah Johnson",64750
"Sophia Anderson",86969
"Nina Gupta",95131
"Daniel Johnson",83086
"Emily Kumar",68527
"Karen Smith",69823
"John Brown",91861
"John Miller",62402
"Priya Anderson",79275
"Daniel Kumar",97707
"Rohit Kumar",64195
"Rohit Anderson",61650
"Leo Davis",61380
"Priya Taylor",69370
"Linda Davis",88547
"Leo Smith",93127
"Olivia Taylor",84195
"Ananya Smith",75213
"Kiran Williams",59155
"Luke Davis",59524
"Rohit Thompson",65180
"Kiran Miller",80266
"Sophia Sharma",77025
"Sophia Gupta",93519
"Michael Davis",65421
"Rohit Williams",68232
"Sarah Johnson",61043
"Leo Sharma",60805
"Arun Johnson",82989
"Ananya Thomas",93862
"David Anderson",91583
"Rohit Singh",86733
"David Lewis",65043
"Emily Patel",79095
"Leo Thompson",58897
"Priya Wilson",65557
"Kiran Walker",86923
"Emily Lewis",59608
"Daniel Johnson",83196
"David Taylor",62392
"David Singh",82163
"Olivia Singh",88527
"Nina Gupta",77841
"Sarah Thomas",82309
"Arun Anderson",94021
"Sarah Walker",64410
"John Brown",83696
"Ananya Thompson",63244
"Nina Iyer",61072
"Linda Anderson",61821
"Karen Taylor",80198
"Daniel Walker",98497
"Michael Sharma",78696
"Kiran Johnson",62848
"Nina Smith",73486
"Michael Taylor",73899
"Kiran Johnson",63439
"Daniel Anderson",58560
"Linda Miller",78932
"Linda Smith",59214
"Vikram Miller",63153
"Linda Anderson",84108
"Leo Sharma",87947
"Sarah Taylor",58898
"Nina Iyer",69252
"Olivia Miller",62704
"Rohit Williams",66384
"Emily Thompson",84951
"Kiran Thomas",96545
"John Patel",72913
"Aisha Gupta",81839
"Daniel Iyer",66934
"Luke Thompson",63069
"Emily Smith",61066
"Linda Sharma",85925
"David Gupta",66299
"Ananya Thompson",96909
"Nina Taylor",75577
"Priya Thompson",61327
"Ananya Williams",72725
"Kiran Walker",65843
"John Brown",59931
"Aisha Taylor",98250
"Rohit Singh",74012
"Kiran Lewis",62865
"Emily Walker",63001
"Priya Singh",77728
"Leo Iyer",59726
"Vikram Walker",82739
"Kiran Anderson",76852
"Sophia Lewis",80093
"Emily Patel",90696
"Vikram Lewis",69102
"Emily Smith",76893
"David Thompson",82893
"Kiran Davis",60030
"Luke Patel",69559
"Priya Thomas",80132
"Nina Davis",93190
"Ananya Wilson",68652
"Karen Anderson",73023
"Luke Kumar",94336
"Priya Sharma",86885
"Olivia Lewis",62132
"Vikram Taylor",99358
"Leo Miller",95241
"Aisha Sharma",62680
"Nina Sharma",66902
"Priya Patel",75246
"Nina Wilson",71947
"Rohit Singh",69390
"Kiran Miller",67659
"Daniel Williams",73472
"John Walker",99881
"Emily Kumar",80346
"Ananya Lewis",74245
"Priya Brown",61407
"Ananya Thompson",93451
"Emily Walker",91705
"John Thompson",77956
"Rohit Miller",82761
"Leo Smith",69363
"Vikram Walker",70031
"Sophia Williams",81382
"Vikram Miller",71957
"Kiran Davis",67120
"John Taylor",68963
"Nina Lewis",67937
"Rohit Iyer",94096
"Vikram Anderson",59665
"Sarah Kumar",80713
"Luke Davis",83176
"Aisha Iyer",60519
"Priya Wilson",77048
"Arun Kumar",86899
"Nina Smith",59098
"Karen Smith",63908
"Leo Kumar",88848
"Luke Thompson",60960
"John Patel",73185
"Daniel Lewis",69271
"David Kumar",68447
"Aisha Davis",94967
"David Williams",64209
"Vikram Johnson",60632
"Vikram Thomas",99630
"Michael Sharma",60864
"Vikram Sharma",67241
"Aisha Taylor",66407
"Rohit Davis",82719
"Arun Patel",87837
"Sophia Johnson",91949
"Daniel Thomas",86062
"Nina Taylor",89756
"Priya Wilson",58688
"Leo Lewis",63309
"Sophia Gupta",67233
"Sophia Smith",65669
"Olivia Williams",70050
"John Kumar",80987
"Ananya Brown",84880
"David Gupta",76872
"Arun Patel",87682
"Vikram Miller",83807
"Aisha Singh",64043
"Olivia Walker",73013
"Emily Taylor",65018
"Luke Walker",73726
"Priya Wilson",62378
"Karen Smith",66858
"Arun Thompson",72712
"Aisha Wilson",61852
"Vikram Taylor",87989
"Olivia Gupta",61563
"Luke Kumar",60866
"Karen Iyer",85235
"Vikram Kumar",66721
"David Thompson",62978
"Ananya Lewis",93241
"Rohit Brown",72887
"Priya Anderson",68508
"Kiran Taylor",93253
"Aisha Smith",80659
"Aisha Singh",61047
"Sophia Sharma",73463
"Michael Davis",95181
"Ananya Lewis",72819
"Olivia Williams",87314
"Vikram Brown",67334
"Daniel Kumar",66040
"David Sharma",68937
"Luke Thompson",67078
"Arun Gupta",66340
"Luke Williams",96018
"Emily Thompson",76199
"Linda Taylor",60199
"David Lewis",64544
"Emily Kumar",75339
"Arun Patel",70195
"Arun Wilson",62802
"Aisha Sharma",58865
"Linda Walker",83526
"Aisha Lewis",80224
"John Kumar",67622
"Ananya Thomas",59276
"Nina Williams",95904
"Daniel Thomas",58445
"John Patel",65802
"Luke Thompson",92320
"Sarah Thomas",74605
"Nina Miller",65778
"Kiran Thompson",72638
"Olivia Anderson",89700
"Kiran Brown",73363
"Olivia Brown",68204
"Nina Wilson",62350
"Linda Johnson",79739
"Arun Patel",65480
"David Williams",88635
"Nina Patel",70529
"Karen Miller",82389
"Vikram Iyer",59526
"Nina Lewis",64709
"Arun Sharma",62502
"Ananya Miller",79660
"Daniel Patel",78415
"Daniel Thomas",86722
"Karen Davis",74498
"Emily Davis",71116
"Aisha Johnson",75539
"Linda Iyer",83882
"Linda Anderson",60818
"Olivia Gupta",69648
"Ananya Johnson",76809
"Priya Brown",80621
"Rohit Anderson",89103
"Karen Wilson",80774
"Sophia Walker",87951
"Karen Lewis",69612
"Nina Patel",94449
"Daniel Lewis",73818
"David Miller",88375
"John Patel",83962
"Priya Thomas",86102
"Arun Taylor",65459
"Priya Davis",82687
"Karen Thomas",66146
"Arun Miller",89115
"Luke Brown",69738
"Arun Anderson",88181
"Kiran Sharma",80762
"David Patel",76737
"Vikram Kumar",70862
"Priya Wilson",83218
"Ananya Miller",93556
"Sarah Taylor",66117
"Sophia Brown",91927
"Linda Lewis",61058
"David Iyer",63293
"Olivia Wilson",91114
"Luke Sharma",83257
"Leo Taylor",90648
"Aisha Miller",69916
"Linda Sharma",90436
"Linda Wilson",60383
"Linda Anderson",74787
"David Iyer",70901
"Sarah Gupta",60456
"Linda Iyer",72323
"Aisha Wilson",68504
"Sarah Williams",74225
"Emily Thompson",80831
"Daniel Walker",78595
"Sophia Lewis",74058
"Olivia Miller",74191
"Karen Patel",72163
"Sophia Anderson",67868
"Michael Miller",76963
"Sophia Sharma",95721
"Ananya Anderson",88240
"Olivia Walker",64042
"Nina Iyer",75848
"Ananya Patel",86019
"Emily Patel",78229
"Luke Anderson",59492
"David Williams",83057
"Vikram Smith",67452
"Leo Thomas",87094
"Rohit Williams",62607
"Sophia Johnson",97893
"Daniel Taylor",61265
"Arun Kumar",65796
"David Lewis",77147
"Vikram Lewis",88595
"Aisha Patel",74765
"Ananya Miller",72591
"Sophia Brown",72608
"Sarah Sharma",82040
"Emily Brown",89714
"Karen Singh",68231
"Nina Taylor",62431
"Daniel Davis",69759
"Luke Davis",92675
"Vikram Smith",75138
"Linda Patel",79618
"Sophia Sharma",85137
"Karen Anderson",64274
"Leo Iyer",64287
"Vikram Thompson",76628
"Aisha Thomas",95871
"Ananya Iyer",76235
"Kiran Walker",58821
"John Davis",85620
"Vikram Kumar",82857
"David Sharma",71939
"Arun Taylor",79410
"Nina Miller",84478
"Leo Brown",66863
"Emily Iyer",66642
"Leo Lewis",81275
"Emily Kumar",75751
"Leo Walker",76349
"Sarah Gupta",86730
"Aisha Sharma",86483
"Ananya Iyer",77679
"David Davis",80071
"Sophia Anderson",62139
"Leo Walker",81957
"Rohit Thomas",59921
"Aisha Thompson",86367
"John Taylor",69628
"Ananya Brown",88797
"Ananya Brown",88452
"Kiran Thomas",71461
"Karen Walker",90268
"Ananya Wilson",67611
"Emily Patel",76186
"Leo Williams",66591
"Emily Smith",82886
"Olivia Miller",70271
"Karen Brown",82321
"Nina Lewis",74317
"Emily Thompson",74124
"David Taylor",91686
"Aisha Smith",86389
"John Brown",94518
"Linda Walker",96360
"Michael Anderson",82612
"Ananya Gupta",80856
"Emily Thomas",99559
"Olivia Johnson",84990
"Michael Kumar",74734
"Emily Gupta",62628
"Emily Johnson",77878
"Vikram Lewis",60493
"Daniel Kumar",58685
"Daniel Walker",80780
"Priya Davis",69250
"Nina Gupta",84313
"Rohit Johnson",83629
"Michael Miller",75022
"Karen Thomas",63250
"Arun Miller",77384
"Luke Gupta",72730
"Kiran Wilson",74038
"Michael Thomas",81846
"Rohit Walker",68149
"David Miller",95508
"David Kumar",94976
"Luke Johnson",59270
"Ananya Lewis",58437
"Vikram Sharma",62246
"Sarah Iyer",64317
"John Walker",86591
"Leo Patel",69180
"Sophia Gupta",91548
"Leo Anderson",97358
"Linda Singh",68685
"Luke Brown",79438
"Sophia Williams",64694
"Michael Thompson",68572
"Sarah Sharma",58404
"Linda Thompson",64741
"Sarah Wilson",62122
"John Patel",71214
"John Davis",93909
"Luke Kumar",79401
"John Wilson",68130
"Michael Miller",67580
"Aisha Patel",74857
"Ananya Smith",76066
"Leo Johnson",69962
"Karen Gupta",77354
"Kiran Singh",88796
"Arun Kumar",72825
"Ananya Iyer",73243
"Nina Thomas",75801
"Vikram Sharma",76268
"Emily Thomas",88170
"Linda Brown",85116
"Linda Williams",99301
"John Thompson",71099
"Emily Johnson",88095
"John Walker",84886
"Leo Miller",95794
"Michael Wilson",60184
"Arun Smith",83221
"Priya Williams",92861
"Linda Gupta",72078
"Daniel Smith",87201
"Nina Thomas",73975
"John Davis",65913
"Aisha Walker",74416
"Aisha Sharma",62320
"Sarah Thomas",83209
"Kiran Thompson",95215
"Rohit Thomas",64285
"Priya Walker",61474
"Aisha Lewis",63962
"Kiran Gupta",94533
"Rohit Thompson",95646
"Arun Lewis",77135
"John Lewis",67932
"David Williams",94591
"Nina Lewis",82003
"Sarah Sharma",71515
"Kiran Taylor",68501
"Priya Taylor",64442
"Ananya Sharma",95306
"Ananya Sharma",76672
"Vikram Johnson",78896
"Ananya Davis",58921
"Luke Davis",89449
"John Sharma",65724
"Linda Iyer",59616
"Sarah Smith",87917
"Daniel Kumar",75334
"Emily Walker",60944
"Arun Brown",79305
"Linda Smith",84899
"Sophia Thomas",89046
"Daniel Smith",58479
"Priya Singh",68097
"Ananya Davis",78438
"Olivia Thomas",93912
"Arun Davis",85236
"Luke Gupta",62873
"Rohit Walker",90997
"Aisha Wilson",66601
"Nina Thomas",84558
"Emily Taylor",76311
"Sarah Sharma",85341
"John Iyer",68651
"Emily Sharma",83983
"John Thompson",65899
"Rohit Singh",79181
"Emily Sharma",92945
"Arun Johnson",72889
"Rohit Kumar",69835
"Linda Gupta",97064
"Arun Davis",66933
"Karen Thompson",58733
"Leo Walker",61943
"Olivia Brown",59749
"Priya Anderson",58406
"Leo Singh",61238
"Nina Miller",64330
"Vikram Patel",67340
"Ananya Thomas",93860
"Linda Johnson",94139
"Luke Wilson",82747
"Emily Taylor",96113
"Vikram Thompson",72388
"Vikram Wilson",61932
"Karen Thomas",63476
"Vikram Miller",77150
"Olivia Brown",67351
"Aisha Gupta",74135
"Priya Wilson",67987
"Luke Patel",81959
"John Patel",68405
"Sophia Sharma",68397
"Nina Taylor",72187
"Olivia Lewis",94401
"Kiran Brown",59741
"David Iyer",69751
"Karen Taylor",66898
"Luke Walker",98611
"Rohit Singh",87553
"Karen Miller",59661
"Nina Lewis",84912
"Olivia Anderson",60719
"Arun Lewis",72461
"Olivia Walker",60440
"Priya Walker",87749
"Karen Thompson",76433
"Daniel Miller",66018
"Kiran Thomas",68637
"Olivia Walker",71157
"Leo Kumar",98841
"Ananya Patel",59676
"Vikram Davis",92837
"Sophia Johnson",61846
"Vikram Johnson",89858
"Olivia Iyer",63429
"Rohit Miller",64937
"Nina Thompson",78869
"Luke Thomas",74863
"John Singh",81739
"Aisha Williams",83627
"Arun Singh",70831
"Sarah Taylor",77635
"Vikram Gupta",71912
"Sophia Wilson",58828
"Olivia Kumar",70169
"Nina Lewis",66629
"Luke Johnson",79371
"Vikram Davis",92658
"Emily Kumar",58980
"Sophia Wilson",97360
"Vikram Smith",84304
"Sarah Lewis",70710
"Olivia Taylor",60901
"Daniel Smith",88207
"Arun Thompson",60917
"Kiran Walker",79224
"Emily Patel",87366
"Sarah Thompson",65140
"Linda Brown",69061
"Rohit Miller",85532
"Sophia Wilson",84094
"Karen Thomas",90183
"Leo Walker",86086
"Luke Brown",94601
"Emily Thomas",96950
"Vikram Sharma",81010
"John Miller",72975
"Linda Davis",89790
"Kiran Johnson",72958
"Luke Thompson",58557
"Nina Iyer",69248
"Rohit Gupta",78678
"Leo Lewis",62271
"Michael Anderson",82249
"Ananya Johnson",59431
"Olivia Wilson",72197
"Linda Walker",94563
"Aisha Walker",59190
"Arun Sharma",82229
"Daniel Thomas",67802
"Arun Lewis",90920
"Emily Anderson",92242
"David Thompson",85615
"Aisha Miller",60823
"John Singh",78390
"Rohit Kumar",74288
"Arun Thomas",86442
"Karen Johnson",96171
"Ananya Smith",75641
"John Brown",84488
"Daniel Taylor",96520
"Ananya Gupta",86553
"John Gupta",97156
"Arun Lewis",72283
"Sarah Iyer",88456
"Luke Sharma",99170
"Sophia Lewis",75461
"Priya Anderson",87721
"Aisha Johnson",94004
"Linda Johnson",63771
"Nina Williams",62541
"Kiran Johnson",97352
"Luke Gupta",84536
"Nina Thompson",80946
"Michael Johnson",71896
"Vikram Miller",86326
"Rohit Iyer",89871
"Emily Walker",63624
"Arun Thompson",92112
"Priya Thomas",85357
"Aisha Patel",73290
"Sophia Miller",62540
"David Lewis",77313
"Rohit Brown",64048
"Linda Johnson",75508
"Rohit Patel",69723
"Priya Davis",71584
"Michael Williams",70783
"Nina Thomas",58712
"Linda Johnson",73698
"Aisha Thomas",66751
"Priya Lewis",78003
"Sophia Thomas",73229
"Leo Patel",75113
"Linda Walker",83405
"Karen Anderson",73538
"Sophia Thompson",63770
"Linda Wilson",64687
"Priya Thomas",64738
"Daniel Patel",68022
"Kiran Gupta",89522
"Kiran Lewis",65731
"Daniel Johnson",98818
"Linda Johnson",71203
"Sarah Thompson",63998
"Ananya Patel",67118
"Kiran Iyer",74845
"Emily Singh",63002
"Vikram Kumar",63771
"Kiran Johnson",67422
"Sophia Anderson",70944
"Sophia Anderson",62972
"Emily Iyer",85063
"Kiran Smith",90600
"Ananya Singh",79678
"Olivia Kumar",72873
"Priya Thomas",74992
"Luke Iyer",68506
"Karen Kumar",87438
"Ananya Brown",73436
"Michael Kumar",75632
"Nina Iyer",61954
"Aisha Sharma",87487
"Vikram Smith",68869
"Priya Sharma",90361
"Daniel Miller",73428
"Linda Davis",59168
"David Anderson",70060
"Nina Brown",90343
"Arun Sharma",78318
"Vikram Brown",61585
"Karen Patel",61929
"Karen Walker",68303
"Priya Gupta",71709
"Linda Smith",78367
"David Thomas",66018
"Linda Taylor",60268
"Aisha Wilson",87265
"Ananya Walker",61596
"David Iyer",93290
"Michael Anderson",64876
"Arun Sharma",65865
"Sarah Wilson",68425
"Ananya Williams",58990
"Nina Iyer",98886
"Karen Taylor",74335
"Michael Sharma",59849
"Leo Iyer",74907
"Aisha Williams",85841
"David Brown",67104
"Michael Taylor",85238
"Priya Williams",62595
"Aisha Iyer",72165
"Olivia Thomas",89592
"Linda Smith",91426
"David Thompson",71772
"Arun Taylor",62431
"Aisha Brown",82288
"Arun Thomas",66017
"Vikram Wilson",87952
"Olivia Iyer",81911
"Michael Davis",65262
"Vikram Thompson",90191
"Daniel Sharma",98846
"Sophia Williams",66706
"Rohit Brown",85708
"Emily Thomas",69405
"John Williams",73393
"Michael Lewis",66305
"Olivia Gupta",61556
"Karen Patel",72803
"Aisha Anderson",58881
"Vikram Patel",66557
"John Smith",91712
"Arun Anderson",90175
"Karen Wilson",75644
"Karen Patel",80339
"Ananya Taylor",79143
"Sarah Davis",99877
"Michael Singh",98585
"Priya Sharma",74565
"Sarah Lewis",80884
"Michael Anderson",90530
"David Smith",58804
"Vikram Smith",67163
"Karen Kumar",63744
"Karen Thomas",67429
"Sophia Gupta",62959
"John Sharma",60944
"Priya Walker",66957
"Priya Patel",89438
"Luke Anderson",69339
"Olivia Taylor",71053
"Michael Thompson",69835
"Arun Walker",65781
"Linda Miller",60218
"Sophia Davis",65280
"Ananya Singh",62987
"Nina Iyer",87540
"John Anderson",89300
"Rohit Iyer",76135
"Aisha Lewis",68660
"Michael Patel",81078
"Kiran Lewis",59737
"David Thompson",64490
"Emily Lewis",61991
"Ananya Thomas",67652
"Luke Gupta",60631
"Leo Sharma",75681
"Priya Gupta",59553
"Olivia Thomas",62253
"Kiran Iyer",82194
"Sarah Patel",58862
"Aisha Wilson",66929
"Ananya Anderson",93369
"Ananya Taylor",94094
"David Gupta",59850
"Kiran Williams",85383
"Rohit Johnson",94295
"Michael Miller",67314
"Sophia Anderson",74177
"Aisha Taylor",76259
"Michael Brown",69481
"Sarah Taylor",66565
"Karen Walker",81291
"Ananya Wilson",61909
"Priya Kumar",82832
"Sarah Sharma",80373
"John Smith",95890
"Rohit Singh",59498
"Rohit Patel",61787
"Linda Lewis",59679
"Rohit Smith",72318
"Nina Singh",99131
"Linda Thomas",73749
"Olivia Iyer",83912
"Karen Davis",79661
"Vikram Thomas",71720
"Karen Kumar",61586
"Sophia Singh",89585
"Ananya Smith",94848
"Nina Singh",65284
"Emily Williams",72847
"Olivia Walker",94617
"Linda Lewis",68665
"Karen Taylor",89328
"Nina Kumar",59183
"Olivia Miller",94432
"Vikram Walker",92613
"Daniel Smith",77336
"Linda Lewis",98969
"Priya Wilson",83625
"Ananya Singh",65597
"Emily Singh",84724
"Rohit Gupta",75990
"Luke Walker",92515
"Aisha Sharma",66486
"John Kumar",80988
"David Thompson",78983
"David Anderson",80350
"Luke Miller",81585
"Arun Anderson",77092
"David Thompson",59478
"John Sharma",64745
"Sophia Thompson",67322
"Vikram Johnson",89771
"Karen Kumar",76583
"Sarah Wilson",88766
"Michael Thompson",76632
"Priya Anderson",68978
"Priya Thompson",94045
"Nina Lewis",68277
"Karen Anderson",58920
"Linda Gupta",66335
"Kiran Iyer",83397
"Vikram Thompson",68249
"Rohit Gupta",64576
"Michael Taylor",80243
"Arun Walker",71079
"Kiran Miller",72519
"Kiran Lewis",82773
"Karen Thompson",84524
"Kiran Sharma",90035
"Emily Gupta",96206
"Linda Taylor",83646
"Priya Smith",82410
"Ananya Iyer",60182
"Karen Lewis",64731
"Sarah Johnson",78283
"Michael Kumar",97294
"Linda Davis",77643
"Sophia Lewis",62518
"Rohit Wilson",64810
"Emily Gupta",60798
"Olivia Thompson",81272
"Sophia Davis",67156
"Ananya Walker",89233
"Nina Gupta",78424
"Daniel Singh",72488
"Emily Patel",59040
"Sarah Taylor",74394
"Vikram Iyer",93980
"Rohit Davis",72754
"Emily Smith",95506
"Linda Davis",67634
"Karen Thompson",89520
"Rohit Anderson",77931
"Arun Williams",99185
"Vikram Gupta",74023
"Michael Brown",65220
"Rohit Johnson",67669
"Daniel Patel",88358
"Linda Thomas",79872
"John Williams",91840
"John Sharma",79878
"Michael Patel",80274
"Olivia Patel",60361
"Olivia Walker",98438
"Rohit Gupta",66500
"Priya Anderson",65763
"Luke Smith",61334
"Leo Wilson",60768
"David Sharma",72258
"Karen Lewis",58549
"Karen Thomas",58874
"Daniel Lewis",85671
"Vikram Lewis",77193
"Sophia Iyer",59021
"Rohit Sharma",70716
"Olivia Iyer",84070
"Sarah Williams",62541
"Aisha Thompson",72578
"Sophia Walker",66544
"Luke Davis",65835
"Leo Gupta",72919
"John Thompson",68127
"Linda Smith",68716
"Rohit Wilson",68368
"Linda Wilson",76645
"Karen Walker",64738
"Emily Thompson",98524
"John Wilson",77604
"David Lewis",86237
"Ananya Smith",81067
"Ananya Taylor",94172
"Aisha Davis",81152
"John Patel",58473
"Linda Johnson",82515
"Kiran Kumar",81151
"Olivia Davis",70461
"Arun Kumar",58577
"Vikram Anderson",80335
"Sophia Lewis",80191
"Karen Thomas",73590
"Michael Walker",58486
"Nina Patel",67421
"Linda Walker",86361
"Arun Singh",83384
"Linda Walker",94863
"Ananya Kumar",61249
"Michael Anderson",69391
"Vikram Walker",74989
"Luke Miller",77089
"Arun Miller",61854
"Sarah Brown",75645
"Priya Davis",60180
"Kiran Anderson",61007
"Sarah Singh",69870
"Priya Taylor",63210
"Ananya Anderson",64418
"Nina Singh",77317
"John Smith",84574
"Rohit Johnson",92229
"Daniel Davis",59486
"Luke Iyer",60961
"Vikram Thompson",75032
"Sophia Davis",66063
"Arun Iyer",93911
"Emily Williams",99598
"Nina Thomas",72777
"Rohit Brown",69064
"Vikram Johnson",59093
"John Williams",88505
"Olivia Wilson",69786
"Olivia Singh",75583
"Arun Johnson",95038
"Sophia Thomas",87790
"Michael Davis",79087
"Ananya Gupta",93598
"Karen Miller",69097
"David Patel",69405
"John Wilson",67118
"Vikram Lewis",79334
"Sophia Kumar",73941
"Leo Walker",78975
"Olivia Patel",75475
"David Thompson",63204
"Linda Smith",94984
"Arun Johnson",70357
"Olivia Brown",81062
"John Kumar",91492
"Michael Smith",93888
"Arun Taylor",76562
"Aisha Davis",99310
"Emily Iyer",74858
"David Kumar",60744
"Luke Brown",62861
"Daniel Anderson",87899
"Kiran Johnson",75459
"Olivia Thompson",66360
"Aisha Anderson",67306
"Karen Davis",61772
"Daniel Wilson",96407
"Leo Gupta",81046
"Sophia Davis",69095
"Rohit Thompson",63113
"Daniel Patel",76377
"Michael Brown",73082
"Sophia Thompson",79210
"Priya Singh",92556
"Kiran Anderson",84879
"Arun Davis",70852
"Ananya Thomas",91408
"Karen Sharma",78739
"Vikram Thompson",90785
"Sophia Singh",64664
"Karen Wilson",64878
"Luke Singh",69075
"Kiran Brown",63635
"Nina Johnson",64851
"John Walker",90787
"Rohit Sharma",64149
"Sarah Iyer",65305
"Rohit Patel",61516
"John Iyer",61981
"Aisha Iyer",79474
"Karen Smith",60655
"Arun Lewis",60520
"Michael Thompson",59770
"Vikram Anderson",61179
"Kiran Thompson",61035
"Kiran Sharma",88339
"Arun Sharma",59444
"Daniel Kumar",86807
"Sarah Patel",63105
"Priya Johnson",69893
"Luke Walker",69412
"Michael Thomas",77524
"Ananya Taylor",60923
"Sophia Sharma",67415
"Vikram Miller",84152
"Priya Miller",79307
"Leo Walker",84176
"Luke Brown",83472
"Michael Davis",68007
"Emily Patel",96025
"Luke Davis",68165
"Linda Davis",70982
"Rohit Thompson",59948
"Aisha Williams",68119
"Karen Kumar",75798
"John Singh",76532
"Linda Taylor",86367
"John Walker",95581
"Michael Taylor",63442
"Karen Lewis",80648
"David Sharma",82349
"Michael Patel",60469
"Aisha Wilson",89942
"Aisha Thomas",84557
"Sarah Lewis",74604
"Emily Wilson",94989
"Rohit Williams",68744
"Emily Patel",64465
"Aisha Iyer",66325
"Rohit Patel",62272
"Luke Patel",71009
"Daniel Thomas",67178
"Rohit Davis",66560
"David Taylor",63930
"Kiran Kumar",72637
"Kiran Sharma",88228
"John Thomas",88148
"Priya Wilson",69689
"Rohit Patel",79513
"Luke Singh",64839
"Emily Iyer",94337
"Vikram Taylor",86544
"Arun Brown",63167
"Karen Miller",64178
"Linda Anderson",60293
"Arun Taylor",84099
"Olivia Wilson",91526
"Nina Gupta",93858
"Luke Patel",88262
"Rohit Walker",89017
"Arun Lewis",72097
"Sarah Wilson",78096
"Michael Singh",67569
"Arun Wilson",74702
"Kiran Davis",71000
"Olivia Anderson",70452
"Ananya Johnson",82057
"Priya Smith",88275
"Aisha Williams",96975
"Sarah Thompson",79359
"Karen Smith",87710
"Michael Wilson",59134
"Vikram Taylor",59881
"Leo Brown",65459
"Linda Johnson",93105
"Daniel Davis",74239
"Priya Smith",80809
"Olivia Thomas",64626
"Ananya Taylor",72656
"Emily Sharma",98690
"Michael Lewis",94103
"Vikram Kumar",88876
"Vikram Thomas",82356
"Sophia Iyer",69302
"Sophia Sharma",74912
"Arun Thompson",58920
"Priya Smith",58441
"Ananya Taylor",84777
"Vikram Thompson",94905
"Leo Anderson",88259
"Michael Wilson",97035
"Linda Gupta",83740
"Nina Smith",80559
"Karen Miller",63754
"Emily Walker",86563
"Olivia Williams",74078
"Aisha Smith",63230
"Vikram Davis",96896
"Luke Davis",83134
"Arun Lewis",60130
"Sophia Lewis",68629
"Aisha Williams",59127
"Vikram Miller",69512
"Rohit Patel",63337
"David Thompson",63529
"Emily Brown",61691
"Luke Lewis",73090
"Sarah Davis",73639
"Sophia Smith",96568
"Leo Williams",85142
"Daniel Thompson",78993
"Arun Singh",92406
"Rohit Anderson",86799
"Arun Williams",87015
"Sophia Williams",76766
"Emily Wilson",89116
"Sophia Sharma",98320
"Karen Johnson",63789
"Karen Smith",59722
"John Williams",64969
"Olivia Taylor",64351
"Aisha Taylor",59157
"Sophia Patel",68465
"Priya Kumar",84956
"Olivia Iyer",63335
"Olivia Kumar",75532
"Linda Kumar",77157
"Rohit Thomas",82795
"Emily Walker",98633
"Karen Taylor",71440
"Arun Smith",77692
"Olivia Brown",76343
"Vikram Miller",71294
"David Iyer",67532
"John Sharma",81057
"Vikram Singh",64328
"Kiran Patel",80872
"Ananya Patel",67547
"Karen Miller",65475
"Karen Wilson",78455
"Karen Singh",76494
"Emily Brown",87076
"Priya Gupta",79355
"Priya Walker",96355
"Arun Johnson",62880
"Arun Thompson",82530
"Olivia Sharma",69702
"Olivia Patel",86237
"Luke Davis",70831
"Vikram Walker",75064
"Kiran Iyer",71171
"Kiran Gupta",89756
"David Gupta",60426
"Sophia Davis",71020
"Olivia Taylor",99060
"Arun Sharma",69806
"Leo Davis",70450
"Ananya Taylor",95758
"Rohit Walker",60397
"John Williams",80849
"Priya Johnson",60599
"Linda Sharma",78691
"Michael Sharma",91320
"Kiran Walker",64374
"Sophia Anderson",61562
"Olivia Walker",68584
"Michael Kumar",65054
"Michael Miller",76809
"Aisha Thomas",61550
"Luke Gupta",98262
"Aisha Miller",96664
"Rohit Anderson",91853
"Vikram Davis",74638
"Luke Brown",83579
"David Iyer",66068
"Luke Kumar",83345
"Michael Lewis",91877
"Sophia Walker",68840
"Michael Iyer",84559
"Kiran Brown",74709
"Karen Kumar",82498
"David Thomas",88284
"Karen Miller",91849
"Aisha Patel",67627
"Daniel Kumar",96547
"Rohit Gupta",70296
"Emily Johnson",63500
"Kiran Anderson",74781
"Emily Patel",86108
"Aisha Thompson",94141
"Michael Patel",76030
"Michael Miller",75747
"Daniel Miller",66595
"John Singh",97528
"Vikram Singh",61558
"Sophia Miller",71150
"Priya Walker",70656
"Daniel Miller",73542
"Priya Gupta",87381
"Priya Sharma",60424
"Leo Sharma",95500
"Kiran Davis",65496
"Kiran Williams",88205
"Nina Taylor",59830
"Rohit Gupta",87450
"Kiran Gupta",72660
"Luke Miller",80220
"Vikram Miller",75517
"Priya Gupta",60312
"Kiran Miller",63308
"Luke Anderson",82119
"Karen Johnson",66721
"Daniel Lewis",87923
"Michael Patel",91100
"Michael Taylor",73529
"Karen Thomas",91435
"Linda Smith",72459
"Linda Lewis",87009
"Olivia Thompson",95726
"Luke Smith",82409
"Rohit Kumar",84091
"Sarah Anderson",83277
"Nina Iyer",82764
"Vikram Williams",61813
"Rohit Gupta",76018
"Emily Thompson",77231
"Leo Miller",60122
"Aisha Johnson",73262
"Priya Iyer",79929
"Rohit Taylor",88459
"Emily Williams",66822
"Daniel Singh",67478
"Olivia Thomas",73966
"Arun Anderson",62508
"Arun Williams",78666
"Leo Williams",87627
"Sophia Miller",78747
"Luke Thompson",83323
"Ananya Gupta",62598
"Nina Brown",77407
"John Brown",75171
"Priya Davis",95724
"Ananya Anderson",95517
"Aisha Thomas",63261
"Leo Thomas",60127
"Vikram Wilson",66684
"Michael Anderson",61183
"John Iyer",59867
"Michael Gupta",64168
"Vikram Miller",62360
"Arun Patel",87190
"David Anderson",71089
"Sophia Lewis",79013
"Priya Wilson",92063
"Sophia Anderson",58891
"Luke Anderson",95665
"Ananya Lewis",90165
"Ananya Johnson",91709
"Emily Wilson",59294
"Linda Thompson",69889
"John Williams",64759
"Michael Brown",87640
"Michael Anderson",78916
"Nina Miller",83404
"Linda Singh",70157
"Linda Patel",86710
"Rohit Walker",72766
"Luke Williams",87291
"Rohit Davis",69195
"John Taylor",63775
"Rohit Thomas",61387
"Luke Davis",61206
"Rohit Patel",69888
"Leo Davis",87274
"John Smith",64487
"Daniel Patel",81865
"Daniel Smith",69943
"Arun Williams",75753
"David Anderson",66708
"Olivia Patel",97247
"Ananya Thomas",76673
"Nina Davis",60597
"Rohit Wilson",82795
"David Brown",65436
"Luke Iyer",73444
"Vikram Kumar",84458
"Daniel Davis",90517
"Karen Iyer",67278
"Emily Iyer",66999
"Michael Davis",77969
"Emily Thomas",79768
"Olivia Gupta",80471
"John Thompson",66175
"Karen Anderson",66165
"David Miller",91755
"Olivia Lewis",65354
"Arun Anderson",93571
"Karen Thompson",89494
"Priya Taylor",58536
"Daniel Davis",77914
"Michael Smith",72636
"Leo Brown",83871
"Arun Sharma",79226
"Priya Walker",75620
"Arun Patel",85521
"Daniel Smith",67009
"Emily Brown",70540
"Aisha Smith",63758
"Emily Wilson",61180
"Nina Thomas",82785
"Daniel Iyer",73457
"Olivia Johnson",72087
"Rohit Davis",82614
"Daniel Brown",69453
"Nina Smith",71116
"Michael Sharma",64859
"Sophia Sharma",64692
"Rohit Lewis",74127
"Emily Gupta",82122
"Kiran Kumar",77977
"Sophia Walker",84060
"Olivia Johnson",90111
"Priya Lewis",67847
"Emily Iyer",60639
"Daniel Johnson",70278
"Priya Lewis",66607
"Arun Smith",95959
"Leo Smith",90743
"Sophia Thompson",75726
"Luke Johnson",66506
"Karen Johnson",92952
"Linda Smith",68321
"Emily Singh",66937
"Rohit Davis",69327
"David Walker",94940
"Linda Sharma",73489
"Michael Gupta",75582
"Nina Smith",65534
"Luke Thompson",67801
"Sarah Williams",64133
"John Anderson",74396
"Kiran Wilson",95431
"Sarah Brown",62705
"Sarah Thomas",66343
"David Patel",65894
"Rohit Wilson",83436
"Michael Sharma",82226
"Aisha Thompson",81236
"Nina Walker",62677
"Leo Smith",86918
"Emily Johnson",79954
"Kiran Taylor",91260
"Vikram Smith",72870
"Vikram Smith",61431
"Vikram Patel",68573
"Rohit Patel",88652
"Sophia Brown",71832
"Sarah Thompson",65223
"Nina Anderson",95894
"Linda Williams",85381
"Daniel Smith",80472
"Michael Singh",73190
"Daniel Johnson",70322
"Linda Gupta",86600
"Aisha Iyer",69351
"Aisha Walker",60945
"Sarah Iyer",76518
"Sophia Thompson",60525
"Olivia Thomas",68826
"Priya Patel",91976
"Priya Williams",93092
"Rohit Iyer",81555
"Priya Anderson",70908
"Rohit Brown",74379
"Leo Miller",72493
"Michael Gupta",61784
"Arun Miller",84889
"Arun Patel",63472
"Rohit Patel",79434
"Sophia Singh",83927
"Rohit Thomas",99819
"Linda Brown",75152
"Vikram Lewis",73398
"Sarah Williams",76823
"Leo Sharma",79829
"Olivia Smith",93843
"Karen Anderson",61126
"Priya Taylor",92404
"Rohit Smith",77773
"Arun Thomas",71896
"David Lewis",89393
"Sarah Anderson",69477
"Leo Williams",78798
"Leo Miller",75208
"Karen Brown",63292
"John Miller",66042
"Kiran Taylor",81689
"Olivia Taylor",68558
"Karen Iyer",81308
"Karen Gupta",63973
"Daniel Williams",99278
"John Davis",84560
"Sarah Thomas",67594
"Nina Lewis",74309
"Linda Johnson",71759
"Michael Williams",79970
"Sarah Patel",66459
"Michael Johnson",73027
"Daniel Patel",78709
"Sophia Thomas",87514
"Daniel Taylor",95748
"Sarah Lewis",60570
"Daniel Davis",91788
"Priya Williams",73024
"David Johnson",64056
"Sarah Gupta",60999
"Michael Patel",59145
"John Patel",65243
"Sarah Miller",65626
"Michael Williams",78630
"Olivia Wilson",64201
"Rohit Iyer",75822
"Olivia Lewis",59860
"Nina Kumar",68582
"Ananya Iyer",98388
"Leo Patel",92032
"Luke Williams",71185
"Michael Anderson",61273
"Aisha Taylor",66625
"Sophia Kumar",64115
"Sophia Kumar",99219
"Nina Singh",96203
"Vikram Thompson",69881
"Sarah Miller",68862
"Sophia Smith",93391
"Rohit Williams",66390
"John Miller",97240
"Nina Thomas",83283
"Nina Williams",59981
"Kiran Kumar",96811
"Karen Davis",74986
"Michael Davis",72362
"Luke Anderson",58741
"Karen Gupta",70767
"Nina Brown",61966
"Sophia Anderson",77105
"Sophia Brown",71747
"Emily Kumar",66294
"John Singh",77066
"Nina Lewis",97324
"Luke Iyer",67871
"Michael Lewis",78113
"Daniel Johnson",79422
"Karen Taylor",93692
"Leo Gupta",71786
"Ananya Thompson",93401
"Sophia Williams",67391
"Aisha Smith",62622
"Rohit Iyer",82826
"John Thompson",70961
"David Brown",77891
"Olivia Wilson",63005
"Leo Thomas",94066
"Kiran Miller",60944
"John Taylor",95850
"Aisha Smith",68601
"Emily Thompson",85167
"Sophia Wilson",97490
"David Lewis",82840
"Arun Patel",90973
"Aisha Taylor",73690
"Kiran Thompson",66770
"David Singh",62696
"John Anderson",91740
"Michael Gupta",98638
"Karen Lewis",75035
"Sophia Walker",68064
"Karen Walker",78261
"Priya Patel",81982
"Leo Iyer",64992
"Arun Sharma",62052
"Rohit Williams",99766
"Vikram Patel",70415
"Linda Lewis",85324
"Sarah Williams",65402
"Emily Anderson",74799
"Aisha Davis",84588
"John Miller",65145
"Rohit Brown",71802
"Ananya Wilson",59246
"Linda Johnson",76730
"Sarah Williams",79587
"Sarah Brown",96577
"Vikram Patel",69880
"Vikram Thomas",61772
"Arun Davis",98046
"Nina Thompson",72640
"Karen Thompson",96822
"Karen Iyer",64056
"Arun Williams",71148
"Olivia Brown",73367
"Sarah Smith",69686
"David Taylor",95554
"Priya Smith",73484
"Aisha Smith",82281
"Luke Brown",90201
"John Thompson",75863
"Michael Thompson",87173
"Luke Iyer",65201
"Michael Brown",91697
"Olivia Anderson",66038
"John Singh",60748
"Rohit Kumar",70153
"Aisha Taylor",96558
"Sophia Davis",93076
"Michael Davis",63068
"John Wilson",65260
"Michael Miller",70441
"Aisha Williams",78630
"Karen Gupta",68989
"Nina Smith",75091
"Karen Thomas",79447
"Daniel Taylor",80592
"Daniel Patel",90006
"Luke Anderson",62174
"Karen Brown",77940
"Ananya Anderson",98857
"Rohit Taylor",82628
"Emily Smith",95221
"David Smith",82000
"Aisha Iyer",82345
"Olivia Gupta",94687
"Rohit Smith",69153
"Aisha Gupta",59969
"John Singh",88810
"Ananya Wilson",58587
"John Kumar",99258
"Karen Sharma",64727
"Michael Iyer",85897
"Priya Smith",84125
"Daniel Sharma",90029
"Leo Patel",85886
"John Singh",83050
"Olivia Iyer",87048
"John Thomas",79091
"Vikram Singh",60651
"Leo Miller",74165
"David Smith",67456
"Sarah Sharma",77884
"Karen Singh",68494
"Karen Singh",73671
"Priya Smith",89043
"Ananya Davis",69010
"Emily Sharma",80222
"Sophia Sharma",85828
"David Thompson",66130
"Ananya Wilson",77636
"Daniel Walker",76161
"Michael Walker",66747
"Sophia Thomas",93886
"Linda Walker",70656
"Daniel Williams",64120
"Leo Wilson",72217
"Ananya Gupta",84187
"Priya Thomas",67222
"Vikram Thompson",67252
"Luke Walker",89018
"Sarah Singh",76572
"Kiran Iyer",59075
"Priya Walker",86063
"Sophia Williams",74575
"Sarah Williams",64389
"Aisha Wilson",64840
"Kiran Wilson",74372
"Kiran Thomas",67168
"Sophia Walker",94926
"Karen Gupta",60862
"Michael Kumar",68411
"Vikram Iyer",64004
"Kiran Miller",80810
"Nina Lewis",75546
"Arun Sharma",58450
"John Patel",59941
"Michael Davis",75172
"Michael Walker",80583
"John Johnson",59162
"Vikram Brown",80917
"Karen Singh",87429
"Karen Walker",60415
"Olivia Johnson",69602
"Ananya Gupta",65260
"Linda Thompson",91501
"Michael Anderson",64958
"John Taylor",63300
"Nina Gupta",64187
"Nina Davis",88141
"Karen Brown",95574
"Sarah Anderson",71978
"Michael Patel",75556
"Kiran Smith",81889
"Michael Johnson",59615
"John Patel",74846
"Aisha Davis",87105
"Aisha Williams",64496
"Sarah Kumar",71998
"Luke Smith",86011
"Vikram Walker",67381
"Michael Gupta",60570
"Luke Thomas",76130
"Aisha Johnson",99828
"Vikram Johnson",77416
"Daniel Iyer",60998
"Olivia Sharma",80941
"David Thomas",78448
"Linda Williams",87859
"Nina Singh",65969
"Daniel Thompson",89423
"Olivia Anderson",63936
"John Patel",94061
"Karen Patel",63954
"Linda Sharma",88882
"Emily Kumar",72072
"Karen Thompson",81154
"Daniel Thomas",73850
"Ananya Sharma",98054
"Priya Anderson",96459
"Aisha Lewis",83504
"Arun Singh",69101
"Michael Miller",88507
"Emily Sharma",58430
"Arun Williams",88717
"Kiran Thomas",70546
"David Gupta",84006
"Karen Lewis",70862
"John Miller",75214
"Leo Davis",71028
"John Singh",60310
"Nina Smith",66987
"Leo Iyer",74194
"Sarah Patel",68152
"Rohit Lewis",80064
"Linda Anderson",66393
"Karen Johnson",69783
"Daniel Williams",90881
"Rohit Thomas",70284
"Karen Iyer",60397
"Daniel Kumar",68199
"Aisha Williams",62509
"Olivia Anderson",66643
"Daniel Johnson",75840
"Emily Wilson",87203
"Aisha Anderson",62666
"Michael Williams",96242
"Sarah Brown",75572
"Rohit Iyer",64258
"David Walker",72339
"Rohit Thomas",76039
"David Brown",77235
"Daniel Brown",84928
"Nina Miller",81754
"Kiran Wilson",76194
"Arun Thompson",58969
"Emily Smith",71848
"Aisha Singh",72003
"Michael Thompson",58610
"Kiran Wilson",83959
"Rohit Singh",62751
"Aisha Williams",63194
"Leo Iyer",73399
"Luke Brown",67591
"Sophia Thomas",71824
"John Kumar",88746
"Aisha Lewis",96078
"Aisha Gupta",70364
"Sarah Thomas",88443
"John Singh",87736
"David Gupta",59630
"Michael Kumar",72765
"Sophia Smith",82354
"Arun Iyer",67290
"Priya Kumar",59207
"Vikram Smith",90051
"Ananya Davis",73533
"Karen Gupta",67519
"Nina Lewis",65256
"Daniel Iyer",80403
"Leo Smith",58752
"Nina Thomas",74589
"Michael Anderson",94543
"Emily Sharma",58839
"Luke Davis",87676
"Sophia Thomas",75073
"Kiran Smith",82620
"Nina Johnson",96965
"Arun Brown",79883
"Vikram Lewis",58562
"John Walker",70471
"Karen Miller",67567
"Aisha Walker",63915
"Luke Miller",68066
"Daniel Williams",90194
"Karen Iyer",84546
"Linda Singh",89364
"Leo Sharma",60781
"Arun Singh",83276
"Michael Iyer",82536
"Arun Walker",65430
"Leo Miller",67207
"Karen Patel",75329
"Olivia Taylor",75385
"Ananya Davis",80877
"Leo Kumar",65406
"Aisha Walker",83081
"Kiran Anderson",73431
"Priya Johnson",65188
"Emily Patel",98811
"Karen Gupta",62680
"Emily Wilson",78421
"Luke Williams",81754
"Daniel Gupta",87419
"Kiran Thomas",71661
"Ananya Anderson",60643
"John Williams",75666
"Kiran Williams",73599
"Vikram Miller",83038
"Arun Miller",95800
"Linda Thompson",59976
"Ananya Anderson",70192
"Leo Johnson",79125
"Leo Patel",74935
"Daniel Smith",66942
"Olivia Singh",77461
"Olivia Thomas",69618
"David Thomas",75567
"Priya Taylor",62742
"Michael Davis",66169
"Ananya Singh",58696
"Michael Iyer",96044
"David Patel",89011
"Nina Anderson",83158
"Linda Johnson",86158
"David Sharma",80783
"Karen Johnson",63793
"Leo Sharma",63984
"Kiran Taylor",78677
"John Johnson",77336
"Karen Brown",67756
"Ananya Taylor",60915
"Kiran Gupta",72197
"Ananya Singh",68237
"Leo Johnson",68163
"Priya Iyer",63882
"Luke Johnson",74634
"Michael Thomas",65655
"Daniel Williams",74605
"Aisha Gupta",76236
"Priya Kumar",76951
"Karen Kumar",60720
"Rohit Johnson",84231
"David Anderson",68790
"Luke Kumar",94880
"Olivia Lewis",60489
"Vikram Kumar",63459
"Emily Walker",59927
"Sarah Singh",82766
"David Johnson",84566
"Nina Smith",73356
"Luke Patel",59710
"Ananya Miller",79134
"Kiran Iyer",61322
"Vikram Singh",65471
"Emily Lewis",94278
"Nina Walker",65032
"Michael Kumar",78784
"Sophia Thompson",91688
"Rohit Anderson",59682
"Daniel Gupta",59171
"John Iyer",81928
"Daniel Anderson",67763
"Linda Davis",98699
"Daniel Taylor",85060
"Luke Williams",63359
"Daniel Davis",88710
"Ananya Thompson",61687
"Sophia Gupta",81450
"Daniel Wilson",93382
"Aisha Taylor",79189
"Luke Thomas",68399
"Sophia Wilson",84198
"Olivia Sharma",65185
"Luke Williams",73750
"Emily Miller",74447
"John Anderson",80033
"Emily Taylor",62022
"Priya Lewis",73060
"Aisha Williams",66327
"Linda Kumar",75910
"Linda Gupta",83387
"Arun Patel",91283
"Kiran Taylor",88411
"Olivia Sharma",96399
"Rohit Brown",79677
"Daniel Wilson",79310
"Vikram Wilson",59294
"Aisha Patel",67989
"Priya Sharma",62807
"Ananya Iyer",99687
"Michael Taylor",76572
"Linda Patel",66213
"David Smith",87441
"John Singh",72390
"Sarah Taylor",70597
"Olivia Thomas",87241
"Linda Gupta",73718
"Sarah Iyer",86877
"Michael Lewis",85611
"Leo Thomas",71294
"Sophia Patel",62818
"Karen Taylor",69338
"Leo Sharma",98657
"Sarah Iyer",88149
"Rohit Miller",69142
"Sophia Davis",88969
"Ananya Davis",58585
"Sarah Thomas",72586
"David Johnson",64557
"Karen Singh",75872
"Linda Miller",70650
"Sophia Patel",86787
"Karen Kumar",60463
"Kiran Lewis",63431
"Priya Singh",60695
"John Smith",69458
"Olivia Gupta",59861
"David Sharma",87151
"Nina Johnson",84578
"Arun Williams",69367
"Vikram Patel",86854
"Arun Taylor",70048
"Arun Brown",96075
"Arun Taylor",75266
"Luke Johnson",60098
"Nina Singh",83115
"Aisha Williams",79705
"Emily Thomas",95089
"Rohit Iyer",81370
"Emily Lewis",74885
"Aisha Miller",63414
"Sophia Smith",90532
"Sarah Patel",59849
"Vikram Miller",91664
"Rohit Taylor",84261
"Kiran Singh",62343
"Sophia Wilson",68169
"Leo Gupta",64215
"Ananya Brown",71175
"Linda Walker",91828
"Leo Williams",83757
"Olivia Lewis",86128
"John Wilson",74881
"Karen Anderson",71512
"Arun Brown",71290
"Aisha Sharma",75290
"Ananya Brown",63836
"Daniel Taylor",82152
"Kiran Gupta",73074
"Michael Iyer",88755
"Emily Walker",79025
"Daniel Taylor",88161
"Aisha Taylor",79918
"Priya Singh",66853
"Priya Gupta",83388
"Linda Sharma",83154
"Rohit Gupta",63097
"Vikram Singh",68000
"David Johnson",63479
"Linda Walker",72909
"Kiran Singh",59556
"David Williams",80545
"Karen Anderson",86339
"Michael Kumar",83539
"Aisha Lewis",77655
"Arun Walker",64925
"Daniel Taylor",73295
"Linda Kumar",70298
"Arun Thompson",68264
"David Singh",95147
"Karen Kumar",65770
"Sophia Miller",64934
"Vikram Singh",68703
"Leo Singh",67703
"Nina Singh",66955
"Rohit Kumar",59240
"Vikram Thompson",68951
"Leo Johnson",80496
"John Davis",80170
"Olivia Johnson",67701
"Vikram Walker",98418
"Arun Lewis",66995
"Olivia Patel",67483
"Kiran Thomas",93957
"Kiran Johnson",61641
"David Miller",80187
"Linda Wilson",71641
"Ananya Thomas",63408
"Leo Patel",67968
"Emily Iyer",66127
"Rohit Williams",61881
"Arun Davis",68467
"Kiran Kumar",59210
"Michael Davis",72714
"Sarah Taylor",74579
"Rohit Smith",74938
"David Kumar",73184
"Karen Sharma",67363
"Sophia Walker",92024
"Sophia Johnson",94338
"Kiran Williams",79597
"David Singh",68237
"John Johnson",87039
"Nina Lewis",70181
"Rohit Smith",90202
"Sarah Sharma",74115
"Luke Kumar",76728
"Vikram Sharma",65307
"Daniel Johnson",64093
"Linda Anderson",62123
"Rohit Brown",78490
"Linda Davis",71746
"Sophia Williams",89916
"David Taylor",59997
"Linda Smith",83294
"David Anderson",88869
"Nina Taylor",93954
"Karen Brown",64791
"John Miller",62132
"Daniel Taylor",75557
"Kiran Thomas",86087
"Sophia Brown",75918
"Kiran Williams",63650
"David Brown",99071
"Ananya Kumar",60015
"Nina Smith",58708
"Ananya Taylor",59435
"Linda Wilson",59028
"Nina Williams",93841
"Ananya Brown",92318
"Olivia Singh",59268
"Rohit Sharma",74685
"David Sharma",87018
"Michael Sharma",85181
"Priya Brown",67677
"Linda Thomas",67980
"Rohit Kumar",89351
"Priya Thomas",60155
"Priya Iyer",77093
"Vikram Gupta",58430
"Michael Miller",68199
"Nina Thomas",79135
"Leo Williams",69371
"Luke Walker",78559
"Aisha Kumar",63618
"Priya Gupta",67493
"Kiran Williams",92481
"Aisha Taylor",64470
"Karen Thompson",84919
"Linda Thompson",95641
"Arun Taylor",71975
"Rohit Patel",65195
"Kiran Miller",79499
"Sophia Wilson",84868
"Karen Johnson",94544
"Sarah Thompson",60757
"Leo Brown",75592
"Aisha Miller",73089
"John Brown",69513
"David Johnson",67692
"Sarah Patel",86635
"Sarah Davis",59698
"Arun Brown",89487
"Luke Davis",98472
"Rohit Iyer",84176
"Sarah Wilson",68812
"Emily Smith",62613
"Karen Anderson",60440
"Leo Smith",66466
"Olivia Brown",83848
"Emily Davis",85519
"John Patel",58787
"Arun Davis",65230
"Daniel Smith",60583
"Sarah Taylor",92138
"Aisha Walker",63026
"Michael Brown",71918
"John Wilson",63277
"John Sharma",72784
"Ananya Walker",70317
"Ananya Davis",76063
"Kiran Smith",61869
"Olivia Taylor",68441
"Luke Patel",70633
"Linda Davis",69009
"Vikram Lewis",88024
"Ananya Taylor",91873
"Leo Lewis",79180
"Nina Smith",64576
"Vikram Lewis",79707
"Nina Johnson",77790
"Sarah Iyer",59090
"Karen Iyer",89698
"Vikram Thompson",76818
"Sophia Williams",70108
"Michael Williams",61203
"Karen Davis",98025
"Emily Anderson",93348
"Karen Gupta",58765
"Ananya Davis",62513
"Nina Gupta",71159
"Leo Davis",96892
"Vikram Singh",75537
"Nina Patel",91351
"Sarah Anderson",70808
"Leo Brown",86226
"Olivia Smith",64939
"Sophia Thomas",63103
"Ananya Walker",78911
"Linda Brown",62823
"Daniel Walker",67097
"Michael Kumar",70296
"Sophia Wilson",59883
"Sarah Smith",89733
"Sarah Thompson",78777
"Sophia Sharma",62918
"David Sharma",75969
"Vikram Taylor",77549
"Karen Sharma",67780
"Arun Smith",72736
"Leo Singh",96346
"Daniel Johnson",84640
"Luke Iyer",95537
"Linda Anderson",77570
"Leo Davis",71535
"Rohit Thomas",58698
"Kiran Gupta",94859
"Ananya Brown",77765
"Aisha Walker",60220
"Sophia Miller",59070
"Michael Johnson",99880
"Emily Williams",65979
"Daniel Brown",70293
"Luke Davis",95224
"Leo Williams",59468
"Kiran Davis",68156
"Leo Smith",74047
"Sarah Kumar",64757
"Arun Lewis",95645
"Linda Kumar",86863
"Michael Kumar",59495
"Karen Smith",62807
"Sarah Davis",94062
"Luke Thomas",68092
"Olivia Thomas",59492
"Leo Kumar",87583
"Olivia Davis",59023
"Olivia Johnson",90942
"Karen Smith",59194
"Ananya Sharma",74987
"Linda Gupta",59584
"Emily Wilson",68436
"David Anderson",61191
"Ananya Thomas",66779
"John Brown",62642
"Sarah Patel",80462
"Leo Lewis",88025
"Luke Singh",96842
"David Anderson",65706
"Vikram Iyer",71394
"David Sharma",87971
"Daniel Kumar",69580
"Nina Miller",69298
"Leo Davis",87030
"Kiran Gupta",74068
"Emily Thompson",74364
"Kiran Thomas",99924
"Kiran Wilson",58807
"Vikram Thomas",97853
"Daniel Anderson",71799
"Arun Walker",80837
"Ananya Johnson",66001
"Ananya Singh",90807
"Linda Thomas",60536
"Olivia Thompson",64393
"Kiran Davis",65668
"David Lewis",93908
"Rohit Williams",60751
"Emily Smith",73431
"Olivia Kumar",67172
"Kiran Iyer",63453
"Daniel Anderson",87487
"Nina Smith",78891
"John Wilson",83315
"Leo Smith",85624
"Leo Smith",80269
"Aisha Lewis",63874
"Rohit Walker",65144
"Emily Anderson",80921
"David Thompson",87498
"Karen Johnson",95385
"Linda Smith",71937
"Sophia Williams",60486
"Priya Thomas",77331
"Kiran Thompson",84674
"Daniel Wilson",90806
"Vikram Wilson",83572
"Vikram Anderson",71440
"John Thomas",82878
"Linda Sharma",60448
"Daniel Miller",67419
"Daniel Sharma",692232
"Nina Thomas",75297
"Vikram Brown",89327
"Arun Iyer",65166
"Priya Sharma",93932
"Michael Walker",59511
"Emily Thompson",96042
"Linda Wilson",94656
"Nina Lewis",67791
"Luke Johnson",80695
"Aisha Thompson",58707
"Linda Wilson",93121
"Rohit Singh",64033
"David Patel",68321
"Leo Patel",61995
"Luke Taylor",98226
"Olivia Kumar",64751
"Daniel Lewis",91596
"Kiran Anderson",69438
"Nina Smith",72949
"Nina Williams",95681
"Karen Patel",99219
"Sophia Patel",61189
"Emily Wilson",94411
"Michael Singh",72446
"Leo Thomas",77864
"Sarah Williams",87026
"Michael Walker",72277
"Sarah Davis",83511
"David Taylor",79831
"John Thomas",66182
"David Smith",87566
"Vikram Wilson",62086
"Nina Gupta",77787
"Linda Smith",95042
"Leo Miller",64047
"Aisha Thompson",68947
"Emily Miller",74313
"John Williams",63107
"Rohit Walker",59086
"Karen Walker",63144
"Vikram Miller",78602
"Emily Wilson",66257
"Olivia Gupta",61908
"John Walker",85093
"Sophia Thompson",68314
"Aisha Sharma",70896
"David Iyer",73184
"Daniel Wilson",99806
"Vikram Wilson",77654
"Kiran Williams",79357
"Sophia Taylor",93919
"Ananya Kumar",59934
"Linda Sharma",64905
"Emily Thompson",95523
"Emily Thomas",93608
"Ananya Sharma",68907
"Emily Singh",60695
"Kiran Kumar",58584
"Michael Gupta",79994
"Rohit Wilson",85466
"Michael Iyer",61781
"Leo Davis",66150
"Daniel Miller",77772
"Olivia Lewis",71700
"Ananya Johnson",83807
"Rohit Smith",65715
"Daniel Williams",92763
"Leo Anderson",68233
"Sarah Williams",62634
"Priya Wilson",63621
"Arun Brown",78947
"Sophia Gupta",81677
"Luke Lewis",80462
"Kiran Patel",98235
"Sarah Sharma",62137
"Leo Thomas",68442
"John Wilson",65463
"Rohit Patel",85597
"Vikram Patel",67774
"Kiran Wilson",74548
"Sarah Brown",63122
"Vikram Brown",63315
"Sophia Davis",89074
"David Taylor",96288
"Aisha Anderson",60769
"Michael Thompson",67495
"Linda Davis",81537
"Kiran Wilson",93319
"Leo Thomas",69358
"Linda Sharma",78004
"Olivia Taylor",67153
"Ananya Lewis",77783
"Vikram Gupta",86973
"David Anderson",68337
"Emily Kumar",61991
"Linda Johnson",61366
"Priya Anderson",88799
"Arun Smith",69419
"Karen Thompson",66414
"Kiran Brown",99308
"John Patel",81303
"Kiran Anderson",82941
"John Iyer",86135
"David Kumar",96606
"Arun Davis",97920
"Linda Lewis",77374
"Aisha Patel",71359
"Sarah Sharma",90734
"Karen Smith",81178
"Arun Kumar",59821
"Arun Brown",78957
"Ananya Williams",62974
"Priya Sharma",98283
"Linda Singh",67046
"Luke Davis",77184
"Luke Patel",89348
"Rohit Johnson",81790
"Linda Taylor",92669
"David Anderson",60707
"Linda Davis",71845
"Olivia Thompson",96914
"Leo Iyer",61860
"Arun Taylor",59583
"Ananya Singh",71475
"Vikram Walker",65423
"Daniel Smith",65931
"John Lewis",95043
"Karen Thomas",74073
"Arun Sharma",70640
"Sarah Lewis",62910
"Nina Johnson",64529
"Daniel Davis",83327
"Daniel Johnson",69216
"Linda Thompson",80805
"Nina Taylor",59932
"Sophia Thompson",59284
"Rohit Kumar",80227
"Emily Sharma",84057
"Arun Davis",84989
"Karen Williams",59695
"David Patel",68596
"Aisha Iyer",59821
"Arun Taylor",89384
"Priya Kumar",59212
"Sarah Anderson",74264
"Aisha Patel",75315
"Olivia Singh",75725
"Luke Miller",67605
"Aisha Singh",88003
"Kiran Sharma",58892
"Priya Johnson",76754
"Linda Gupta",58606
"Linda Lewis",60824
"Linda Taylor",60343
"Kiran Iyer",84048
"John Miller",59216
"Aisha Iyer",63071
"Linda Wilson",62851
"Vikram Wilson",67437
"Michael Walker",91092
"Karen Iyer",75683
"Nina Gupta",68009
"Luke Taylor",58714
"Nina Lewis",84184
"Nina Lewis",97279
"Aisha Patel",60917
"Leo Taylor",59695
"Nina Johnson",73213
"Daniel Davis",64228
"Vikram Smith",65000
"Ananya Thomas",80958
"Ananya Taylor",67572
"Kiran Miller",79633
"Olivia Singh",75649
"Nina Brown",71052
"David Anderson",93167
"Sophia Walker",67966
"Leo Patel",97568
"Leo Thomas",90005
"Michael Anderson",79186
"Emily Thomas",78711
"Olivia Walker",85276
"Kiran Thomas",69022
"Luke Kumar",92777
"Rohit Iyer",69840
"Leo Singh",59247
"David Taylor",79684
"Arun Thompson",75391
"Luke Sharma",58468
"Kiran Taylor",74970
"Linda Kumar",61213
"Vikram Davis",64668
"John Johnson",70206
"Olivia Patel",75494
"Sarah Sharma",91847
"John Anderson",68155
"Karen Thompson",64153
"Luke Taylor",68680
"Ananya Wilson",78727
"Aisha Gupta",58894
"Ananya Gupta",71770
"Luke Walker",66856
"John Patel",66560
"Ananya Taylor",63474
"Emily Sharma",58766
"Karen Miller",82044
"Emily Miller",70015
"Rohit Brown",73756
"Ananya Wilson",74740
"Kiran Sharma",69478
"Leo Lewis",71788
"Daniel Singh",63134
"Linda Gupta",72435
"Linda Sharma",74440
"Sophia Kumar",78319
"Michael Kumar",70548
"Leo Singh",61345
"Nina Lewis",99549
"Priya Williams",61531
"Vikram Taylor",72082
"Rohit Smith",60108
"Emily Anderson",78404
"Vikram Williams",62013
"John Thompson",69261
"Kiran Walker",79054
"Michael Iyer",80356
"Sarah Brown",73131
"Michael Lewis",67289
"Olivia Miller",59808
"Emily Smith",59914
"Olivia Taylor",65067
"Vikram Anderson",80475
"Vikram Taylor",61409
"Daniel Johnson",69923
"David Patel",67381
"Vikram Patel",64377
"Sophia Thompson",63637
"Sophia Walker",60031
"Emily Smith",72601
"Luke Davis",86334
"Michael Smith",61199
"Leo Williams",73046
"Leo Johnson",79375
"Aisha Thompson",58412
"Rohit Williams",72490
"Sophia Taylor",80250
"Daniel Anderson",64997
"Daniel Johnson",65213
"Priya Walker",72877
"Emily Walker",89631
"Sarah Patel",77691
"Ananya Davis",61643
"David Sharma",59347
"Nina Lewis",82585
"Luke Johnson",86087
"John Davis",69912
"Rohit Patel",78341
"Olivia Lewis",72484
"Linda Miller",77118
"Michael Patel",60601
"Sarah Wilson",99063
"Kiran Gupta",72345
"Arun Taylor",68129
"Luke Brown",65858
"Rohit Williams",63436
"Ananya Lewis",60541
"Olivia Wilson",71683
"Vikram Singh",85634
"Vikram Miller",69748
"Rohit Lewis",76781
"Kiran Smith",62281
"John Thompson",82772
"Arun Anderson",72519
"Rohit Sharma",59262
"Emily Smith",66820
"Priya Wilson",99993
"Leo Patel",70599
"Ananya Brown",77733
"Leo Thompson",75013
"Karen Patel",68617
"John Davis",84713
"Aisha Wilson",58404
"Aisha Brown",76734
"John Johnson",84991
"Sarah Wilson",84238
"Rohit Thompson",82535
"Aisha Singh",75760
"Arun Kumar",67501
"Arun Miller",69741
"John Brown",81124
"Sophia Davis",74098
"Luke Iyer",71875
"Linda Lewis",74936
"Sophia Miller",67327
"David Miller",86714
"Rohit Walker",61490
"Luke Kumar",66557
"Luke Anderson",91936
"Linda Anderson",67980
"Kiran Patel",61911
"Priya Gupta",64634
"Olivia Gupta",62072
"Karen Davis",71725
"Kiran Brown",63475
"Priya Johnson",64768
"Vikram Patel",77367
"Kiran Sharma",60352
"Vikram Johnson",99890
"Kiran Johnson",70228
"Arun Smith",99963
"Arun Thompson",91162
"Rohit Walker",66202
"Emily Sharma",81552
"Linda Johnson",62376
"Aisha Williams",61211
"Sarah Anderson",88428
"Olivia Miller",62441
"Nina Johnson",78679
"David Miller",85232
"Michael Thompson",93949
"Linda Taylor",78803
"Leo Iyer",65276
"Rohit Patel",62151
"Sarah Brown",66606
"Daniel Brown",61255
"Sarah Lewis",92412
"John Thompson",79933
"Sophia Brown",98711
"Emily Iyer",69174
"Sophia Johnson",61937
"Michael Wilson",79308
"Sophia Gupta",73892
"Sarah Wilson",60064
"Olivia Gupta",75366
"Rohit Johnson",87175
"Sarah Gupta",95984
"Emily Taylor",81825
"Ananya Gupta",68238
"Daniel Walker",61291
"Luke Brown",69266
"Kiran Anderson",97636
"Arun Taylor",58997
"Michael Iyer",75770
"Olivia Smith",65701
"Sarah Thomas",93808
"Nina Brown",76521
"Leo Johnson",91952
"Leo Kumar",82917
"Linda Thompson",96678
"Leo Thompson",73038
"Emily Miller",96937
"Karen Davis",82470
"Kiran Smith",74721
"Linda Williams",91126
"Arun Gupta",90990
"Priya Taylor",97255
"Daniel Singh",73939
"Linda Lewis",93015
"Vikram Singh",82156
"Ananya Thompson",97763
"Nina Patel",61108
"Emily Lewis",58911
"Sophia Walker",82949
"Aisha Lewis",86769
"Vikram Kumar",64025
"Sophia Miller",78993
"Emily Patel",74989
"Rohit Davis",78749
"Rohit Smith",99360
"Sarah Johnson",93767
"Aisha Sharma",74277
"Ananya Anderson",85456
"Luke Davis",61042
"David Gupta",83039
"Rohit Walker",84331
"Emily Miller",89444
"Leo Kumar",64860
"Linda Smith",74037
"Kiran Iyer",81438
"Luke Kumar",93693
"Kiran Patel",92866
"John Davis",63583
"Sophia Davis",73095
"Luke Lewis",63788
"Sarah Singh",62423
"Linda Lewis",87839
"Karen Smith",73212
"Aisha Kumar",86077
"Kiran Kumar",69164
"Sarah Lewis",75029
"Nina Taylor",67747
"Nina Wilson",72242
"Emily Patel",67065
"Olivia Taylor",63039
"Sarah Lewis",59394
"Arun Smith",83694
"Leo Miller",96306
"Daniel Brown",69989
"Aisha Wilson",72429
"Aisha Taylor",72217
"John Singh",82144
"Daniel Gupta",96308
"Linda Singh",80558
"Leo Anderson",71643
"David Thompson",61663
"Ananya Smith",81587
"Sarah Thomas",66796
"John Kumar",63562
"Emily Miller",61004
"John Thomas",83085
"Daniel Patel",90445
"Priya Brown",72417
"Emily Davis",90774
"Linda Sharma",59544
"John Wilson",74378
"Ananya Smith",76179
"Daniel Iyer",69948
"Olivia Patel",80149
"Kiran Gupta",89378
"Michael Iyer",61627
"Michael Brown",71442
"Michael Thomas",67293
"David Gupta",70310
"Vikram Smith",65270
"Nina Lewis",71524
"Olivia Miller",70336
"Kiran Singh",69477
"Nina Thomas",80507
"John Taylor",69861
"Nina Wilson",59428
"Nina Williams",80903
"David Lewis",71571
"Ananya Miller",73668
"Leo Williams",75473
"Luke Davis",80940
"David Kumar",93593
"John Johnson",74497
"Daniel Singh",65269
"Linda Patel",85791
"Michael Singh",59089
"David Lewis",65632
"Sarah Davis",67210
"Sarah Johnson",93406
"Daniel Singh",58684
"Rohit Patel",90529
"Luke Taylor",84561
"Vikram Kumar",80663
"Sophia Wilson",69055
"Aisha Singh",85568
"Linda Gupta",61261
"Michael Sharma",68239
"Luke Miller",63872
"Sophia Singh",68824
"Daniel Kumar",91938
"Rohit Patel",60313
"Sophia Thomas",98945
"Arun Brown",71192
"Olivia Lewis",81809
"Nina Wilson",90598
"Daniel Johnson",78009
"Rohit Taylor",72087
"Sophia Thompson",78466
"Leo Walker",67805
"Leo Johnson",94169
"Leo Brown",64618
"Sarah Thomas",86852
"David Miller",59979
"Olivia Thompson",60522
"Ananya Singh",94126
"Rohit Thomas",87726
"Linda Anderson",70269
"Nina Iyer",74317
"David Lewis",96196
"Michael Thomas",83711
"Karen Johnson",60924
"Vikram Miller",89394
"Sarah Kumar",71260
"Sophia Gupta",80456
"Emily Singh",71525
"John Johnson",64804
"Emily Davis",86307
"Michael Gupta",86103
"Aisha Kumar",64577
"Leo Davis",64159
"Vikram Davis",62763
"Vikram Thompson",79630
"David Kumar",83154
"John Williams",85446
"Luke Patel",73308
"Nina Johnson",73135
"Daniel Patel",66290
"Ananya Taylor",91788
"Daniel Lewis",74952
"Sarah Wilson",62502
"Rohit Smith",70363
"Linda Sharma",85121
"Kiran Miller",71714
"Karen Smith",65643
"John Thompson",99260
"Karen Thomas",59156
"Aisha Iyer",68610
"Ananya Wilson",80962
"Sophia Iyer",76481
"Ananya Anderson",70783
"Luke Miller",68228
"Sarah Thompson",89514
"Daniel Walker",64664
"Arun Johnson",88571
"Luke Johnson",76689
"Leo Smith",71253
"Aisha Walker",88023
"Sophia Anderson",60241
"John Sharma",88097
"Karen Wilson",58909
"Olivia Johnson",73828
"David Kumar",67281
"Arun Kumar",81688
"Sophia Smith",80597
"Rohit Johnson",80875
"Nina Miller",84393
"Daniel Kumar",62152
"Michael Brown",69515
"Vikram Singh",62096
"Emily Wilson",84945
"Sophia Thomas",64010
"John Iyer",60302
"John Walker",87045
"Arun Iyer",87263
"Aisha Kumar",76629
"Priya Anderson",85475
"Kiran Sharma",69133
"Karen Lewis",68253
"Linda Gupta",82751
"Daniel Thomas",88909
"Karen Kumar",61329
"John Miller",93939
"Sophia Brown",82124
"Aisha Smith",76992
"Daniel Sharma",65850
"Emily Sharma",92868
"Priya Kumar",89407
"Olivia Iyer",65996
"Michael Patel",79948
"Nina Miller",88769
"Daniel Gupta",60212
"Luke Thomas",63038
"Luke Brown",77794
"Arun Thompson",59662
"Priya Thomas",66069
"Kiran Patel",68666
"David Iyer",71247
"Sarah Anderson",70698
"Nina Brown",74761
"Arun Lewis",97343
"Arun Williams",78524
"Luke Wilson",60138
"Vikram Davis",62143
"Rohit Davis",71748
"Arun Miller",89096
"Emily Gupta",78489
"Rohit Walker",68199
"Karen Smith",77078
"Arun Patel",69402
"David Sharma",59766
"Aisha Iyer",63123
"Arun Anderson",66072
"Karen Iyer",67798
"Ananya Singh",67958
"Daniel Thompson",77281
"Vikram Davis",64387
"Michael Smith",68087
"Karen Anderson",79736
"Kiran Thompson",79565
"Karen Kumar",76461
"Sophia Williams",60513
"Ananya Williams",91745
"David Miller",71519
"Daniel Singh",84409
"Sarah Thompson",75863
"Olivia Davis",92263
"Leo Thompson",66202
"Leo Williams",71960
"Olivia Smith",76369
"Arun Brown",74603
"Leo Kumar",76889
"Emily Walker",81727
"John Patel",69450
"Leo Iyer",65427
"Rohit Singh",77235
"Olivia Kumar",66503
"Aisha Singh",65477
"Ananya Thomas",97207
"Vikram Lewis",60173
"Priya Smith",63127
"Olivia Gupta",86447
"Vikram Smith",95407
"Michael Lewis",90661
"John Thompson",85624
"Sophia Sharma",72988
"Leo Davis",70189
"David Smith",66168
"Daniel Wilson",59184
"Linda Davis",92978
"Sophia Thompson",83606
"Karen Iyer",76849
"Ananya Walker",93711
"Michael Davis",82278
"Aisha Singh",60474
"Rohit Lewis",78864
"Emily Lewis",59208
"Sarah Taylor",93817
"Leo Taylor",81568
"David Brown",88104
"Priya Singh",66499
"Emily Iyer",67404
"John Taylor",89958
"Daniel Thomas",81571
"Leo Gupta",77159
"Daniel Thompson",76279
"Aisha Walker",95227
"Kiran Thompson",94776
"Rohit Lewis",88153
"Sarah Sharma",62745
"Priya Kumar",70323
"Kiran Walker",60653
"Leo Smith",67654
"Emily Davis",69331
"Olivia Davis",70893
"Arun Lewis",85704
"Arun Thompson",87622
"Emily Brown",93580
"Rohit Sharma",69355
"Sarah Davis",66477
"Priya Brown",60086
"John Brown",91835
"Karen Johnson",75942
"Nina Brown",90926
"Leo Singh",62894
"Ananya Smith",68047
"Sarah Singh",70112
"Vikram Walker",67811
"Priya Wilson",90679
"Vikram Smith",85364
"Vikram Patel",85963
"Nina Thompson",78046
"Linda Davis",58941
"Vikram Lewis",64265
"Kiran Thompson",60132
"Daniel Taylor",72101
"Leo Iyer",60998
"John Gupta",69122
"Ananya Miller",75719
"Arun Davis",84061
"Rohit Lewis",60139
"David Johnson",62453
"Sarah Iyer",83993
"Aisha Brown",99784
"Olivia Taylor",87448
"Vikram Anderson",67382
"Arun Davis",77390
"Karen Iyer",91189
"Sarah Miller",63686
"Nina Patel",61445
"Leo Wilson",96261
"Olivia Taylor",90375
"Ananya Miller",69406
"Aisha Wilson",76350
"Rohit Thompson",95607
"Kiran Smith",58488
"Nina Davis",63102
"Emily Walker",94007
"Sophia Miller",81304
"Linda Williams",88205
"Arun Anderson",90666
"Vikram Singh",61079
"Ananya Williams",80652
"Sarah Smith",97995
"Arun Kumar",94454
"Nina Wilson",68875
"Vikram Singh",88321
"Karen Davis",69471
"Olivia Davis",84335
"Emily Thomas",76282
"Emily Thompson",66701
"Aisha Lewis",72140
"John Anderson",58725
"Sarah Anderson",77199
"Linda Gupta",74879
"Vikram Davis",96374
"Kiran Smith",78738
"Sarah Wilson",74004
"Vikram Brown",90428
"Nina Brown",80724
"Kiran Anderson",65143
"Leo Anderson",62254
"Ananya Gupta",66344
"Karen Patel",64819
"Daniel Iyer",69264
"Aisha Williams",65567
"Karen Anderson",86292
"Sophia Kumar",99126
"Emily Williams",98588
"Daniel Davis",66833
"David Gupta",90284
"Arun Johnson",66074
"Linda Johnson",64869
"Linda Gupta",67560
"Daniel Miller",71881
"Sarah Walker",86089
"Priya Kumar",59457
"Daniel Lewis",84274
"John Brown",71734
"Arun Sharma",98643
"Michael Thomas",95526
"Ananya Singh",80014
"Arun Sharma",63017
"Michael Thomas",70633
"Vikram Brown",74960
"Kiran Anderson",72897
"Aisha Wilson",78299
"Leo Lewis",63029
"Kiran Brown",69902
"Leo Wilson",94766
"Kiran Lewis",70994
"Vikram Thomas",61401
"Michael Taylor",71071
"Sophia Lewis",68088
"Nina Patel",93169
"David Walker",80647
"Michael Williams",75125
"Sophia Williams",92797
"Sarah Smith",73493
"Karen Davis",85310
"Aisha Anderson",65544
"Sarah Patel",68576
"Karen Brown",97443
"Linda Walker",62111
"Sarah Johnson",58633
"Vikram Patel",88136
"Daniel Singh",72004
"Aisha Patel",74071
"Ananya Thompson",69896
"Olivia Lewis",67009
"Sarah Kumar",69446
"Aisha Brown",69662
"Michael Anderson",78888
"John Taylor",71102
"Priya Taylor",82835
"Priya Gupta",63023
"Daniel Lewis",68149
"Michael Iyer",66773
"Michael Brown",81865
"Kiran Thomas",73003
"John Lewis",61740
"Michael Wilson",71108
"Priya Anderson",63052
"Ananya Iyer",97202
"Karen Iyer",80329
"Kiran Davis",99337
"Ananya Brown",72015
"Olivia Sharma",63046
"Nina Sharma",71431
"Kiran Wilson",82392
"Karen Iyer",77484
"Arun Brown",59215
"Linda Lewis",70559
"Rohit Brown",80209
"Emily Thompson",79923
"David Wilson",82097
"Linda Smith",68251
"Nina Kumar",60874
"John Lewis",86966
"Luke Smith",77860
"Daniel Williams",83211
"David Davis",73750
"Luke Gupta",83778
"Nina Smith",83691
"Emily Davis",73226
"Emily Sharma",90797
"Kiran Thomas",94210
"Vikram Gupta",62251
"Ananya Thompson",70172
"Kiran Lewis",59454
"Daniel Walker",91107
"Arun Taylor",98976
"Arun Brown",60676
"Kiran Williams",66168
"Leo Anderson",64731
"Rohit Iyer",59647
"Karen Gupta",89011
"Priya Patel",60990
"David Lewis",76704
"Rohit Gupta",73150
"Linda Thompson",61970
"Karen Lewis",75624
"Leo Singh",66264
"Michael Walker",88221
"Leo Williams",61823
"Aisha Wilson",63296
"Priya Taylor",72178
"David Kumar",66319
"Rohit Singh",90234
"Olivia Iyer",96085
"Michael Sharma",73437
"Aisha Patel",66305
"Emily Williams",59026
"Daniel Singh",75283
"Rohit Thomas",83619
"Arun Miller",67409
"Luke Wilson",58410
"Aisha Kumar",79970
"Linda Anderson",60178
"Sophia Wilson",69388
"Vikram Sharma",79152
"Sarah Thomas",63387
"Emily Lewis",65453
"Daniel Gupta",92901
"Olivia Taylor",79053
"Nina Anderson",73882
"Aisha Kumar",66130
"Priya Wilson",77771
"Vikram Wilson",98908
"Vikram Lewis",89881
"Arun Anderson",87055
"Sophia Sharma",63250
"David Taylor",79943
"John Smith",74846
"Luke Taylor",73024
"Aisha Wilson",82433
"Kiran Thompson",76372
"Karen Lewis",65515
"David Taylor",73742
"Emily Johnson",81628
"David Gupta",83518
"Nina Patel",68072
"Nina Anderson",81336
"Leo Taylor",72416
"Rohit Sharma",71924
"Emily Gupta",71732
"Daniel Wilson",85342
"Karen Johnson",66004
"Leo Iyer",60490
"Michael Kumar",75017
"David Patel",85121
"Linda Iyer",69860
"John Taylor",81502
"Ananya Singh",64919
"Priya Wilson",73436
"Leo Thomas",64319
"Nina Williams",77257
"Luke Anderson",61772
"Emily Thompson",69634
"Vikram Lewis",99364
"Leo Iyer",77137
"Michael Smith",73030
"Leo Singh",69835
"Aisha Williams",61461
"Daniel Johnson",600188
"Luke Brown",98681
"Priya Johnson",90576
"David Williams",88663
"Kiran Iyer",94109
"Priya Brown",89730
"Sarah Williams",87882
"Sophia Gupta",87263
"Priya Davis",87201
"Sophia Williams",88107
"Sophia Johnson",87657
"Sarah Walker",60011
"Michael Lewis",59038
"Priya Sharma",84252
"Olivia Anderson",66261
"Sarah Thomas",97112
"Emily Johnson",68494
"Michael Kumar",61802
"Nina Smith",75684
"Arun Wilson",62205
"Daniel Gupta",91269
"Ananya Miller",73405
"David Johnson",73127
"Luke Thompson",69768
"Rohit Taylor",76591
"Aisha Lewis",87883
"Luke Wilson",58673
"David Thomas",60007
"Michael Walker",58433
"Daniel Wilson",86705
"John Wilson",71130
"Michael Davis",99773
"Daniel Walker",66034
"John Sharma",63734
"Emily Iyer",74878
"David Gupta",95713
"Sarah Miller",66875
"Daniel Gupta",58900
"Olivia Brown",68188
"Priya Johnson",95576
"Arun Anderson",84753
"Ananya Williams",68016
"Rohit Anderson",91680
"Daniel Anderson",69923
"Ananya Patel",78636
"Emily Davis",79864
"Olivia Singh",88934
"Emily Miller",63197
"Olivia Thompson",66380
"Leo Walker",71714
"Ananya Smith",61033
"John Miller",65208
"Sophia Walker",75139
"Leo Sharma",68471
"Daniel Brown",65990
"Arun Iyer",82543
"Leo Anderson",81342
"Rohit Wilson",65395
"Emily Walker",89575
"Arun Singh",64498
"Nina Sharma",94458
"Ananya Taylor",84645
"Ananya Thomas",80705
"Emily Smith",76263
"Emily Williams",59801
"Arun Williams",58710
"Michael Anderson",90748
"Olivia Davis",73311
"Priya Singh",75825
"Sophia Thompson",73614
"Michael Smith",60568
"Leo Brown",79388
"David Thompson",60555
"Rohit Thomas",92196
"Priya Taylor",83106
"Aisha Smith",78040
"David Kumar",79944
"Sarah Thompson",62746
"Vikram Miller",74006
"Emily Sharma",68302
"Vikram Thompson",65085
"Nina Iyer",68189
"Luke Anderson",92376
"Rohit Thomas",59170
"Ananya Singh",67996
"Emily Walker",88206
"Arun Walker",70003
"John Iyer",80876
"Rohit Thomas",72942
"Linda Iyer",77337
"Emily Patel",88213
"Leo Walker",60070
"Ananya Brown",97282
"Sophia Brown",66660
"John Lewis",79926
"John Patel",67932
"Emily Lewis",65594
"Sarah Lewis",83067
"Aisha Anderson",96128
"Rohit Taylor",61938
"Ananya Gupta",87609
"Aisha Miller",71862
"Kiran Thomas",81182
"Sarah Sharma",76417
"Daniel Anderson",78009
"John Patel",90097
"Luke Davis",78812
"Kiran Miller",98228
"Sarah Gupta",77842
"Kiran Wilson",84721
"Priya Brown",79941
"John Iyer",85517
"Karen Wilson",85203
"Daniel Wilson",90619
"Aisha Thompson",84996
"Sarah Miller",83068
"Linda Singh",77208
"Luke Smith",79707
"Sarah Sharma",98919
"Leo Smith",79933
"Linda Johnson",60003
"Priya Miller",98539
"David Brown",75909
"Karen Sharma",59949
"Karen Johnson",65511
"Vikram Iyer",83403
"Vikram Smith",79538
"Karen Davis",65748
"Karen Thompson",91300
"Emily Iyer",67003
"Ananya Thompson",70816
"David Wilson",84217
"Arun Sharma",83635
"Aisha Brown",67457
"Luke Walker",94596
"Leo Davis",80602
"Nina Anderson",99319
"Sarah Gupta",63549
"Michael Iyer",60881
"Ananya Williams",74226
"Karen Walker",58987
"Emily Iyer",59956
"John Walker",78352
"Emily Brown",71276
"Rohit Taylor",79280
"Rohit Brown",83613
"Ananya Anderson",82850
"Nina Williams",64923
"Kiran Johnson",82309
"Rohit Thompson",66271
"Michael Williams",65198
"Rohit Thomas",62301
"Arun Brown",82517
"Emily Johnson",66357
"Rohit Brown",65705
"David Gupta",596574
"Emily Johnson",83996
"Olivia Patel",63211
"David Singh",62968
"Ananya Singh",88290
"Aisha Johnson",89125
"Luke Thomas",73917
"John Taylor",69792
"Michael Iyer",62294
"Michael Patel",97654
"John Gupta",61772
"Karen Patel",60030
"Sarah Brown",77596
"Emily Kumar",65046
"Aisha Walker",92385
"Nina Sharma",62905
"Priya Gupta",60388
"Priya Sharma",97607
"Sarah Iyer",81151
"Linda Miller",99785
"Emily Williams",92911
"Luke Kumar",69420
"John Sharma",73960
"Sophia Thomas",99392
"Arun Iyer",83282
"Olivia Johnson",59726
"Olivia Singh",70725
"John Anderson",89379
"Sophia Sharma",69220
"Olivia Kumar",82782
"Emily Thompson",69113
"Sarah Taylor",97174
"Sophia Johnson",64326
"Aisha Anderson",69632
"Karen Singh",64802
"Aisha Anderson",59000
"Linda Lewis",65135
"Sarah Sharma",70458
"Vikram Patel",70146
"Vikram Thompson",60119
"Arun Thomas",69320
"Aisha Walker",84156
"Rohit Iyer",75470
"Sarah Singh",75794
"Aisha Johnson",87570
"Daniel Thomas",64913
"John Thomas",94003
"Olivia Davis",90416
"Aisha Davis",73354
"Emily Davis",88524
"Sarah Patel",73159
"Luke Thomas",81969
"David Brown",85742
"Linda Thompson",78594
"Arun Anderson",89862
"Olivia Sharma",84086
"Emily Gupta",62102
"Vikram Iyer",66991
"Luke Kumar",89334
"Arun Anderson",75565
"Linda Kumar",58683
"Olivia Wilson",69158
"Sarah Wilson",74306
"Rohit Thomas",64226
"Kiran Singh",60510
"Aisha Patel",72013
"Luke Kumar",67260
"David Patel",94198
"Leo Miller",97553
"Michael Davis",90470
"Arun Anderson",60492
"Linda Iyer",75859
"Vikram Kumar",89194
"Kiran Singh",80845
"Nina Walker",62453
"David Walker",64622
"Nina Davis",60355
"Nina Smith",80162
"Daniel Lewis",97528
"Luke Miller",68696
"Emily Miller",58751
"Daniel Smith",61162
"Leo Brown",96979
"Nina Kumar",77144
"Daniel Anderson",73808
"Michael Davis",61507
"Sarah Singh",62790
"Leo Wilson",86784
"Nina Iyer",75309
"Aisha Gupta",97447
"Kiran Miller",69083
"Karen Kumar",72871
"Emily Miller",71194
"Ananya Walker",73812
"Michael Anderson",78400
"Daniel Iyer",69053
"Kiran Iyer",65250
"Aisha Kumar",60694
"Kiran Johnson",65723
"Michael Brown",62679
"Kiran Patel",76500
"Leo Wilson",65470
"Rohit Taylor",97318
"Daniel Thomas",92394
"Sarah Sharma",75531
"Luke Davis",66092
"Sarah Miller",83098
"Rohit Miller",60900
"John Brown",93918
"John Wilson",85601
"Karen Singh",89676
"Sophia Smith",93295
"Daniel Brown",81791
"David Taylor",60247
"Leo Williams",69455
"Arun Thompson",58736
"John Miller",68345
"Rohit Williams",98997
"Leo Taylor",67675
"Karen Kumar",77089
"Arun Iyer",85387
"Rohit Kumar",67394
"Daniel Smith",62087
"Leo Walker",76322
"Daniel Gupta",84094
"Vikram Singh",89860
"Daniel Thompson",58457
"David Johnson",65219
"Sarah Taylor",61545
"Nina Smith",70114
"Daniel Anderson",84502
"John Johnson",73827
"Emily Singh",58682
"Rohit Patel",75410
"Daniel Davis",62323
"Priya Johnson",78990
"Vikram Williams",89287
"Leo Gupta",62906
"Sophia Iyer",87964
"Linda Davis",58500
"Aisha Thomas",66405
"Olivia Gupta",70709
"Karen Lewis",66961
"Luke Williams",74665
"Kiran Lewis",62005
"John Johnson",73526
"Priya Kumar",80521
"Aisha Thomas",84212
"Kiran Gupta",70803
"Luke Williams",78225
"Linda Sharma",77178
"Aisha Miller",69275
"Vikram Davis",74004
"Luke Walker",75803
"Michael Thompson",78761
"Michael Davis",97041
"Nina Patel",95805
"David Gupta",95464
"Michael Kumar",63085
"Daniel Taylor",81351
"Karen Williams",63465
"Vikram Williams",59895
"Rohit Walker",62837
"Ananya Lewis",89193
"David Davis",61260
"John Miller",68474
"John Miller",85063
"Luke Sharma",77119
"John Miller",74748
"Luke Williams",60740
"Priya Singh",79103
"Kiran Miller",72044
"Michael Smith",64949
"Rohit Williams",72955
"Aisha Davis",91593
"Leo Thomas",60239
"Emily Thompson",67814
"David Thompson",69870
"Sophia Patel",66646
"Michael Lewis",84277
"Luke Williams",86906
"Luke Thompson",69406
"Luke Wilson",99630
"Daniel Miller",68790
"Luke Walker",75711
"Sophia Wilson",77125
"Daniel Taylor",63568
"Ananya Brown",63136
"Leo Smith",77219
"Daniel Smith",81302
"Daniel Walker",69434
"Michael Anderson",61786
"Leo Davis",72857
"David Anderson",97696
"Leo Smith",73286
"Kiran Johnson",62455
"Leo Smith",63115
"Rohit Kumar",62927
"Luke Davis",63622
"Kiran Brown",60625
"Karen Walker",93099
"Ananya Sharma",68737
"Arun Taylor",75303
"Luke Davis",75074
"Arun Kumar",70365
"Linda Sharma",69169
"Michael Wilson",59152
"Priya Davis",71754
"Nina Lewis",90510
"John Sharma",74122
"Vikram Brown",62549
"Arun Walker",86799
"Arun Sharma",85468
"Emily Iyer",63022
"Leo Williams",75638
"David Gupta",90291
"Kiran Lewis",60915
"Emily Thomas",83297
"Aisha Patel",88859
"Michael Thomas",72955
"Rohit Walker",66426
"Linda Wilson",65157
"Priya Davis",79764
"Vikram Gupta",61942
"Priya Wilson",92003
"Nina Singh",74556
"Michael Iyer",66884
"Priya Smith",75465
"Olivia Sharma",82811
"Priya Walker",75204
"Leo Singh",63335
"Sarah Williams",63236
"Emily Anderson",82364
"Ananya Miller",75869
"Nina Smith",85631
"Daniel Taylor",63426
"Leo Williams",99216
"Nina Gupta",94601
"Aisha Williams",69290
"Sarah Brown",85739
"Kiran Johnson",60231
"Nina Lewis",69884
"Karen Anderson",67570
"David Sharma",89943
"Aisha Gupta",90017
"Vikram Davis",61956
"Nina Taylor",64628
"Sarah Brown",87370
"Leo Davis",58659
"Ananya Patel",83020
"Olivia Wilson",78928
"John Iyer",72549
"Linda Wilson",88019
"Leo Anderson",85809
"John Taylor",64321
"Michael Johnson",88511
"Priya Iyer",88791
"Aisha Thomas",81008
"Emily Sharma",62743
"Leo Miller",63975
"Sophia Patel",60075
"Karen Sharma",58765
"Rohit Davis",95737
"Kiran Smith",80184
"Rohit Taylor",61873
"Nina Smith",71746
"Priya Miller",87179
"Luke Smith",87084
"Olivia Thompson",74543
"Arun Iyer",75221
"Sarah Lewis",74717
"Aisha Miller",63410
"Linda Singh",70751
"Sarah Davis",99059
"Kiran Iyer",73381
"Ananya Wilson",69088
"Daniel Johnson",94911
"Vikram Anderson",98517
"Ananya Walker",75530
"John Anderson",62147
"Olivia Taylor",62272
"Sarah Iyer",71098
"David Davis",71647
"Karen Williams",92842
"Daniel Wilson",76091
"Michael Sharma",88245
"Nina Davis",65425
"Leo Singh",98267
"Emily Lewis",81869
"Priya Smith",91710
"Arun Thomas",62273
"Arun Thomas",72300
"Daniel Smith",83690
"Luke Wilson",63070
"Sarah Walker",58500
"Vikram Anderson",96622
"Aisha Kumar",71112
"Ananya Davis",59649
"Olivia Johnson",90741
"Sophia Sharma",95554
"Kiran Iyer",84056
"Leo Davis",89372
"Aisha Miller",83909
"Emily Kumar",68463
"John Anderson",66419
"Olivia Singh",91937
"Ananya Brown",81921
"David Smith",88375
"Sophia Davis",64761
"Vikram Gupta",60825
"Vikram Patel",78492
"Karen Johnson",73817
"David Miller",92754
"Aisha Lewis",94276
"Daniel Lewis",96501
"Leo Singh",74451
"Olivia Singh",69058
"Vikram Lewis",83704
"Daniel Sharma",81539
"Aisha Brown",63742
"Olivia Miller",72964
"Rohit Thomas",63776
"Rohit Patel",83277
"Kiran Davis",83623
"Nina Lewis",68817
"Rohit Taylor",80893
"Karen Williams",77772
"Rohit Sharma",64670
"Arun Davis",96541
"Ananya Iyer",81250
"Kiran Johnson",73336
"Ananya Walker",91851
"Sarah Sharma",70346
"Daniel Miller",72714
"Nina Sharma",72285
"Rohit Thomas",63911
"Michael Lewis",66950
"Ananya Williams",69163
"Daniel Sharma",78029
"Vikram Lewis",65428
"Daniel Singh",64532
"Sophia Sharma",88719
"Arun Smith",67140
"John Iyer",86239
"Leo Smith",82342
"Leo Iyer",634419
"Daniel Wilson",69366
"Luke Lewis",81336
"Leo Miller",77066
"Linda Singh",69102
"Ananya Thompson",67135
"Sarah Gupta",69153
"Nina Walker",59861
"Aisha Sharma",85955
"Daniel Wilson",86785
"Michael Davis",61743
"Arun Thomas",88921
"Nina Wilson",74192
"Kiran Singh",64973
"Linda Singh",72503
"Olivia Smith",72314
"Luke Taylor",94569
"Priya Miller",61622
"Emily Johnson",62728
"John Johnson",61639
"Daniel Smith",75802
"Olivia Wilson",86832
"Aisha Taylor",83547
"Luke Singh",68635
"Daniel Williams",64604
"Karen Sharma",87392
"Rohit Williams",68141
"David Williams",75794
"Rohit Smith",59840
"Michael Patel",68948
"Luke Singh",62257
"Karen Johnson",72592
"Aisha Thomas",69157
"Aisha Patel",61650
"Nina Thomas",67578
"Luke Johnson",87728
"Karen Brown",79057
"Olivia Miller",70062
"Olivia Miller",67653
"Michael Smith",59342
"Priya Anderson",82749
"Kiran Wilson",82870
"Kiran Davis",71221
"David Miller",59668
"Sarah Singh",96569
"Luke Taylor",92559
"Vikram Smith",99737
"Sophia Lewis",70295
"Linda Smith",74149
"Arun Thomas",78059
"Nina Thomas",67685
"Michael Wilson",81957
"Michael Lewis",63286
"Sarah Singh",63193
"Michael Lewis",61407
"Vikram Kumar",77070
"Vikram Taylor",79493
"Michael Davis",80769
"Linda Gupta",74735
"Olivia Kumar",80608
"John Patel",63228
"Priya Iyer",83334
"John Gupta",92237
"Luke Taylor",62080
"Rohit Smith",59985
"Sophia Anderson",62122
"David Brown",80569
"Ananya Miller",63742
"Sophia Sharma",88123
"Olivia Brown",69803
"Daniel Thompson",64910
"Aisha Johnson",89193
"Arun Thomas",70763
"David Iyer",82342
"Vikram Iyer",64281
"Rohit Kumar",99091
"Emily Smith",81599
"Arun Patel",77999
"Arun Miller",73689
"Vikram Anderson",65714
"Priya Thomas",73432
"Olivia Sharma",63783
"Nina Williams",65282
"Olivia Gupta",61083
"Arun Smith",95673
"Daniel Anderson",71551
"Sarah Thomas",90525
"Olivia Brown",72824
"Michael Brown",67686
"Aisha Thompson",76263
"David Smith",78922
"Sophia Singh",89029
"Aisha Johnson",91558
"Ananya Singh",92569
"Priya Davis",60082
"Emily Taylor",76525
"Sarah Iyer",62280
"Arun Wilson",71220
"Linda Thomas",62157
"Leo Patel",69192
"Olivia Davis",92293
"Priya Lewis",89054
"Rohit Taylor",92189
"Ananya Taylor",63222
"John Lewis",78977
"Luke Johnson",92425
"Rohit Davis",81069
"Sophia Anderson",97857
"Kiran Thomas",71334
"Leo Davis",77772
"Sophia Walker",86235
"Daniel Patel",69839
"Rohit Brown",71127
"Aisha Walker",95363
"Ananya Williams",73625
"Rohit Wilson",60094
"Ananya Miller",75828
"Luke Lewis",84251
"Emily Thomas",65338
"John Lewis",93863
"Linda Thompson",64583
"Nina Miller",79164
"Leo Kumar",69363
"Olivia Gupta",99518
"Michael Williams",73575
"Karen Singh",82600
"Daniel Thomas",93410
"David Williams",59651
"Vikram Anderson",61040
"Kiran Anderson",67699
"Arun Thomas",72153
"Linda Singh",61069
"Linda Wilson",64095
"Sarah Anderson",75989
"Leo Thomas",68039
"Olivia Patel",71534
"Aisha Iyer",66921
"Michael Davis",68525
"Michael Smith",71556
"Arun Lewis",70343
"Daniel Singh",67889
"Linda Davis",64512
"Sophia Walker",75363
"Nina Gupta",63760
"Kiran Brown",66400
"Olivia Brown",64718
"Rohit Johnson",78790
"Kiran Kumar",93625
"Sophia Thomas",71211
"Daniel Iyer",61943
"Kiran Taylor",89328
"Nina Miller",60320
"Olivia Miller",87644
"Leo Wilson",77112
"Daniel Williams",96920
"Sarah Sharma",65257
"Michael Iyer",87408
"Nina Thompson",69162
"Leo Sharma",59500
"Luke Miller",59836
"Kiran Gupta",67445
"Priya Williams",68103
"Sophia Thompson",95219
"Aisha Brown",58836
"Nina Thomas",71959
"Linda Gupta",77992
"Ananya Sharma",74865
"Olivia Walker",88201
"Leo Wilson",72308
"John Thompson",92340
"Daniel Wilson",71956
"Kiran Gupta",80112
"Michael Patel",59735
"Vikram Anderson",87986
"Arun Lewis",84839
"Daniel Singh",67813
"Emily Brown",94033
"Olivia Sharma",74624
"Sarah Brown",80645
"Luke Taylor",83434
"Olivia Gupta",92260
"Luke Gupta",66690
"Nina Gupta",69584
"Kiran Singh",59468
"Priya Walker",63997
"Aisha Taylor",92416
"Michael Kumar",68684
"Olivia Thompson",99691
"Sophia Smith",97144
"Linda Thompson",93043
"Rohit Singh",91015
"John Patel",72748
"Priya Sharma",63261
"Sarah Thomas",60555
"Ananya Kumar",85991
"David Williams",99554
"Michael Wilson",82393
"Sophia Taylor",87251
"Sophia Thomas",59383
"Nina Williams",91658
"Aisha Smith",89641
"Sarah Iyer",73200
"Leo Walker",88646
"Sophia Sharma",96969
"David Thomas",82618
"Leo Patel",66915
"Priya Kumar",96054
"Emily Anderson",60672
"Aisha Thompson",83463
"Linda Iyer",98748
"Kiran Lewis",81369
"Nina Wilson",99409
"John Walker",65046
"Vikram Singh",79059
"Nina Miller",72204
"Aisha Williams",75971
"Luke Thomas",84687
"Kiran Smith",71869
"Emily Brown",63772
"Leo Taylor",92470
"Priya Patel",86500
"Vikram Thomas",75505
"David Walker",89462
"Vikram Taylor",64087
"Emily Thompson",60806
"Karen Anderson",63722
"John Taylor",58814
"Luke Miller",73384
"Luke Smith",62040
"Olivia Gupta",64801
"Olivia Lewis",96171
"Ananya Johnson",86021
"Nina Walker",86600
"Emily Davis",65530
"John Patel",65478
"Michael Singh",88707
"John Iyer",98405
"Luke Iyer",85540
"Sophia Anderson",64405
"Rohit Patel",71041
"Linda Thomas",61562
"Olivia Kumar",64080
"Leo Gupta",77278
"Arun Singh",86249
"David Smith",91649
"Emily Walker",61958
"Priya Brown",90774
"Linda Singh",78024
"Vikram Brown",88728
"Emily Williams",72447
"Priya Singh",59473
"David Thompson",89393
"Emily Brown",75801
"Emily Iyer",86552
"Arun Williams",70480
"Emily Gupta",66996
"Olivia Sharma",75551
"Karen Walker",81120
"Linda Gupta",83975
"Kiran Brown",80030
"Sophia Lewis",69893
"Aisha Taylor",59265
"Priya Gupta",67164
"Kiran Singh",74267
"Leo Kumar",77150
"Nina Iyer",63463
"Kiran Singh",68528
"Leo Johnson",74212
"Vikram Walker",61828
"Arun Kumar",60878
"Emily Lewis",65716
"Karen Thomas",66173
"Rohit Smith",72606
"Nina Williams",81445
"Emily Williams",70000
"Nina Wilson",60374
"John Wilson",75572
"Sarah Johnson",80698
"Ananya Taylor",62605
"John Anderson",93600
"Sophia Brown",78114
"Ananya Brown",79958
"Arun Taylor",97092
"Nina Williams",68610
"Michael Miller",68128
"Arun Patel",64899
"David Kumar",76676
"Nina Anderson",81381
"Linda Lewis",74401
"Leo Kumar",81888
"Aisha Anderson",92918
"John Gupta",91540
"Olivia Patel",71237
"Linda Anderson",61742
"Olivia Brown",64985
"Priya Davis",81703
"Olivia Iyer",60500
"Emily Thompson",70344
"Michael Brown",86638
"John Iyer",67412
"Leo Sharma",70939
"Aisha Davis",86937
"John Smith",68519
"Luke Taylor",73672
"Olivia Walker",90593
"Nina Miller",69984
"Michael Iyer",73169
"Linda Kumar",63552
"Aisha Patel",61977
"Arun Smith",68800
"Michael Taylor",79638
"Rohit Johnson",75596
"Leo Gupta",95138
"Aisha Williams",71118
"Rohit Thompson",83888
"Michael Miller",64282
"Linda Miller",97575
"Kiran Miller",72330
"Ananya Thomas",99669
"Luke Thomas",68716
"Karen Wilson",58855
"Aisha Thomas",83139
"Kiran Johnson",66184
"Sophia Taylor",75897
"Leo Patel",63772
"Karen Gupta",80727
"Vikram Sharma",68625
"Aisha Thompson",74602
"Vikram Brown",72127
"Luke Walker",68333
"Sarah Miller",59268
"Vikram Smith",68675
"Ananya Gupta",70655
"Nina Williams",58820
"Sarah Wilson",76127
"Kiran Lewis",86749
"Ananya Lewis",61612
"Leo Davis",84313
"Arun Singh",78594
"Luke Singh",87658
"John Kumar",63900
"Kiran Smith",82838
"Vikram Anderson",70532
"John Taylor",65451
"Priya Singh",65225
"Michael Davis",70188
"David Davis",70554
"Vikram Kumar",60274
"Leo Williams",80921
"Nina Thomas",59134
"Sophia Brown",63850
"Emily Gupta",86858
"Sarah Sharma",64216
"Nina Brown",68562
"Karen Lewis",67370
"David Davis",70778
"Aisha Wilson",65463
"John Singh",90738
"Arun Brown",86709
"Rohit Singh",75557
"Ananya Walker",84846
"Priya Iyer",75228
"Arun Kumar",60246
"Emily Wilson",88358
"Sophia Miller",72167
"Rohit Anderson",82833
"Priya Thomas",70347
"Olivia Kumar",94664
"Leo Anderson",89707
"Rohit Williams",60979
"Sophia Anderson",74697
"Michael Sharma",85322
"Arun Miller",99218
"David Thomas",76915
"Nina Anderson",61450
"Daniel Lewis",98789
"Sophia Miller",62335
"Leo Kumar",82255
"Luke Kumar",67715
"Rohit Anderson",79835
"Kiran Walker",66144
"Nina Anderson",64054
"Arun Iyer",99514
"Luke Walker",84925
"Sarah Lewis",64814
"Olivia Singh",85145
"Priya Anderson",68073
"Daniel Smith",71406
"Vikram Patel",63847
"Aisha Lewis",62331
"Ananya Sharma",75592
"Vikram Sharma",78859
"Priya Walker",91262
"Luke Thomas",68996
"John Gupta",63708
"Kiran Wilson",89884
"Luke Johnson",59339
"Leo Brown",60694
"Michael Davis",94773
"Olivia Sharma",77883
"Rohit Williams",73634
"David Smith",86045
"Arun Singh",87060
"Michael Johnson",78987
"Kiran Smith",77143
"Nina Patel",87647
"Sophia Wilson",85351
"Michael Walker",66674
"Sophia Gupta",97985
"Luke Singh",84692
"Michael Gupta",66002
"Linda Kumar",73535
"Aisha Davis",82569
"John Gupta",59793
"Nina Williams",66696
"Ananya Miller",58672
"Sarah Wilson",94331
"Leo Sharma",65343
"Leo Wilson",60238
"Ananya Thomas",62356
"David Wilson",94792
"Nina Thompson",97781
"Karen Smith",65081
"Nina Davis",86786
"Sophia Davis",69067
"Olivia Patel",73061
"John Singh",98309
"Linda Brown",58758
"Olivia Anderson",64620
"Leo Singh",78322
"Michael Patel",83505
"David Williams",88369
"Linda Singh",65686
"Emily Johnson",71061
"John Singh",89114
"Nina Anderson",66492
"David Iyer",86999
"Linda Davis",92968
"Kiran Thompson",88042
"Leo Walker",73341
"Luke Singh",70785
"David Davis",86800
"Vikram Johnson",73416
"Daniel Williams",68893
"Luke Singh",64564
"Rohit Gupta",87247
"Daniel Anderson",80974
"Michael Thompson",70066
"Michael Lewis",65538
"Sarah Gupta",75103
"Linda Iyer",59183
"Vikram Sharma",74711
"Luke Brown",71517
"Vikram Taylor",75398
"Sophia Sharma",61004
"Ananya Thomas",97948
"Arun Wilson",79123
"Michael Johnson",87640
"Vikram Anderson",59435
"Luke Gupta",69479
"John Smith",60015
"Priya Gupta",70451
"Rohit Taylor",92574
"David Brown",85077
"Rohit Iyer",96901
"Luke Davis",75352
"Luke Gupta",84875
"Olivia Kumar",67781
"Kiran Taylor",79085
"Rohit Gupta",61696
"David Walker",82524
"Priya Miller",60370
"Emily Kumar",92171
"Karen Brown",73212
"Linda Williams",87112
"Michael Smith",60913
"Priya Smith",72528
"Leo Davis",82289
"David Brown",70079
"Michael Smith",73617
"Sarah Iyer",82372
"Sophia Lewis",88563
"Kiran Taylor",62155
"John Wilson",94082
"John Gupta",65169
"Nina Thomas",77975
"David Thompson",77980
"John Iyer",70439
"Vikram Wilson",82234
"Arun Wilson",95528
"Michael Thomas",92300
"Aisha Smith",72251
"David Patel",76434
"Arun Kumar",66839
"Vikram Johnson",65474
"Emily Williams",65112
"Karen Williams",70420
"Vikram Singh",72632
"Luke Gupta",65987
"Daniel Iyer",68906
"Arun Sharma",81033
"John Singh",81155
"Nina Kumar",62458
"Leo Thompson",88117
"Rohit Sharma",97427
"Ananya Johnson",86585
"Emily Wilson",58436
"Leo Sharma",58759
"Vikram Anderson",96331
"Emily Davis",79400
"Ananya Davis",67393
"Arun Williams",92608
"Daniel Wilson",94740
"Daniel Williams",74729
"Vikram Brown",71135
"Leo Sharma",63634
"Ananya Johnson",74728
"John Iyer",62021
"John Williams",75713
"Daniel Sharma",76802
"Linda Lewis",77287
"Leo Johnson",77659
"Luke Kumar",65281
"Karen Kumar",98088
"Rohit Williams",82518
"Kiran Lewis",73124
"Leo Walker",89521
"Leo Gupta",74603
"Emily Singh",94345
"Nina Davis",77550
"Rohit Smith",74729
"Aisha Johnson",66743
"Priya Johnson",75948
"Rohit Patel",71168
"Daniel Davis",93799
"John Miller",61949
"Vikram Patel",75525
"Kiran Sharma",63390
"Luke Iyer",71047
"Olivia Singh",59988
"Aisha Iyer",64914
"Arun Davis",84920
"Emily Anderson",93087
"Aisha Johnson",80170
"Arun Williams",61324
"David Iyer",65913
"Aisha Taylor",79018
"Arun Brown",88114
"Arun Anderson",76635
"Linda Iyer",59076
"Linda Taylor",68705
"Emily Sharma",91210
"Vikram Taylor",59791
"Michael Thompson",86310
"Daniel Smith",78630
"Ananya Davis",59445
"Rohit Wilson",69264
"Sarah Kumar",62144
"David Iyer",63238
"Olivia Patel",78776
"Luke Taylor",74082
"Daniel Thomas",72708
"Ananya Miller",79771
"Rohit Kumar",60875
"Linda Thompson",69488
"Sarah Iyer",72041
"Nina Davis",84646
"Kiran Patel",65611
"Michael Walker",79427
"Kiran Walker",66323
"John Iyer",62574
"Karen Taylor",96679
"Karen Thompson",91304
"Aisha Miller",78332
"Arun Sharma",66690
"Olivia Miller",89435
"Aisha Johnson",72430
"Karen Brown",70849
"Vikram Miller",69920
"Olivia Gupta",61493
"David Patel",87841
"David Smith",85591
"Sophia Sharma",74464
"Emily Singh",84457
"Sophia Thomas",66796
"John Lewis",63688
"Sarah Taylor",84456
"Linda Johnson",60484
"Daniel Gupta",61441
"Priya Kumar",58770
"Arun Kumar",59035
"Nina Sharma",76509
"Ananya Iyer",83000
"Daniel Walker",66497
"Luke Johnson",94684
"Priya Sharma",92822
"Luke Walker",61188
"David Thomas",74364
"Vikram Wilson",62507
"Daniel Smith",97490
"Daniel Brown",85125
"Emily Gupta",59051
"Sophia Iyer",65927
"Michael Thomas",90156
"Ananya Patel",68184
"Karen Thomas",67494
"Vikram Kumar",70336
"Sophia Taylor",77937
"Olivia Thompson",58915
"Ananya Smith",61579
"Sophia Walker",62935
"Sophia Thomas",77007
"Ananya Williams",79601
"Ananya Davis",70265
"Rohit Anderson",81199
"Daniel Davis",66899
"Vikram Smith",61754
"Michael Iyer",73514
"Vikram Patel",76025
"Linda Taylor",61199
"Emily Davis",62326
"John Davis",90182
"Ananya Sharma",92630
"Aisha Miller",77158
"Emily Wilson",82583
"David Patel",64871
"Olivia Taylor",95981
"Leo Anderson",61134
"Sophia Patel",71979
"Aisha Brown",76873
"Olivia Kumar",77081
"Karen Smith",89642
"John Kumar",69938
"Emily Iyer",63304
"Sarah Sharma",60080
"Linda Patel",81839
"Arun Williams",68108
"Priya Singh",66386
"Emily Singh",59213
"Leo Smith",60489
"Arun Thompson",60256
"Sophia Lewis",88230
"Sarah Davis",71689
"Nina Thompson",69997
"Priya Williams",92778
"John Anderson",69517
"Sophia Gupta",80632
"Daniel Iyer",80108
"David Kumar",71422
"Ananya Johnson",66269
"Ananya Taylor",90064
"Michael Smith",60263
"Aisha Williams",63334
"Aisha Smith",59668
"Linda Taylor",68605
"Daniel Brown",59815
"Leo Thompson",72055
"John Taylor",62059
"Rohit Iyer",69355
"Michael Gupta",59247
"Ananya Thompson",67084
"Olivia Walker",59880
"Kiran Johnson",92400
"Linda Johnson",99277
"Leo Lewis",92850
"Nina Wilson",77574
"Ananya Thompson",59316
"Rohit Gupta",99095
"David Taylor",93163
"Michael Brown",81309
"Sarah Iyer",77446
"Sarah Thompson",79622
"Karen Wilson",84242
"Priya Miller",77129
"John Taylor",76779
"Karen Davis",60842
"John Thompson",65966
"Luke Walker",66450
"Daniel Taylor",64818
"Luke Johnson",76024
"Michael Smith",60861
"Daniel Sharma",83006
"Michael Brown",82576
"Sarah Walker",66727
"Sarah Anderson",62217
"Olivia Williams",70534
"Aisha Wilson",84373
"Sarah Smith",67392
"Vikram Miller",71723
"David Anderson",70177
"Aisha Thomas",78051
"Karen Anderson",71947
"Linda Gupta",82207
"Ananya Iyer",74243
"Rohit Singh",84403
"Priya Lewis",84673
"Luke Thomas",59905
"David Kumar",85302
"Michael Gupta",88736
"Sarah Williams",68791
"Ananya Thomas",75458
"Rohit Johnson",67134
"Priya Thomas",99889
"Leo Anderson",75057
"Linda Wilson",80503
"Sarah Thompson",58532
"Michael Kumar",90184
"David Davis",85323
"John Wilson",88908
"Vikram Kumar",81230
"Daniel Thomas",83068
"Ananya Sharma",98528
"Luke Thomas",61344
"Olivia Singh",82528
"Leo Walker",87982
"Sophia Walker",78517
"Olivia Anderson",69612
"Leo Lewis",63220
"Ananya Williams",74843
"Arun Brown",77925
"Michael Brown",75704
"Karen Wilson",99345
"Michael Davis",58961
"Kiran Smith",96973
"Aisha Gupta",80661
"Karen Singh",92611
"Aisha Anderson",82333
"Sarah Patel",89420
"Karen Singh",62703
"Sarah Brown",77472
"Karen Singh",60564
"Rohit Miller",89869
"Olivia Singh",99024
"Sarah Davis",79497
"Kiran Lewis",95399
"Nina Thomas",84563
"Daniel Brown",62796
"Rohit Sharma",75941
"Olivia Thomas",68324
"Luke Iyer",87002
"Luke Miller",68408
"Karen Brown",70466
"Michael Williams",62315
"Vikram Johnson",60631
"Kiran Davis",80364
"Priya Miller",66069
"Nina Walker",59416
"Sarah Anderson",67246
"Emily Kumar",74176
"Kiran Lewis",82538
"Vikram Smith",90880
"Sophia Walker",84783
"Kiran Iyer",93796
"Priya Patel",64245
"Ananya Gupta",96856
"Kiran Williams",94644
"Karen Davis",70615
"Karen Thomas",59848
"Sarah Wilson",88074
"Sophia Anderson",84821
"Linda Smith",62966
"Aisha Davis",66323
"Kiran Thompson",82475
"Emily Sharma",80128
"Priya Sharma",92174
"Aisha Walker",93874
"Arun Iyer",80280
"Emily Iyer",80398
"Rohit Iyer",84705
"Kiran Taylor",67843
"John Thompson",72584
"Nina Davis",80227
"Arun Wilson",64670
"Nina Taylor",76678
"Aisha Anderson",70374
"Nina Davis",88504
"David Anderson",60025
"Karen Smith",71586
"Leo Gupta",72031
"Olivia Lewis",61769
"Kiran Miller",65000
"David Thomas",80374
"Olivia Taylor",64469
"Sophia Taylor",60409
"Luke Miller",80683
"Rohit Davis",76644
"Leo Lewis",82322
"Aisha Williams",59616
"Kiran Taylor",73993
"Nina Walker",63329
"Kiran Walker",58826
"Nina Johnson",64786
"Emily Thomas",61562
"David Williams",86098
"John Thompson",58490
"John Patel",69247
"Aisha Walker",86057
"Michael Miller",67915
"Arun Sharma",75014
"Luke Miller",67591
"Sarah Walker",75354
"Daniel Kumar",77555
"Vikram Patel",67198
"Emily Sharma",77352
"Linda Singh",58656
"Emily Sharma",76056
"Sarah Smith",64325
"Arun Gupta",82017
"Olivia Gupta",58495
"John Brown",76581
"Rohit Anderson",69968
"Daniel Davis",67714
"Sophia Johnson",69522
"Karen Sharma",83110
"Luke Johnson",81433
"Linda Iyer",90896
"Aisha Iyer",63172
"Leo Thompson",59023
"Rohit Davis",70041
"Leo Johnson",85334
"Vikram Thomas",71389
"Priya Johnson",65454
"Leo Johnson",62267
"Michael Singh",93905
"Aisha Taylor",95175
"Aisha Wilson",94429
"Leo Walker",88021
"Nina Gupta",63394
"Sarah Walker",70530
"Daniel Miller",77633
"Luke Thompson",71072
"Sophia Thomas",61491
"Kiran Thompson",63860
"Sarah Thomas",64954
"Linda Gupta",68312
"Michael Johnson",77465
"David Thomas",87718
"Arun Thomas",97100
"Karen Brown",61565
"Aisha Gupta",88432
"Arun Miller",72900
"Priya Williams",82196
"Nina Miller",62068
"Rohit Singh",73015
"Kiran Thompson",66238
"Rohit Lewis",80488
"Linda Davis",63146
"Olivia Johnson",72721
"Nina Williams",95759
"Aisha Sharma",83839
"John Patel",64843
"Leo Gupta",58605
"Ananya Sharma",79297
"Daniel Sharma",91924
"Arun Williams",60574
"Daniel Williams",92437
"John Thompson",67480
"Ananya Thompson",64060
"Olivia Iyer",58587
"Leo Brown",59692
"Vikram Walker",80229
"Aisha Iyer",73176
"David Williams",77149
"Karen Smith",74585
"Rohit Williams",65598
"Emily Brown",84373
"Daniel Wilson",66140
"Leo Patel",76223
"David Lewis",83836
"Michael Iyer",65205
"Olivia Patel",68507
"Nina Davis",70335
"Kiran Williams",84995
"Ananya Smith",60730
"Arun Williams",91875
"Emily Taylor",87738
"Arun Lewis",60629
"Michael Smith",73862
"Arun Sharma",88160
"Luke Patel",75529
"Leo Lewis",67236
"David Walker",71144
"Linda Iyer",68979
"Rohit Wilson",99132
"Karen Wilson",64879
"Sarah Gupta",78623
"Michael Taylor",73205
"John Thompson",61710
"Daniel Brown",65060
"Rohit Walker",95053
"Luke Johnson",77633
"Kiran Singh",68163
"Rohit Patel",86330
"Sophia Lewis",67186
"Ananya Walker",70608
"Sophia Walker",74822
"Priya Gupta",71333
"Priya Sharma",87054
"Olivia Lewis",73503
"Leo Anderson",78030
"Karen Walker",59777
"Emily Thompson",67991
"Vikram Lewis",59156
"Nina Williams",80924
"Daniel Anderson",73749
"Rohit Taylor",83541
"Olivia Anderson",81495
"Sophia Kumar",79428
"Kiran Thompson",94587
"Daniel Patel",59283
"Nina Smith",64574
"Linda Walker",76888
"Michael Patel",77473
"Arun Thomas",61248
"Linda Thomas",79534
"Luke Thomas",58894
"Luke Kumar",78455
"Daniel Wilson",76216
"Kiran Kumar",79969
"Karen Singh",77746
"Sophia Iyer",61260
"Karen Thomas",65846
"Daniel Gupta",69769
"David Davis",62081
"Linda Wilson",74292
"Rohit Kumar",78872
"Daniel Brown",85351
"Arun Davis",68863
"Sophia Williams",71918
"David Johnson",80344
"Nina Miller",82506
"Linda Patel",95527
"Karen Johnson",59247
"Vikram Smith",59885
"John Anderson",80946
"Luke Davis",97499
"Sarah Taylor",88501
"Michael Kumar",74820
"Linda Walker",66730
"Emily Sharma",84516
"Vikram Brown",76818
"Daniel Thomas",60025
"Luke Walker",93458
"Sophia Williams",60515
"Leo Kumar",67496
"Daniel Walker",66301
"Priya Patel",63603
"Aisha Lewis",89939
"Nina Smith",86384
"Leo Johnson",65192
"Rohit Miller",74850
"Daniel Singh",61309
"Aisha Brown",66433
"Emily Walker",72002
"Emily Wilson",58732
"Daniel Wilson",93264
"Linda Sharma",63797
"Kiran Kumar",58970
"Vikram Brown",77166
"Rohit Taylor",59882
"David Wilson",64487
"Nina Wilson",80759
"Olivia Anderson",92722
"Nina Patel",65384
"Leo Davis",98457
"Priya Patel",74705
"Rohit Gupta",71811
"Kiran Williams",83234
"Arun Williams",77466
"Kiran Taylor",84508
"Olivia Thomas",75104
"Luke Singh",93121
"Karen Williams",88521
"Nina Miller",76263
"John Wilson",79630
"Michael Taylor",61403
"Arun Sharma",64080
"Nina Miller",77414
"Emily Kumar",76423
"Leo Thomas",61977
"David Williams",80863
"Olivia Walker",60450
"Sarah Brown",98854
"Rohit Taylor",76480
"Emily Miller",81705
"Rohit Sharma",63163
"Emily Lewis",72123
"John Smith",68856
"Nina Gupta",67734
"Arun Gupta",76046
"Daniel Kumar",60525
"Rohit Wilson",60192
"Leo Taylor",96335
"Karen Thompson",86464
"Daniel Patel",75068
"Aisha Thompson",70197
"Aisha Thompson",69160
"John Singh",89632
"Daniel Thompson",72812
"Nina Iyer",77812
"Aisha Singh",70669
"Daniel Thomas",68351
"Sophia Brown",58862
"John Iyer",62210
"Kiran Johnson",78493
"Vikram Davis",75517
"Aisha Brown",68492
"Karen Brown",71501
"Rohit Thompson",67255
"Karen Kumar",78260
"Olivia Williams",92213
"John Johnson",68931
"Vikram Patel",61327
"Daniel Kumar",58636
"Sarah Singh",71833
"Arun Patel",61201
"Sophia Kumar",72097
"Priya Sharma",67916
"Linda Walker",82399
"Aisha Singh",81162
"Nina Johnson",82527
"David Kumar",59233
"David Johnson",80168
"Aisha Patel",61495
"Leo Lewis",64261
"Luke Kumar",80569
"Emily Patel",82322
"Rohit Thompson",98076
"Luke Patel",92395
"Rohit Sharma",74732
"Priya Anderson",65427
"Linda Miller",69889
"Aisha Lewis",73093
"David Davis",67311
"Leo Smith",78060
"Olivia Iyer",60459
"Michael Johnson",76314
"Nina Sharma",74018
"David Patel",68950
"Olivia Davis",84238
"Sarah Smith",71773
"Olivia Lewis",58813
"Sarah Johnson",65874
"Karen Miller",65342
"Sophia Wilson",83148
"Rohit Sharma",65765
"David Brown",95055
"Kiran Gupta",70039
"Kiran Taylor",94192
"Rohit Taylor",83203
"Michael Iyer",65751
"Sophia Patel",76138
"Nina Singh",69345
"David Brown",72214
"Nina Davis",58658
"Michael Wilson",73053
"Sophia Iyer",69179
"John Kumar",70402
"Aisha Wilson",67377
"Leo Williams",87986
"Emily Thompson",88575
"Ananya Smith",59050
"Vikram Brown",73864
"Luke Williams",92012
"Aisha Miller",73079
"Vikram Smith",73794
"Ananya Davis",80022
"Sophia Thompson",67687
"Olivia Wilson",65990
"Daniel Miller",69210
"Vikram Kumar",59481
"David Sharma",59392
"Ananya Patel",77767
"Michael Thompson",66755
"Ananya Miller",64102
"Rohit Williams",66306
"Olivia Smith",86849
"Karen Brown",67728
"Leo Smith",60497
"Sarah Gupta",80261
"Linda Lewis",76728
"Leo Singh",65535
"David Smith",65273
"Emily Anderson",59054
"Vikram Johnson",97680
"Olivia Iyer",80404
"Arun Brown",92388
"Luke Taylor",60490
"Emily Singh",85019
"Nina Davis",59118
"Emily Kumar",71628
"Ananya Kumar",77216
"Sophia Davis",86102
"Karen Iyer",87575
"Ananya Smith",92281
"Olivia Davis",73783
"David Thompson",85048
"Linda Patel",79741
"Kiran Gupta",79480
"Daniel Walker",81896
"Luke Wilson",78884
"Aisha Wilson",59093
"John Davis",59175
"John Thomas",65388
"Emily Williams",91457
"Sarah Patel",80976
"Karen Smith",63407
"Olivia Lewis",70722
"Vikram Iyer",60105
"Emily Thomas",72984
"David Miller",65388
"Priya Johnson",81561
"Olivia Thomas",80020
"Leo Gupta",67484
"Nina Thomas",77972
"David Patel",83442
"Aisha Kumar",63888
"Linda Williams",73134
"Michael Williams",66373
"Ananya Patel",61527
"Nina Miller",86097
"Rohit Kumar",94128
"Leo Singh",69478
"Kiran Davis",62165
"Rohit Iyer",88365
"Leo Walker",79892
"Arun Williams",82283
"Kiran Smith",86452
"Arun Patel",84526
"Priya Kumar",68889
"Karen Smith",80392
"Kiran Iyer",69343
"Linda Lewis",91084
"Daniel Brown",80196
"Emily Smith",89706
"Vikram Sharma",67966
"Olivia Kumar",64948
"Priya Patel",60642
"Kiran Thomas",70014
"Sarah Patel",69373
"Karen Kumar",61444
"Arun Gupta",72844
"John Anderson",78400
"Michael Smith",91553
"Kiran Wilson",95211
"Nina Miller",69168
"Karen Anderson",68094
"Emily Lewis",84702
"Leo Thompson",96010
"Rohit Davis",69485
"Luke Patel",78875
"Olivia Thompson",99317
"Michael Gupta",78778
"Daniel Anderson",69894
"Daniel Thompson",90517
"Sophia Walker",59372
"John Walker",82668
"Kiran Anderson",68253
"Daniel Walker",68414
"Vikram Gupta",69938
"Kiran Brown",73414
"Luke Johnson",81191
"Emily Johnson",84411
"Kiran Smith",68574
"Arun Patel",67344
"Michael Walker",67333
"Linda Smith",76541
"Sophia Brown",85074
"Nina Miller",79729
"Leo Anderson",87442
"David Smith",73640
"Olivia Taylor",59604
"Aisha Singh",85000
"Vikram Brown",71517
"Leo Thomas",81332
"Nina Patel",78470
"Arun Williams",74571
"Leo Johnson",73910
"Ananya Lewis",63054
"David Wilson",99488
"Michael Williams",96685
"Sophia Lewis",84016
"Olivia Lewis",65654
"Arun Sharma",85364
"Sophia Patel",69250
"Luke Anderson",82494
"Daniel Iyer",63103
"Karen Walker",81142
"Vikram Kumar",71477
"Sarah Williams",71942
"Sophia Davis",99291
"Rohit Johnson",64451
"Kiran Gupta",86495
"Emily Wilson",67733
"Michael Davis",88792
"Rohit Miller",63731
"Karen Walker",73830
"Leo Gupta",81739
"Olivia Anderson",68010
"Michael Taylor",87123
"Leo Lewis",68134
"John Wilson",66411
"Karen Singh",83029
"Aisha Patel",69769
"Aisha Walker",99148
"Ananya Lewis",63899
"Emily Kumar",81578
"Priya Sharma",86723
"Aisha Miller",95231
"Luke Johnson",65930
"Vikram Singh",69545
"Olivia Thompson",63914
"Sophia Singh",75862
"Arun Iyer",84766
"Kiran Gupta",63457
"Leo Anderson",65677
"Sophia Wilson",58440
"Arun Johnson",61125
"Kiran Wilson",61442
"Rohit Iyer",71319
"Kiran Gupta",58629
"Leo Thomas",85207
"Michael Williams",97005
"Olivia Thompson",93511
"Kiran Anderson",63286
"Kiran Williams",89938
"Sophia Iyer",61147
"John Thomas",78914
"Nina Brown",90596
"Priya Sharma",60707
"Emily Johnson",99427
"Sophia Thomas",72926
"Ananya Williams",72294
"Kiran Taylor",80299
"Kiran Lewis",70294
"Ananya Johnson",67616
"Sarah Kumar",83489
"Kiran Johnson",88988
"Nina Kumar",62235
"Kiran Thompson",72231
"Arun Thomas",98831
"Karen Kumar",60759
"Leo Walker",89461
"Vikram Davis",92027
"Sophia Johnson",87398
"Olivia Kumar",64548
"Kiran Johnson",64027
"Emily Taylor",79768
"Priya Singh",77734
"Priya Lewis",68301
"Daniel Patel",60619
"Nina Anderson",99463
"Arun Iyer",77296
"David Sharma",68600
"Emily Williams",74774
"Priya Miller",99418
"Daniel Thompson",64782
"David Miller",89445
"Sophia Williams",58489
"Arun Davis",72129
"Emily Smith",86214
"Daniel Kumar",69661
"David Singh",69381
"Ananya Walker",91879
"Michael Brown",79296
"David Johnson",69500
"Kiran Lewis",72951
"Karen Thompson",69676
"Michael Anderson",62957
"Linda Thompson",89677
"Aisha Wilson",82545
"Vikram Iyer",79303
"Kiran Williams",77742
"John Patel",85525
"Daniel Walker",61984
"Olivia Lewis",78368
"Arun Iyer",65673
"Michael Patel",61277
"Ananya Sharma",83036
"David Sharma",97535
"Olivia Taylor",93203
"Linda Iyer",85487
"Vikram Sharma",64798
"Luke Williams",80824
"Rohit Singh",88655
"Linda Wilson",78917
"Daniel Iyer",70255
"Rohit Kumar",64110
"Sarah Singh",70727
"Luke Sharma",63819
"Arun Brown",66570
"Karen Smith",88870
"Rohit Gupta",79357
"Karen Lewis",60919
"Leo Lewis",78131
"Leo Brown",67496
"Nina Patel",80505
"Vikram Iyer",66678
"Leo Iyer",71198
"Kiran Thomas",63827
"John Iyer",78531
"Luke Kumar",64121
"Arun Iyer",71722
"Sarah Taylor",66699
"Vikram Taylor",70574
"David Taylor",60732
"Ananya Walker",89694
"Emily Gupta",99612
"Leo Thomas",76478
"Olivia Miller",72566
"Michael Singh",83141
"Priya Brown",64370
"Aisha Walker",58636
"Vikram Patel",60722
"Nina Johnson",86449
"Luke Gupta",69095
"Arun Williams",60683
"Kiran Miller",87018
"John Miller",96201
"Leo Thomas",72156
"Vikram Johnson",60655
"David Thomas",78796
"Emily Williams",74218
"Sophia Gupta",74287
"Kiran Williams",88563
"Karen Taylor",90814
"Karen Kumar",59578
"Daniel Davis",97523
"Vikram Walker",66324
"John Miller",63587
"John Thompson",63279
"Rohit Johnson",67803
"Olivia Sharma",64918
"Rohit Taylor",76587
"Sophia Thomas",92256
"Ananya Anderson",90092
"Arun Smith",79539
"Sarah Anderson",60302
"Arun Lewis",87498
"Karen Brown",70948
"Priya Patel",61706
"Linda Brown",66675
"Michael Lewis",84774
"Luke Lewis",78667
"Sarah Williams",69923
"Vikram Miller",82062
"Priya Gupta",66090
"Linda Sharma",62487
"Rohit Williams",96129
"David Lewis",67749
"Sophia Smith",61360
"Vikram Wilson",76457
"Kiran Davis",63742
"Luke Johnson",83962
"Leo Anderson",71740
"Sophia Davis",82155
"Kiran Davis",88588
"John Singh",67775
"Olivia Lewis",62703
"Kiran Taylor",60737
"Sophia Thomas",91344
"Karen Singh",69537
"Daniel Miller",86030
"Arun Kumar",69466
"Sophia Lewis",61692
"David Williams",60279
"Daniel Anderson",64055
"Arun Iyer",64582
"Michael Gupta",76554
"Linda Johnson",85229
"Daniel Smith",86895
"Vikram Patel",74520
"Vikram Sharma",79753
"Sophia Brown",68578
"Luke Taylor",62998
"Sarah Williams",60635
"Olivia Davis",69293
"Michael Kumar",91867
"Priya Thompson",59025
"Vikram Brown",62022
"Arun Singh",84676
"Daniel Thompson",72561
"Daniel Johnson",91230
"Sarah Walker",76990
"Linda Thomas",80093
"Kiran Anderson",66941
"Arun Smith",60600
"Linda Singh",88927
"Sarah Gupta",62574
"David Miller",88961
"Daniel Davis",74244
"Daniel Iyer",94803
"Arun Miller",61099
"Sarah Davis",70943
"Sarah Singh",60341
"Sophia Davis",85603
"Linda Iyer",97593
"David Smith",63373
"Luke Williams",93379
"Rohit Sharma",65387
"Nina Brown",81711
"Linda Kumar",70468
"Sophia Anderson",81301
"Vikram Kumar",85674
"David Walker",92914
"Vikram Williams",76239
"Kiran Lewis",71392
"Luke Johnson",71826
"Emily Wilson",88335
"Daniel Williams",67925
"Karen Iyer",78375
"John Wilson",64883
"Linda Lewis",62730
"Nina Miller",74744
"Sarah Davis",86136
"Emily Davis",76525
"Vikram Taylor",80176
"Sarah Davis",77533
"Michael Patel",59674
"Michael Walker",95086
"Daniel Miller",66768
"Sarah Wilson",74296
"Priya Thomas",63173
"Daniel Davis",63460
"Nina Walker",77357
"David Smith",63158
"Aisha Walker",81497
"Karen Kumar",58695
"Aisha Sharma",95689
"Sophia Smith",78090
"Sarah Davis",95650
"Michael Williams",86618
"Luke Miller",70852
"Sarah Kumar",62132
"Vikram Iyer",68341
"John Kumar",73959
"Luke Brown",72619
"Sophia Davis",67141
"David Thomas",78839
"Kiran Iyer",93810
"Luke Miller",70631
"Rohit Taylor",61109
"Sarah Lewis",73615
"Sarah Williams",74221
"Leo Johnson",79026
"Sarah Williams",71402
"Leo Miller",64725
"Karen Thompson",63937
"Olivia Smith",94316
"Olivia Smith",71605
"Leo Iyer",82222
"Ananya Sharma",97637
"Rohit Miller",63933
"Luke Thompson",63181
"Luke Williams",58775
"Rohit Johnson",62165
"Priya Johnson",96466
"Priya Patel",79181
"Sarah Taylor",60236
"Priya Anderson",71650
"Vikram Singh",66257
"Nina Johnson",59479
"Michael Iyer",67642
"John Iyer",91271
"Ananya Brown",75331
"Olivia Gupta",66488
"Linda Iyer",83582
"Rohit Lewis",73820
"Olivia Walker",64946
"Kiran Thomas",71388
"Nina Davis",68444
"Daniel Davis",74618
"Linda Taylor",70381
"John Anderson",59790
"Priya Walker",84864
"Karen Sharma",84233
"Arun Patel",79482
"Rohit Sharma",83614
"Ananya Williams",71454
"John Johnson",76880
"Daniel Thompson",83176
"Vikram Sharma",66522
"Arun Williams",93910
"Sophia Sharma",92981
"Vikram Williams",60299
"Vikram Smith",88748
"Daniel Gupta",89429
"Olivia Lewis",59594
"Ananya Thomas",90076
"Sophia Sharma",63860
"Luke Thompson",64931
"Linda Sharma",81653
"Ananya Taylor",68635
"Linda Smith",80527
"Olivia Brown",93484
"Leo Patel",80773
"Olivia Kumar",88067
"Vikram Wilson",65550
"Sophia Walker",73926
"Emily Brown",85278
"Michael Wilson",61129
"Aisha Gupta",61127
"Karen Miller",80452
"Michael Anderson",72642
"Sarah Sharma",76283
"Vikram Walker",88371
"Priya Walker",60101
"Rohit Johnson",61325
"Daniel Thompson",61400
"Emily Walker",93010
"Luke Davis",75212
"Nina Taylor",69574
"Linda Thomas",60177
"Leo Gupta",59729
"Olivia Miller",93318
"Ananya Davis",90828
"Ananya Sharma",72892
"Sophia Gupta",81672
"Sophia Thomas",73615
"Michael Walker",59259
"Ananya Williams",62745
"John Sharma",79578
"David Patel",75311
"Emily Sharma",61782
"David Patel",76595
"Ananya Thompson",91248
"Leo Miller",58732
"Sophia Iyer",80573
"Daniel Iyer",77247
"Sarah Johnson",77585
"Olivia Brown",80539
"Linda Anderson",69283
"Ananya Patel",70489
"Nina Lewis",78232
"Sarah Gupta",88278
"Vikram Gupta",98510
"Sarah Wilson",90815
"Nina Iyer",58828
"Arun Brown",68260
"Emily Anderson",60201
"Ananya Singh",91050
"Leo Kumar",78953
"David Smith",60864
"Ananya Gupta",76997
"John Sharma",67739
"Karen Brown",65817
"Sophia Anderson",67146
"Nina Iyer",82679
"Priya Thomas",58525
"Rohit Singh",75568
"Daniel Thomas",68356
"Leo Taylor",77577
"Ananya Wilson",79832
"John Singh",62195
"Rohit Kumar",78010
"Sarah Johnson",76504
"Daniel Anderson",69176
"Kiran Singh",62492
"Kiran Miller",94759
"David Gupta",75949
"Aisha Williams",96678
"Karen Wilson",64164
"Emily Thompson",91328
"John Brown",74948
"Sarah Lewis",64612
"Rohit Smith",62237
"Sophia Lewis",61072
"Linda Davis",68167
"Kiran Anderson",87990
"Luke Walker",69983
"Luke Sharma",67151
"Luke Brown",99014
"Kiran Sharma",82878
"Priya Anderson",62172
"Olivia Anderson",63213
"Priya Williams",62651
"Sarah Singh",95681
"Ananya Patel",64528
"Leo Iyer",60110
"Vikram Williams",59805
"Ananya Williams",79547
"Rohit Singh",63063
"Olivia Singh",64382
"Karen Anderson",90161
"Karen Walker",85157
"Arun Anderson",87411
"Ananya Sharma",77906
"Olivia Wilson",65712
"Sophia Williams",63922
"Luke Taylor",79492
"Linda Lewis",77596
"Arun Miller",69306
"Kiran Williams",82467
"Arun Anderson",65203
"Kiran Walker",87054
"Ananya Miller",76085
"David Kumar",80923
"Vikram Brown",65923
"Vikram Walker",67732
"Nina Brown",91113
"Linda Wilson",87949
"Daniel Kumar",95448
"Michael Sharma",58582
"Kiran Lewis",62071
"Arun Walker",80583
"Nina Sharma",71536
"Leo Taylor",65149
"Kiran Williams",89500
"David Williams",76605
"Nina Johnson",89071
"John Williams",69334
"Luke Davis",81209
"Luke Davis",95981
"Olivia Patel",83604
"Rohit Johnson",84809
"Emily Davis",89684
"Priya Wilson",64184
"Ananya Kumar",69431
"Linda Lewis",68189
"Arun Williams",94500
"Nina Iyer",94545
"Priya Patel",61805
"Nina Sharma",65761
"Priya Thompson",86636
"Leo Lewis",93099
"Rohit Kumar",85152
"Daniel Johnson",73623
"Emily Lewis",69023
"David Brown",81774
"Rohit Brown",78175
"Priya Walker",76119
"Daniel Gupta",89325
"Priya Gupta",77777
"Rohit Anderson",78276
"Emily Anderson",66544
"Aisha Thompson",95450
"Arun Sharma",85178
"Rohit Thomas",61933
"John Anderson",63736
"Sophia Williams",60708
"Nina Thompson",98740
"Arun Williams",72402
"Priya Thompson",69642
"John Anderson",68986
"Michael Wilson",58902
"Leo Taylor",91152
"Nina Thomas",79488
"Linda Johnson",96532
"Rohit Kumar",65490
"Priya Smith",78628
"Arun Lewis",62211
"Linda Sharma",81266
"Priya Lewis",78953
"Daniel Kumar",64184
"David Taylor",78080
"Arun Sharma",74938
"David Singh",67109
"Emily Johnson",86307
"Michael Sharma",72543
"John Thomas",73594
"John Williams",63344
"Nina Wilson",98899
"Vikram Gupta",61441
"Priya Sharma",59533
"Emily Anderson",75520
"Vikram Iyer",80518
"Michael Singh",66086
"Luke Gupta",61213
"Priya Johnson",73536
"John Thompson",95114
"Michael Davis",89444
"Sophia Wilson",83531
"Ananya Brown",89255
"David Lewis",59083
"Daniel Kumar",66846
"Luke Brown",77019
"Linda Anderson",72352
"Vikram Singh",62131
"Ananya Patel",69507
"Nina Miller",62472
"Ananya Kumar",86056
"Sarah Brown",87193
"Luke Wilson",64444
"Kiran Davis",93227
"Rohit Davis",66911
"Linda Sharma",68869
"Priya Walker",98241
"Daniel Brown",73244
"David Johnson",61966
"John Lewis",63040
"Nina Kumar",73981
"Ananya Wilson",65160
"Daniel Walker",85158
"Luke Patel",74209
"Kiran Wilson",63274
"Luke Anderson",67006
"Arun Smith",82333
"Arun Sharma",76041
"Luke Smith",75702
"Michael Brown",70132
"Nina Lewis",94838
"Michael Smith",78349
"Daniel Taylor",85676
"Leo Brown",80974
"Sophia Anderson",73677
"Daniel Patel",64511
"Ananya Kumar",80036
"Linda Williams",73748
"Emily Smith",76057
"Daniel Smith",70392
"Luke Thomas",63085
"Leo Thomas",88757
"Linda Kumar",59514
"Ananya Lewis",70889
"Nina Miller",75848
"Rohit Kumar",78087
"Aisha Taylor",79264
"Rohit Wilson",63152
"Daniel Kumar",59429
"Sarah Miller",97335
"Vikram Patel",78110
"Aisha Gupta",61271
"Daniel Johnson",74510
"Priya Walker",78651
"John Johnson",73221
"Olivia Davis",82902
"David Miller",65541
"Rohit Miller",63347
"Michael Smith",73836
"Sophia Johnson",78252
"Kiran Wilson",77893
"Sophia Anderson",73621
"David Davis",73294
"Leo Johnson",75325
"Leo Iyer",65568
"Luke Taylor",62888
"Leo Williams",70654
"Arun Brown",61425
"Rohit Anderson",66604
"Vikram Smith",61393
"Aisha Gupta",60237
"Kiran Patel",62723
"Sarah Sharma",96153
"Sophia Brown",63905
"Vikram Wilson",59850
"Priya Miller",68867
"Ananya Miller",89553
"Karen Kumar",62933
"Kiran Kumar",72933
"Vikram Sharma",73562
"Karen Gupta",96958
"Ananya Lewis",78820
"Karen Iyer",91039
"Daniel Singh",62184
"Rohit Gupta",64001
"John Miller",64865
"Nina Gupta",79592
"Rohit Williams",84550
"Rohit Kumar",86155
"Leo Brown",77357
"Sophia Johnson",70175
"Arun Iyer",62885
"Priya Davis",66561
"Rohit Wilson",61454
"Daniel Taylor",73391
"Priya Thompson",78679
"Kiran Iyer",59706
"Michael Kumar",60996
"Priya Patel",79291
"Kiran Davis",59340
"David Sharma",66446
"Karen Johnson",93905
"David Taylor",73755
"Ananya Thompson",61319
"Emily Thompson",59961
"Ananya Lewis",69771
"Ananya Williams",96433
"Linda Kumar",64233
"John Sharma",83500
"Nina Lewis",83010
"Daniel Williams",72892
"Daniel Iyer",75686
"Aisha Singh",64399
"Karen Sharma",77123
"Olivia Anderson",62171
"Arun Taylor",62396
"Rohit Sharma",68555
"Arun Thomas",65725
"Luke Sharma",75384
"Olivia Sharma",62259
"Daniel Lewis",93579
"Luke Davis",81448
"Michael Thompson",84097
"John Williams",63456
"Rohit Davis",65523
"Emily Patel",80354
"Linda Miller",82346
"David Williams",85168
"Priya Miller",95867
"Karen Johnson",61928
"John Anderson",66708
"Nina Lewis",91170
"Michael Gupta",61381
"Michael Gupta",74594
"Ananya Walker",64507
"Linda Walker",85362
"Daniel Williams",69844
"Priya Patel",67968
"John Miller",84950
"Sophia Johnson",83754
"Emily Taylor",67320
"David Davis",76108
"John Lewis",68156
"Arun Walker",74827
"John Thompson",84113
"Karen Kumar",91029
"Karen Thomas",70450
"Olivia Singh",95526
"Priya Singh",92664
"Arun Thompson",68141
"Sophia Davis",88514
"Arun Davis",81594
"Karen Kumar",64867
"Luke Taylor",87075
"David Kumar",74115
"John Walker",69906
"Priya Wilson",81486
"Nina Thompson",84425
"Karen Singh",76790
"Sarah Miller",76019
"Leo Thompson",71403
"Emily Thomas",84298
"Leo Thompson",83629
"Priya Thomas",82162
"David Gupta",72148
"Arun Walker",96464
"Kiran Miller",60897
"Linda Patel",98360
"Karen Thompson",81040
"Sophia Lewis",84956
"Emily Singh",74520
"Sophia Walker",65638
"Arun Anderson",94482
"David Thomas",59320
"Daniel Taylor",68285
"Arun Williams",63643
"Linda Sharma",88657
"Olivia Miller",83716
"Linda Thompson",84727
"Nina Wilson",76402
"Karen Thomas",75979
"Ananya Sharma",94888
"Sophia Brown",63992
"Ananya Thompson",74755
"Aisha Johnson",83267
"John Smith",72271
"Leo Anderson",87624
"Michael Kumar",63638
"Ananya Williams",67721
"Arun Thomas",98716
"Arun Kumar",69334
"Vikram Taylor",63001
"John Thompson",84287
"Ananya Taylor",58917
"Arun Miller",63642
"Luke Davis",74616
"Leo Smith",80647
"Linda Taylor",89389
"Aisha Thomas",87069
"Priya Kumar",62987
"Karen Miller",96388
"Sophia Anderson",74769
"Vikram Miller",65703
"Sarah Thompson",72510
"Linda Sharma",89801
"Michael Anderson",64531
"Priya Sharma",94493
"Arun Patel",84882
"Sophia Thompson",73088
"Priya Sharma",68410
"Olivia Kumar",95341
"Rohit Kumar",81875
"Daniel Thomas",67409
"Ananya Miller",59927
"David Smith",60737
"Karen Thompson",73707
"Luke Patel",86209
"John Gupta",93032
"Leo Kumar",66627
"Sarah Thompson",65595
"Ananya Smith",65927
"Karen Williams",72664
"Linda Johnson",60869
"Michael Davis",94894
"Nina Gupta",59313
"Kiran Brown",72584
"Vikram Gupta",88074
"Olivia Patel",59338
"Emily Iyer",63133
"Emily Kumar",97657
"Sarah Anderson",68637
"Aisha Singh",71841
"Michael Anderson",79768
"Leo Johnson",96016
"Vikram Gupta",60746
"John Thompson",85786
"Sarah Taylor",83243
"Ananya Iyer",68991
"Michael Brown",59041
"Emily Sharma",90203
"Sarah Anderson",81747
"Leo Williams",87743
"John Williams",80454
"John Thomas",61897
"Emily Miller",85461
"Michael Taylor",77301
"Leo Thompson",78965
"Olivia Wilson",75668
"Linda Brown",80594
"Luke Gupta",78441
"Sarah Iyer",95281
"Kiran Iyer",83864
"Vikram Davis",66084
"Sarah Williams",58710
"Linda Miller",59113
"David Sharma",95595
"Daniel Williams",59574
"Michael Anderson",89571
"Emily Walker",84112
"John Johnson",79034
"Sophia Wilson",69140
"Michael Iyer",97125
"Michael Thomas",60603
"Ananya Brown",76938
"Karen Wilson",72153
"John Davis",74911
"Michael Patel",68243
"John Davis",89788
"Olivia Brown",95219
"Luke Thompson",63803
"Emily Singh",67042
"Leo Taylor",77241
"Sophia Thomas",61004
"Kiran Thompson",68403
"Karen Smith",90867
"Rohit Anderson",74907
"Leo Johnson",95936
"Emily Davis",83558
"Olivia Miller",78860
"Karen Wilson",69314
"Leo Miller",92976
"Michael Patel",78579
"Luke Walker",79390
"Olivia Kumar",62931
"Nina Anderson",63831
"Aisha Brown",58707
"Priya Patel",75849
"Karen Smith",77122
"John Sharma",84647
"Linda Walker",83137
"Rohit Smith",79958
"Michael Thomas",85766
"Luke Anderson",74576
"Leo Anderson",67025
"Sophia Wilson",60264
"Michael Miller",71229
"Leo Singh",76478
"Sophia Thompson",77668
"Emily Williams",68052
"Nina Singh",68859
"Ananya Miller",80371
"Priya Johnson",87369
"Aisha Gupta",60701
"Emily Wilson",80917
"John Singh",87421
"Olivia Thomas",64092
"Arun Lewis",92279
"Rohit Walker",61505
"Ananya Lewis",93170
"Linda Patel",90849
"Daniel Anderson",83034
"Aisha Miller",63174
"Kiran Kumar",65404
"Arun Johnson",75445
"Sarah Lewis",67555
"Linda Sharma",61070
"Ananya Wilson",85409
"Vikram Wilson",613207
"Michael Taylor",74888
"Karen Miller",70116
"Leo Gupta",93804
"David Miller",88443
"John Gupta",90637
"Luke Patel",64690
"Karen Williams",80660
"Priya Patel",89615
"Karen Johnson",80998
"Sarah Lewis",60060
"Daniel Walker",72783
"Nina Smith",69458
"Vikram Singh",86310
"John Lewis",59008
"Sophia Taylor",74329
"Ananya Taylor",77503
"Daniel Johnson",89071
"Sophia Lewis",82206
"Emily Singh",88232
"Sarah Williams",85446
"Leo Davis",69505
"Kiran Smith",61415
"Emily Wilson",79245
"Karen Walker",73745
"Linda Thomas",87560
"Emily Walker",69061
"Kiran Brown",70729
"Nina Iyer",75237
"Michael Thomas",79193
"Vikram Anderson",94894
"Linda Johnson",83859
"Karen Anderson",88177
"Emily Kumar",77163
"Luke Taylor",68820
"Rohit Patel",61164
"Arun Singh",81143
"Rohit Gupta",69476
"John Anderson",87045
"Linda Johnson",62799
"Linda Williams",66610
"Olivia Williams",87477
"Sophia Wilson",72997
"David Walker",58917
"Aisha Smith",69727
"David Patel",66050
"Priya Thompson",62144
"Luke Patel",92765
"Nina Anderson",65387
"Vikram Gupta",97024
"Michael Wilson",89493
"Sophia Davis",72084
"John Miller",99404
"Karen Johnson",75765
"Karen Johnson",73898
"Rohit Iyer",60560
"Michael Johnson",82137
"Karen Thomas",73818
"Priya Anderson",62711
"Michael Anderson",70419
"Olivia Brown",92689
"Daniel Johnson",78881
"Karen Thompson",95944
"Nina Anderson",69931
"Leo Miller",91593
"Olivia Anderson",76224
"Michael Davis",72882
"Linda Thompson",94395
"Daniel Kumar",82263
"Arun Patel",87306
"Aisha Thompson",65673
"Kiran Thompson",92496
"Linda Thompson",88198
"Rohit Walker",67698
"Kiran Patel",98006
"Olivia Gupta",74769
"Daniel Taylor",72832
"Vikram Wilson",89100
"Rohit Brown",80323
"Kiran Walker",65310
"Ananya Thomas",87150
"John Thompson",69717
"Vikram Davis",69815
"Emily Kumar",71153
"Karen Sharma",73823
"David Thomas",61135
"David Anderson",83417
"Olivia Brown",66048
"Luke Johnson",93952
"Olivia Kumar",75236
"Olivia Lewis",77270
"Karen Williams",90981
"Karen Anderson",69027
"Luke Johnson",77071
"Michael Patel",93055
"Aisha Miller",77678
"Olivia Iyer",79695
"Leo Williams",74931
"Arun Williams",60800
"Aisha Kumar",83074
"Emily Singh",60435
"Vikram Walker",60597
"Sophia Iyer",67074
"Arun Walker",67609
"Rohit Lewis",93616
"Linda Gupta",77399
"Sarah Brown",85630
"Linda Williams",79210
"Olivia Patel",80525
"Kiran Lewis",78119
"Leo Thomas",80911
"Sophia Walker",73936
"John Walker",81164
"Kiran Smith",60498
"Ananya Thompson",63760
"Leo Brown",71139
"Kiran Gupta",60016
"Leo Patel",64368
"Rohit Lewis",63291
"Aisha Wilson",70026
"Aisha Thomas",73276
"Michael Anderson",82630
"Luke Gupta",75193
"Luke Thomas",78875
"Sophia Brown",91289
"Priya Davis",69603
"Rohit Thomas",68717
"Ananya Miller",75663
"Olivia Kumar",81314
"Kiran Miller",67394
"Aisha Anderson",71053
"Vikram Anderson",68604
"Olivia Davis",76163
"Leo Iyer",98151
"Rohit Singh",65685
"Kiran Gupta",68312
"Sophia Thomas",83013
"Olivia Wilson",58674
"Sophia Singh",66532
"Olivia Lewis",86295
"Aisha Singh",64666
"Michael Kumar",60253
"Vikram Walker",87701
"Karen Iyer",85402
"Daniel Walker",85996
"Rohit Wilson",72343
"Ananya Taylor",84196
"Rohit Kumar",75515
"Olivia Thompson",91294
"Rohit Johnson",66804
"Emily Smith",71881
"Kiran Singh",61910
"Sophia Sharma",69332
"John Johnson",68516
"Linda Lewis",65736
"Leo Miller",60300
"Emily Brown",69354
"Leo Anderson",82946
"Nina Brown",63522
"Kiran Gupta",83727
"Vikram Gupta",72098
"Vikram Gupta",69879
"Leo Singh",63352
"Daniel Sharma",74245
"Kiran Williams",97279
"Karen Patel",65229
"Sophia Patel",73443
"Daniel Taylor",89364
"Rohit Anderson",77379
"Nina Thomas",76066
"Linda Anderson",75213
"Arun Brown",83056
"Priya Johnson",73377
"Arun Wilson",63673
"Sophia Thompson",73082
"Leo Anderson",61313
"Michael Singh",82550
"Arun Thomas",65673
"Kiran Johnson",63568
"Karen Miller",90300
"Michael Taylor",83367
"Rohit Anderson",60933
"Aisha Miller",83327
"David Lewis",66797
"Luke Thompson",68729
"David Davis",64989
"John Walker",61373
"Daniel Singh",66958
"Arun Patel",80775
"Priya Iyer",80051
"Sophia Smith",77688
"Nina Johnson",74649
"Luke Singh",84914
"Luke Walker",97079
"Karen Iyer",63233
"Rohit Williams",73456
"Emily Iyer",90428
"Arun Brown",69704
"Priya Davis",88400
"Olivia Johnson",63279
"Nina Miller",78451
"Sophia Johnson",60130
"Arun Gupta",65637
"Nina Williams",97593
"Kiran Miller",60081
"Leo Taylor",66707
"Sophia Singh",91815
"Emily Brown",64786
"Luke Miller",78130
"Kiran Patel",68626
"Sophia Lewis",68791
"Leo Walker",72732
"Kiran Gupta",95554
"Sarah Johnson",59544
"David Lewis",79790
"Michael Singh",65171
"Olivia Thomas",84336
"Sarah Smith",73298
"Michael Davis",63212
"Linda Davis",69714
"David Wilson",72756
"Sophia Miller",80101
"Olivia Miller",68361
"David Johnson",80753
"Daniel Singh",84626
"Aisha Lewis",59105
"Aisha Iyer",58693
"Sarah Smith",71838
"John Thomas",64061
"Sophia Davis",93733
"Arun Johnson",93830
"Kiran Patel",86899
"Emily Brown",60790
"Aisha Sharma",97243
"Leo Gupta",64216
"Kiran Kumar",88690
"Linda Singh",93495
"Arun Kumar",83679
"John Williams",81050
"Emily Taylor",58935
"Vikram Johnson",82387
"Luke Singh",81678
"Vikram Thomas",83506
"Daniel Iyer",81299
"Daniel Thomas",73085
"Michael Thomas",82039
"Priya Lewis",69256
"John Sharma",71695
"Nina Kumar",81409
"Linda Johnson",63753
"Rohit Walker",68312
"Rohit Iyer",95328
"Nina Brown",85837
"Linda Thomas",71276
"Michael Thomas",72347
"Emily Wilson",93457
"Emily Davis",61016
"Luke Davis",79835
"Luke Taylor",94616
"Emily Thomas",67789
"Rohit Iyer",80462
"Daniel Miller",89047
"Olivia Davis",76075
"Rohit Johnson",60534
"Olivia Sharma",76521
"Aisha Williams",67636
"Ananya Anderson",62636
"Ananya Smith",64406
"John Johnson",82892
"Daniel Lewis",61983
"Rohit Wilson",59204
"Arun Miller",75820
"Emily Taylor",85632
"Rohit Miller",73984
"Linda Brown",81550
"Luke Lewis",77019
"Kiran Anderson",67959
"Priya Walker",69570
"Nina Patel",665116
"Luke Wilson",82361
"Kiran Wilson",90497
"John Williams",59674
"Priya Patel",62445
"Karen Singh",62328
"Arun Smith",75868
"Aisha Brown",61825
"Luke Sharma",84445
"Nina Patel",72854
"Kiran Taylor",68131
"Sarah Anderson",74778
"Priya Gupta",67145
"Nina Walker",62320
"Nina Williams",76779
"Priya Thompson",92148
"Luke Patel",62520
"Aisha Brown",86070
"Kiran Iyer",76636
"Leo Sharma",83981
"John Thompson",71549
"Priya Johnson",76372
"Aisha Sharma",69025
"Emily Taylor",83986
"Nina Patel",62270
"Kiran Thompson",72797
"Michael Iyer",93781
"Kiran Wilson",73328
"Sophia Thompson",88970
"Priya Sharma",93961
"Nina Williams",58562
"Nina Iyer",69920
"Nina Patel",62751
"Emily Anderson",62800
"Kiran Kumar",75605
"Linda Wilson",95382
"David Anderson",85968
"John Williams",71291
"Michael Davis",71513
"Linda Miller",85508
"Karen Patel",78490
"Karen Thomas",88481
"Sophia Kumar",68628
"Karen Singh",71153
"Sarah Williams",61210
"Daniel Patel",68958
"Sarah Walker",61472
"Sarah Brown",79297
"Michael Smith",91469
"Michael Brown",76486
"Rohit Patel",78758
"Sophia Thomas",74942
"Sophia Williams",61048
"Leo Walker",64435
"John Brown",59332
"Emily Lewis",76312
"Linda Thomas",59340
"Emily Wilson",70849
"Arun Sharma",76672
"Emily Taylor",73806
"Karen Brown",90138
"Arun Wilson",87692
"Leo Smith",77847
"Olivia Singh",74362
"Aisha Smith",65313
"Vikram Iyer",78217
"Olivia Thompson",98558
"Ananya Thomas",68875
"Luke Miller",67372
"David Sharma",63103
"Priya Taylor",60563
"Aisha Patel",72845
"Daniel Davis",68472
"Leo Johnson",75910
"Arun Johnson",90997
"Daniel Thomas",59145
"Aisha Gupta",71691
"Linda Taylor",58679
"Aisha Williams",66757
"Kiran Williams",82605
"Linda Miller",58413
"Michael Wilson",70654
"John Thomas",64456
"Michael Walker",59285
"Karen Miller",79511
"Leo Kumar",65738
"Priya Williams",66669
"John Brown",91205
"Vikram Taylor",76183
"Kiran Wilson",67804
"Kiran Williams",60031
"Rohit Taylor",67002
"Arun Wilson",59991
"Linda Patel",74178
"Linda Gupta",72873
"Emily Williams",79126
"Michael Johnson",88598
"Luke Iyer",77431
"Michael Walker",76991
"Kiran Brown",60798
"Karen Thomas",60254
"Sophia Brown",89946
"Ananya Taylor",90180
"Luke Miller",91189
"Daniel Johnson",78101
"Karen Brown",60970
"Nina Johnson",66166
"Michael Patel",81223
"Michael Thomas",59392
"Luke Johnson",72064
"Leo Patel",93751
"Olivia Williams",87043
"Rohit Anderson",71118
"John Taylor",81240
"Michael Walker",71280
"Leo Sharma",63423
"Kiran Smith",68121
"Arun Williams",89993
"Aisha Lewis",61189
"Arun Gupta",85546
"Luke Johnson",70896
"Nina Gupta",68034
"Rohit Williams",75456
"John Iyer",73058
"Rohit Brown",61587
"Daniel Smith",87302
"Ananya Miller",62226
"Olivia Williams",63727
"Sarah Singh",58952
"David Johnson",63031
"Arun Iyer",77710
"Vikram Iyer",72087
"Rohit Wilson",78201
"Sarah Johnson",62725
"Michael Singh",72689
"Karen Williams",85381
"Rohit Johnson",78238
"Priya Brown",61616
"Michael Singh",71887
"Leo Patel",59659
"Sarah Williams",59274
"Linda Brown",85783
"Emily Iyer",82228
"Sophia Miller",63656
"Olivia Walker",81541
"Arun Singh",77854
"Luke Anderson",62432
"Ananya Singh",80919
"Ananya Miller",78740
"Sophia Sharma",70568
"Michael Johnson",58566
"Leo Williams",92151
"Linda Williams",59496
"Vikram Miller",71108
"Aisha Smith",71292
"Linda Taylor",76368
"Ananya Sharma",60878
"John Miller",83474
"Kiran Smith",75283
"Michael Johnson",70880
"Priya Smith",93706
"Luke Davis",59745
"Sophia Lewis",78585
"Daniel Thompson",70188
"Kiran Wilson",74429
"Arun Lewis",79406
"Aisha Lewis",67175
"Ananya Davis",84454
"Vikram Kumar",71368
"Nina Thompson",97039
"Michael Patel",74091
"John Taylor",64772
"Vikram Patel",78228
"Priya Johnson",93806
"Emily Miller",71293
"David Thompson",95814
"Sarah Thompson",79846
"Leo Wilson",61076
"Vikram Sharma",66701
"Ananya Sharma",82009
"Rohit Miller",68946
"Olivia Lewis",66313
"Vikram Kumar",59216
"Ananya Anderson",74074
"Sophia Thompson",64202
"Michael Walker",59543
"Emily Walker",62878
"Karen Lewis",73555
"Luke Kumar",629693
"David Brown",97073
"Michael Johnson",92743
"Nina Patel",95164
"Olivia Lewis",74846
"Emily Taylor",59206
"Luke Taylor",75269
"Leo Williams",64917
"John Brown",59377
"John Iyer",80967
"Michael Thomas",87411
"Michael Thomas",97234
"Sarah Taylor",84579
"Sarah Sharma",65537
"Rohit Thomas",77295
"Ananya Smith",73364
"Vikram Kumar",74603
"Michael Miller",80438
"Sarah Sharma",87246
"Sarah Smith",62680
"Vikram Sharma",65876
"Karen Brown",88902
"Daniel Davis",65435
"Ananya Davis",72549
"Sarah Patel",77330
"Linda Smith",68309
"Karen Anderson",97345
"Nina Lewis",59165
"Karen Williams",86693
"John Johnson",64696
"Arun Kumar",60105
"Emily Kumar",70356
"Olivia Patel",96472
"Daniel Anderson",63535
"Aisha Iyer",86005
"Nina Johnson",64901
"Linda Miller",88573
"David Smith",59016
"Michael Davis",92161
"Karen Lewis",64211
"John Davis",98941
"Linda Patel",67354
"Sarah Lewis",91731
"Ananya Davis",81036
"David Gupta",79246
"Arun Walker",68292
"Daniel Sharma",96396
"Kiran Davis",60671
"Rohit Thompson",73229
"Leo Thompson",89350
"Priya Davis",73369
"Arun Johnson",59742
"Aisha Davis",71439
"Vikram Thompson",69863
"Arun Johnson",64132
"Emily Singh",83304
"Aisha Anderson",75812
"Leo Johnson",81454
"Karen Patel",93728
"Luke Johnson",61749
"Olivia Johnson",94138
"Michael Lewis",82342
"Ananya Thompson",62326
"Ananya Smith",91722
"Arun Taylor",89539
"Michael Anderson",62842
"Olivia Anderson",80094
"David Walker",81552
"Linda Williams",81913
"Sophia Davis",66440
"Michael Lewis",77541
"John Kumar",75040
"Emily Kumar",61992
"Michael Wilson",83026
"John Davis",80340
"David Wilson",61072
"Daniel Davis",61095
"Daniel Miller",78921
"Sophia Smith",70822
"Rohit Iyer",78780
"Emily Johnson",61226
"Ananya Lewis",86029
"Rohit Lewis",81429
"Aisha Williams",88918
"Nina Thompson",92675
"Ananya Anderson",78239
"Karen Patel",68168
"Sophia Anderson",70793
"Nina Smith",76066
"Leo Gupta",75554
"Arun Walker",73594
"Priya Williams",61648
"Olivia Thompson",79221
"Sarah Wilson",64036
"Vikram Wilson",65290
"Ananya Lewis",67294
"Luke Davis",70671
"Aisha Thompson",93969
"Sarah Walker",63789
"Daniel Miller",82384
"Sarah Wilson",85442
"Rohit Gupta",70551
"Priya Brown",62534
"John Anderson",63097
"Arun Taylor",75075
"Leo Johnson",72522
"Luke Patel",60327
"Daniel Smith",77982
"Ananya Wilson",92214
"Nina Iyer",70532
"Nina Miller",65380
"Olivia Thompson",76862
"David Anderson",74619
"Karen Patel",96480
"Emily Kumar",59958
"Daniel Williams",97687
"Priya Walker",59874
"Linda Miller",61736
"Olivia Williams",88379
"Kiran Gupta",63049
"David Lewis",61621
"Sophia Taylor",80980
"Ananya Walker",93757
"Emily Brown",64746
"Arun Thomas",66510
"Rohit Anderson",62328
"Leo Iyer",59302
"Leo Anderson",90187
"John Smith",58815
"Sarah Patel",95176
"Vikram Wilson",66148
"Rohit Miller",92028
"Sarah Thompson",62887
"Nina Thompson",76886
"Ananya Taylor",88949
"Karen Brown",69823
"Vikram Smith",72818
"Michael Singh",94477
"Daniel Singh",68934
"Rohit Kumar",66130
"Ananya Singh",77163
"Daniel Lewis",62391
"Michael Kumar",67603
"Michael Patel",79267
"Priya Gupta",80752
"Kiran Kumar",83916
"David Johnson",60020
"Michael Singh",92805
"Rohit Iyer",68736
"Michael Kumar",98967
"Olivia Miller",75968
"Luke Sharma",82914
"Daniel Walker",74193
"Kiran Johnson",85825
"David Anderson",69018
"Olivia Iyer",79883
"Luke Anderson",98151
"David Miller",86455
"Rohit Walker",92556
"Rohit Thomas",81258
"Rohit Singh",59698
"Ananya Singh",66202
"Priya Lewis",60187
"Karen Brown",60802
"Sarah Smith",74669
"Karen Kumar",76398
"Daniel Iyer",90351
"Karen Williams",78099
"Karen Miller",65317
"Olivia Brown",72906
"Sophia Gupta",68068
"Aisha Walker",62343
"Linda Lewis",82989
"Nina Johnson",85262
"Kiran Davis",79437
"Michael Miller",59794
"Luke Lewis",93301
"John Iyer",59077
"Leo Walker",60368
"Aisha Singh",62828
"Ananya Lewis",61327
"Priya Sharma",71207
"Sophia Kumar",70480
"Michael Miller",87205
"Kiran Miller",93549
"Linda Smith",58466
"Aisha Anderson",63224
"David Wilson",74991
"Rohit Thompson",74048
"Karen Davis",59835
"John Anderson",77780
"Ananya Miller",61005
"Priya Gupta",94898
"Vikram Davis",97251
"Arun Wilson",62102
"Kiran Smith",67925
"Nina Gupta",66992
"Leo Patel",58841
"Karen Lewis",70714
"Olivia Walker",58707
"John Wilson",88979
"Sophia Iyer",66666
"Sarah Patel",59286
"Michael Singh",92810
"Michael Patel",65005
"Sarah Wilson",77749
"Vikram Wilson",62585
"Karen Taylor",58782
"David Iyer",60652
"John Johnson",88668
"Kiran Davis",93201
"Sophia Smith",66155
"Linda Smith",68105
"Vikram Walker",61901
"Leo Patel",61192
"John Kumar",71976
"Aisha Anderson",88668
"Emily Gupta",72048
"Emily Davis",61680
"Linda Walker",84753
"Luke Kumar",65193
"Rohit Singh",70347
"Luke Thompson",67269
"Karen Wilson",76250
"Olivia Singh",60718
"Ananya Williams",62048
"Emily Singh",98416
"Emily Singh",84083
"Vikram Lewis",59759
"Daniel Singh",78419
"Michael Singh",81411
"Vikram Sharma",69396
"Sarah Walker",67856
"John Anderson",97398
"Karen Walker",86198
"Ananya Johnson",63144
"Emily Williams",95419
"Ananya Thompson",98574
"Olivia Singh",71904
"Ananya Brown",95159
"Emily Smith",61106
"Vikram Thompson",89529
"Linda Johnson",60578
"Leo Thomas",71051
"Arun Thompson",61056
"Michael Patel",60870
"Sarah Anderson",97371
"Michael Smith",89681
"Luke Smith",60151
"Priya Smith",68896
"Luke Patel",61986
"Sarah Kumar",88751
"Daniel Williams",75318
"Leo Walker",62354
"John Patel",67447
"Leo Johnson",60891
"Sarah Thomas",63878
"Olivia Wilson",65690
"Kiran Anderson",65833
"Olivia Lewis",83089
"Karen Kumar",75184
"Kiran Davis",62092
"Karen Taylor",83039
"Priya Williams",62494
"Karen Taylor",87012
"Priya Patel",61678
"John Lewis",89102
"Kiran Taylor",60490
"Ananya Taylor",70627
"John Thompson",65218
"Karen Johnson",78440
"Emily Thomas",72355
"Daniel Williams",72565
"Priya Iyer",97553
"Ananya Anderson",59065
"Arun Patel",84561
"Kiran Kumar",83513
"Aisha Williams",69986
"Rohit Miller",81497
"Arun Wilson",67407
"John Smith",69954
"Kiran Wilson",80853
"Rohit Johnson",64432
"Emily Iyer",62048
"Sophia Taylor",88478
"David Williams",66443
"Karen Singh",76087
"Rohit Thompson",60962
"Sophia Gupta",86072
"Nina Johnson",79173
"Aisha Thompson",69225
"John Anderson",95580
"John Thompson",67242
"Kiran Williams",70261
"Emily Anderson",71123
"Michael Iyer",82243
"John Anderson",76055
"David Taylor",71423
"Olivia Singh",63271
"Arun Lewis",74240
"Ananya Iyer",68902
"Emily Anderson",58472
"Priya Brown",71030
"Kiran Johnson",69986
"Leo Williams",92034
"Kiran Miller",59112
"John Patel",76503
"Arun Wilson",86105
"Sophia Singh",65054
"Michael Davis",73975
"Olivia Johnson",79712
"Sophia Thompson",68673
"Karen Patel",71092
"Luke Taylor",66944
"Karen Williams",84289
"Priya Smith",62782
"John Patel",64491
"Ananya Miller",79440
"David Singh",75979
"Sophia Thompson",73990
"Linda Brown",61596
"Sarah Thomas",67142
"Arun Johnson",86083
"Arun Singh",63527
"Michael Thomas",81978
"Priya Taylor",88267
"Sophia Lewis",77922
"Aisha Gupta",78010
"Ananya Brown",66348
"Luke Sharma",73481
"David Kumar",64282
"Rohit Miller",65482
"Vikram Anderson",87014
"Sarah Thompson",90300
"Nina Anderson",72686
"Emily Thomas",82024
"Daniel Brown",75960
"Daniel Thompson",80578
"Linda Thompson",61289
"Linda Singh",78455
"Arun Gupta",67044
"Arun Lewis",69470
"Priya Miller",85322
"Rohit Thompson",60580
"Aisha Thompson",66228
"Olivia Singh",85745
"Priya Iyer",81770
"Ananya Thomas",59933
"Olivia Walker",76964
"Leo Anderson",72546
"Michael Miller",73346
"Vikram Anderson",62735
"Sarah Williams",67412
"Kiran Thomas",93860
"Nina Brown",64012
"John Taylor",77722
"Olivia Davis",99232
"Michael Williams",77290
"Linda Taylor",75660
"Rohit Singh",84113
"Emily Lewis",83292
"Rohit Iyer",76219
"Aisha Walker",87108
"Karen Brown",74502
"Aisha Taylor",59819
"Priya Gupta",61291
"Vikram Anderson",65970
"Ananya Thomas",85175
"Nina Wilson",84721
"Sophia Taylor",61624
"Vikram Lewis",74529
"Luke Williams",94526
"Linda Brown",67670
"Luke Anderson",78234
"Olivia Miller",74860
"Aisha Brown",75228
"Linda Thompson",82942
"Luke Lewis",94037
"Ananya Thomas",61493
"Priya Sharma",97755
"Sophia Johnson",78073
"Linda Thompson",92081
"Leo Smith",59179
"John Patel",83984
"Sophia Kumar",87497
"Kiran Anderson",85046
"Luke Singh",65580
"Leo Walker",97202
"Luke Patel",70012
"Leo Thompson",63425
"Michael Wilson",66909
"Arun Miller",61829
"Karen Williams",65511
"Arun Patel",70051
"Olivia Johnson",86970
"Michael Smith",61431
"Ananya Singh",59001
"David Iyer",91619
"David Iyer",98832
"Kiran Miller",79285
"Nina Lewis",71793
"Luke Anderson",67518
"Nina Kumar",95377
"Sarah Kumar",74162
"John Miller",78330
"Daniel Kumar",68126
"Sarah Davis",69628
"Nina Miller",77332
"Priya Smith",69424
"Leo Williams",76970
"Arun Thomas",73353
"Leo Brown",69405
"John Williams",70421
"Vikram Thomas",73282
"Ananya Miller",59436
"Olivia Walker",66216
"Nina Iyer",82559
"Leo Davis",70674
"David Williams",79967
"Daniel Taylor",71656
"Linda Lewis",73705
"Aisha Sharma",96028
"John Walker",83080
"Kiran Singh",66117
"Emily Gupta",87636
"John Kumar",69021
"John Walker",66779
"Olivia Walker",64008
"Linda Gupta",58830
"Linda Iyer",98942
"Michael Iyer",69811
"Arun Thompson",76560
"Vikram Brown",78806
"Leo Anderson",83016
"David Wilson",91029
"Priya Lewis",61712
"Emily Williams",59120
"Ananya Lewis",76575
"Ananya Patel",67890
"Leo Davis",84845
"Karen Kumar",96418
"Nina Thomas",80782
"Sophia Thompson",88402
"Arun Thomas",68364
"Emily Kumar",81116
"David Taylor",73278
"Nina Thomas",93786
"Leo Patel",65920
"David Brown",69443
"Kiran Patel",94954
"Karen Patel",73011
"Sarah Thompson",95649
"Priya Patel",65936
"Ananya Taylor",64362
"Michael Smith",65017
"Nina Lewis",80081
"Rohit Gupta",73634
"Daniel Kumar",90955
"John Lewis",85934
"John Gupta",71608
"Aisha Walker",65496
"Karen Kumar",86382
"Kiran Miller",87310
"Emily Brown",68247
"Emily Walker",74970
"Rohit Davis",94084
"Michael Thompson",74796
"Kiran Brown",59365
"Nina Gupta",71764
"David Johnson",66923
"Luke Sharma",88237
"Michael Lewis",77653
"Sophia Kumar",60254
"Nina Taylor",61116
"Ananya Patel",94673
"Linda Williams",79105
"Olivia Singh",61465
"David Thomas",76085
"Daniel Thompson",80381
"Sarah Kumar",59145
"Sarah Iyer",72542
"David Smith",93353
"Arun Wilson",68033
"Olivia Wilson",64309
"Michael Patel",59393
"Michael Brown",79858
"Ananya Singh",82762
"John Iyer",58909
"Emily Sharma",85651
"Ananya Walker",73193
"Daniel Sharma",72369
"Leo Iyer",72978
"Kiran Brown",74564
"Olivia Thompson",93077
"Luke Thompson",78454
"Karen Davis",74532
"Luke Gupta",98445
"Sophia Johnson",65211
"Olivia Anderson",87225
"Sarah Davis",72411
"John Brown",58759
"Luke Williams",92685
"Ananya Iyer",70131
"Olivia Brown",73463
"Arun Walker",86694
"Rohit Singh",73333
"Olivia Thompson",64809
"David Smith",59388
"Vikram Iyer",78234
"Daniel Thompson",62151
"David Lewis",61730
"Ananya Wilson",93765
"Sarah Patel",59514
"Karen Sharma",65384
"Leo Lewis",60836
"John Smith",66174
"Karen Iyer",64371
"Vikram Williams",85157
"Michael Thomas",97888
"Linda Wilson",90674
"Leo Lewis",64749
"David Singh",71605
"Karen Iyer",83893
"David Singh",78683
"Emily Wilson",72701
"David Taylor",89131
"Emily Taylor",61382
"Vikram Williams",80219
"Emily Sharma",58476
"Luke Lewis",92667
"Rohit Davis",93852
"Leo Kumar",97187
"Daniel Davis",62941
"Emily Thompson",67859
"David Taylor",71454
"Linda Walker",78577
"Daniel Kumar",87622
"Olivia Taylor",61389
"David Wilson",79316
"Rohit Johnson",78521
"Leo Walker",71928
"Vikram Thompson",61584
"Rohit Miller",69723
"Ananya Williams",82997
"Karen Iyer",61269
"Ananya Iyer",76972
"Kiran Thompson",65809
"John Thompson",68721
"Arun Smith",93742
"Nina Kumar",65986
"Karen Davis",81614
"Rohit Davis",65417
"Sophia Walker",94002
"Rohit Johnson",68629
"Vikram Johnson",64768
"Sarah Brown",66766
"Sophia Walker",74553
"Priya Anderson",97990
"Arun Brown",98242
"Emily Gupta",78088
"Linda Gupta",65786
"Sarah Patel",69008
"Ananya Miller",59854
"Michael Sharma",86904
"Emily Thompson",69654
"Karen Iyer",75384
"Emily Taylor",78116
"Olivia Smith",68255
"Emily Taylor",90426
"Arun Lewis",70845
"Karen Brown",75576
"Sarah Williams",84620
"David Williams",59354
"Sarah Smith",77416
"Nina Williams",72359
"Aisha Davis",63762
"Michael Davis",91511
"Luke Miller",79361
"Michael Anderson",92431
"Priya Lewis",83616
"John Miller",77405
"Daniel Williams",87578
"Leo Kumar",94647
"Sarah Walker",70469
"Aisha Patel",78956
"David Singh",77258
"Priya Iyer",74848
"Ananya Brown",62807
"Leo Taylor",67267
"Sarah Brown",79546
"Priya Singh",81081
"Nina Lewis",93379
"Kiran Williams",79194
"Michael Williams",81265
"Sophia Iyer",84662
"Kiran Taylor",58786
"Sophia Thompson",82224
"Nina Singh",84809
"Nina Anderson",78752
"Luke Wilson",74409
"Daniel Anderson",65445
"John Walker",83334
"Arun Thomas",83261
"Vikram Kumar",61060
"Priya Miller",608157
"Priya Anderson",65577
"Priya Gupta",70060
"Kiran Sharma",62136
"Emily Davis",59891
"Karen Wilson",77705
"Nina Walker",81172
"David Johnson",77779
"Rohit Kumar",71937
"Karen Iyer",81436
"Rohit Johnson",82766
"Daniel Kumar",87682
"Sarah Williams",69015
"Sophia Smith",98093
"Aisha Miller",58598
"Daniel Anderson",67425
"Emily Kumar",98802
"Ananya Miller",99463
"Leo Miller",87991
"Ananya Williams",97004
"Linda Brown",88264
"Kiran Davis",78983
"Olivia Brown",69840
"Linda Johnson",73449
"Sarah Smith",60879
"Ananya Brown",73562
"Sarah Smith",89003
"Vikram Patel",69418
"David Kumar",90369
"Leo Thomas",70110
"Linda Lewis",83069
"John Brown",63883
"Kiran Iyer",75950
"Arun Iyer",70790
"Arun Brown",79781
"Nina Williams",73902
"Arun Taylor",62442
"Kiran Patel",76574
"Sarah Wilson",59350
"Karen Singh",63104
"Aisha Iyer",91475
"Aisha Williams",63753
"Daniel Johnson",91543
"Nina Taylor",77529
"Daniel Sharma",61295
"Nina Gupta",82150
"David Davis",92283
"Daniel Iyer",89750
"Sarah Kumar",78042
"Olivia Sharma",71349
"John Williams",87334
"Daniel Iyer",72166
"Linda Brown",90243
"Kiran Thomas",61780
"Sophia Patel",80253
"David Smith",65870
"Luke Singh",83134
"Karen Davis",89807
"David Thomas",98263
"Olivia Johnson",63230
"Daniel Miller",78177
"Karen Brown",72167
"Aisha Wilson",65633
"Luke Brown",92774
"David Patel",94839
"Sarah Johnson",85203
"Olivia Singh",77209
"Michael Davis",92489
"Olivia Johnson",61739
"Vikram Williams",87824
"Vikram Thomas",78133
"Luke Miller",73065
"Leo Miller",70294
"Kiran Smith",64345
"Karen Kumar",70261
"Kiran Brown",86989
"Priya Smith",93984
"Karen Singh",81279
"Leo Patel",79316
"Karen Anderson",77967
"Sophia Williams",61271
"John Gupta",71817
"Sophia Patel",92776
"Arun Brown",64273
"Kiran Sharma",82539
"Kiran Taylor",90229
"Michael Gupta",64684
"Arun Lewis",93367
"Emily Thomas",66931
"Ananya Smith",67587
"Michael Walker",74102
"Michael Thompson",79153
"Sophia Singh",58586
"David Lewis",61840
"Rohit Brown",81167
"Daniel Gupta",86624
"Karen Kumar",60425
"Karen Singh",78229
"Leo Iyer",69913
"Linda Anderson",92258
"Kiran Lewis",63513
"David Anderson",66589
"Kiran Miller",68112
"Rohit Sharma",74375
"Ananya Thomas",88020
"Daniel Smith",98996
"Arun Patel",73711
"Luke Thompson",70079
"Vikram Singh",63356
"John Anderson",67566
"Vikram Miller",92853
"Olivia Gupta",64151
"Arun Johnson",58840
"Aisha Patel",83290
"Arun Davis",82437
"Daniel Lewis",67924
"Arun Sharma",65248
"John Miller",68837
"Luke Sharma",66185
"Karen Iyer",68582
"Luke Sharma",68665
"John Davis",62292
"Nina Williams",66791
"Leo Walker",60086
"Ananya Williams",85739
"Sarah Anderson",96098
"Linda Thomas",94242
"Linda Gupta",98516
"Ananya Smith",91603
"Aisha Patel",62100
"Luke Iyer",89846
"Priya Davis",60669
"Leo Gupta",63069
"Olivia Singh",66522
"Emily Thomas",61835
"Leo Brown",85620
"Linda Johnson",79604
"Karen Smith",65996
"Arun Anderson",58468
"Leo Anderson",66509
"Daniel Johnson",76931
"Emily Gupta",98783
"Leo Thomas",84299
"John Kumar",61508
"Michael Wilson",61994
"Vikram Davis",89456
"Aisha Miller",58768
"Luke Williams",96277
"John Thomas",80780
"Emily Thompson",93517
"Rohit Thompson",68197
"Luke Anderson",86522
"Aisha Walker",91400
"Emily Williams",59513
"Sophia Sharma",83213
"Leo Smith",61210
"Daniel Johnson",91634
"Sarah Taylor",96001
"Kiran Lewis",97203
"Nina Singh",62739
"Aisha Thomas",62044
"Rohit Taylor",85641
"Vikram Brown",79510
"Daniel Taylor",71599
"John Taylor",63085
"Nina Walker",81478
"Leo Johnson",59211
"Kiran Taylor",61627
"Ananya Sharma",83169
"Linda Taylor",71646
"Luke Smith",60012
"Daniel Kumar",74257
"Olivia Miller",72581
"John Brown",67749
"Emily Iyer",61756
"Luke Taylor",85483
"Ananya Anderson",59882
"Linda Sharma",58635
"Leo Walker",74295
"Ananya Singh",86384
"Sophia Johnson",65731
"Leo Walker",71822
"Priya Anderson",65405
"Emily Kumar",91728
"Sarah Iyer",70269
"Aisha Smith",93704
"David Sharma",60128
"Emily Anderson",79876
"Michael Taylor",91330
"Leo Smith",71117
"David Singh",75941
"Daniel Johnson",73914
"Ananya Wilson",69826
"Ananya Smith",60739
"Emily Patel",71671
"Vikram Taylor",94002
"Aisha Thompson",70726
"Sarah Patel",77469
"Nina Thompson",89964
"Rohit Sharma",87525
"Linda Wilson",82170
"John Davis",58912
"Ananya Davis",75413
"Michael Patel",70206
"Linda Gupta",85215
"Aisha Walker",74178
"Karen Gupta",65766
"Olivia Johnson",99262
"Daniel Brown",85094
"Michael Gupta",85966
"Vikram Sharma",71070
"Arun Taylor",74899
"Olivia Thomas",84067
"Michael Lewis",74078
"David Williams",86644
"Vikram Patel",67068
"Rohit Johnson",84185
"Olivia Patel",68520
"Kiran Walker",68366
"Leo Anderson",60234
"Leo Miller",90294
"Leo Patel",84831
"Aisha Thomas",90201
"Rohit Patel",62174
"Emily Patel",65888
"Rohit Walker",91991
"Priya Williams",72532
"Nina Anderson",69509
"John Thompson",76322
"Emily Taylor",66525
"Nina Thompson",59760
"Rohit Smith",62227
"Daniel Williams",96743
"Aisha Singh",76307
"Michael Singh",64086
"Vikram Davis",65977
"Leo Miller",61780
"Arun Lewis",84461
"Nina Smith",71264
"Michael Brown",73133
"Emily Davis",65494
"Leo Kumar",99862
"Aisha Iyer",82799
"Leo Davis",88832
"Arun Sharma",86300
"Sarah Miller",99614
"David Brown",75950
"John Williams",99274
"Sarah Smith",70579
"David Thompson",76969
"Emily Kumar",59686
"Aisha Smith",62568
"Luke Lewis",85365
"Linda Miller",79318
"Sarah Davis",78467
"Emily Patel",62826
"Olivia Smith",77356
"Emily Lewis",62265
"Daniel Miller",76766
"Michael Gupta",68269
"Sarah Anderson",81127
"Sophia Thomas",61076
"Karen Anderson",89907
"John Gupta",65779
"Sophia Singh",84207
"Linda Lewis",84466
"Ananya Brown",66688
"Emily Singh",89014
"Linda Kumar",97525
"Luke Gupta",89776
"Emily Smith",63561
"Daniel Wilson",58414
"Priya Patel",72786
"Sophia Wilson",74860
"Daniel Patel",93063
"Sophia Thomas",63515
"Leo Singh",71194
"David Singh",60261
"Sarah Davis",70292
"Nina Miller",79338
"Arun Anderson",70341
"Olivia Singh",61604
"Ananya Brown",63571
"Nina Thomas",94011
"Karen Johnson",99513
"Sophia Singh",60790
"Sarah Brown",90041
"Luke Sharma",84441
"Vikram Singh",65049
"Rohit Johnson",60624
"Luke Williams",58958
"Leo Thompson",61627
"Priya Williams",79496
"Michael Thompson",77277
"Karen Johnson",76865
"Nina Kumar",58695
"Sarah Thomas",58454
"Luke Sharma",71784
"Olivia Smith",61062
"Vikram Taylor",74697
"Leo Singh",77846
"Emily Anderson",87406
"Kiran Kumar",65073
"Karen Wilson",64735
"Rohit Patel",79345
"Arun Brown",80167
"Leo Patel",68487
"Luke Anderson",90937
"Emily Wilson",70106
"Luke Gupta",65515
"Sophia Brown",71876
"Rohit Iyer",59624
"Linda Davis",71548
"Sophia Singh",60845
"Olivia Singh",64445
"Daniel Miller",72353
"David Singh",77133
"Kiran Taylor",74824
"John Davis",86132
"Kiran Smith",76748
"Emily Lewis",89327
"Sarah Patel",77018
"Sophia Lewis",61026
"Daniel Lewis",90437
"Emily Taylor",90435
"Luke Iyer",67716
"Sarah Wilson",64531
"Arun Singh",72309
"Vikram Singh",67875
"Aisha Thomas",89282
"Priya Patel",87940
"Nina Wilson",70724
"Ananya Smith",60875
"Leo Smith",69321
"Emily Kumar",83169
"David Taylor",87385
"Kiran Miller",69378
"Michael Smith",84769
"Linda Taylor",76308
"Rohit Wilson",65753
"Olivia Williams",86935
"Emily Brown",76294
"Daniel Walker",61882
"Karen Thompson",61273
"Arun Kumar",95882
"David Gupta",92905
"Emily Kumar",91626
"Sarah Williams",96286
"Luke Williams",77602
"Leo Kumar",71990
"Luke Sharma",67372
"Aisha Sharma",67816
"Luke Wilson",68013
"Daniel Walker",97472
"David Walker",77882
"Daniel Lewis",62678
"Sarah Miller",68899
"Luke Gupta",58999
"Linda Iyer",66891
"Michael Iyer",71631
"Arun Taylor",96914
"Michael Sharma",59447
"Vikram Walker",67766
"Leo Iyer",67623
"Nina Miller",77995
"Vikram Sharma",84365
"Emily Williams",96425
"Kiran Johnson",77656
"Michael Thompson",58642
"Sophia Thompson",61723
"Leo Davis",66292
"John Anderson",83404
"Arun Davis",78023
"Olivia Anderson",85857
"Priya Patel",70288
"David Taylor",82903
"Daniel Iyer",66483
"Rohit Thomas",97827
"David Brown",59925
"Linda Thomas",85993
"Sarah Lewis",92735
"Vikram Sharma",82640
"Karen Miller",64279
"Ananya Iyer",64433
"Ananya Smith",72542
"Nina Davis",66105
"Aisha Anderson",76000
"Daniel Iyer",89260
"Rohit Davis",59398
"Olivia Iyer",71703
"Sarah Davis",67417
"Aisha Lewis",80167
"Sophia Gupta",62273
"Emily Davis",78512
"Sarah Thompson",86369
"Daniel Patel",62990
"Karen Lewis",82634
"Karen Sharma",66722
"Kiran Gupta",82892
"Emily Lewis",72428
"David Anderson",70167
"Priya Davis",67167
"Rohit Johnson",80771
"Kiran Gupta",75226
"Linda Patel",74164
"Arun Brown",90067
"Sarah Lewis",80584
"Linda Gupta",78512
"Sarah Iyer",74412
"Sarah Davis",88849
"Karen Thompson",65125
"Karen Gupta",82768
"David Singh",59492
"Vikram Brown",71906
"Kiran Wilson",63614
"John Gupta",68328
"Rohit Iyer",69919
"Aisha Sharma",62770
"Emily Smith",93616
"Daniel Thomas",63972
"Ananya Taylor",72776
"Arun Smith",62025
"Aisha Sharma",77687
"Daniel Kumar",70896
"Leo Taylor",90586
"Michael Kumar",64756
"Olivia Smith",62651
"Kiran Anderson",92416
"Emily Williams",68847
"Luke Thompson",67329
"Ananya Singh",94252
"Luke Williams",75089
"Michael Davis",82552
"Olivia Patel",78176
"John Iyer",63132
"Karen Williams",81617
"Michael Sharma",93534
"Sarah Kumar",68193
"Linda Thompson",63916
"Nina Walker",94948
"Daniel Williams",74810
"Michael Taylor",68721
"Kiran Thompson",63488
"Kiran Davis",70666
"Daniel Kumar",61365
"Arun Brown",61304
"Aisha Kumar",67652
"Rohit Iyer",92810
"Leo Miller",86024
"Olivia Kumar",58510
"Sophia Wilson",87749
"Ananya Johnson",82737
"Michael Walker",62101
"Daniel Walker",61845
"Priya Brown",74431
"Sarah Thompson",93245
"Aisha Iyer",87153
"Ananya Anderson",77824
"Olivia Wilson",88068
"Emily Patel",60830
"Ananya Brown",77418
"Ananya Gupta",58989
"Leo Gupta",77392
"Vikram Walker",81276
"Michael Johnson",72937
"Ananya Thompson",83597
"Arun Anderson",79942
"Aisha Wilson",74717
"Ananya Singh",71297
"Sarah Davis",62646
"Karen Thomas",66052
"Ananya Smith",74001
"Linda Kumar",66307
"Sophia Kumar",84041
"Michael Johnson",59440
"Sarah Thompson",88226
"Rohit Smith",84240
"Priya Williams",92029
"Priya Singh",59484
"Karen Thompson",64198
"Leo Taylor",74730
"Daniel Taylor",59192
"Michael Kumar",85027
"Vikram Taylor",63908
"Luke Gupta",66771
"Kiran Wilson",84762
"Luke Thompson",66980
"Arun Thomas",64154
"Karen Smith",76757
"Vikram Thomas",61791
"Linda Thomas",85354
"Priya Thomas",89737
"Emily Taylor",74995
"Karen Williams",99543
"Ananya Patel",82411
"Vikram Smith",62665
"Michael Sharma",91077
"Daniel Singh",80603
"Vikram Wilson",98938
"Priya Brown",65719
"Sophia Lewis",89960
"Arun Davis",75883
"John Wilson",82055
"Emily Williams",62206
"Sarah Wilson",72289
"Priya Sharma",87862
"Vikram Johnson",63727
"Daniel Singh",88909
"Olivia Singh",58533
"Leo Thomas",89475
"Luke Patel",86373
"Linda Patel",65831
"Luke Walker",62717
"Olivia Kumar",58799
"Ananya Miller",63419
"Nina Wilson",76788
"Vikram Patel",59122
"Luke Johnson",79816
"Michael Smith",82540
"Ananya Patel",61082
"Ananya Sharma",61831
"Karen Patel",90214
"Olivia Thompson",72915
"Daniel Wilson",96277
"John Thomas",73804
"John Brown",59333
"David Iyer",88229
"Karen Williams",64880
"Leo Lewis",73216
"Karen Davis",62476
"Linda Iyer",68437
"Rohit Walker",61596
"Karen Patel",99051
"Arun Lewis",68247
"Kiran Thompson",74318
"Emily Thompson",87512
"Emily Gupta",79472
"Vikram Thomas",59347
"Sophia Williams",95214
"Arun Johnson",67474
"Olivia Singh",59472
"Sophia Smith",64126
"Luke Kumar",60802
"David Smith",59445
"Michael Thomas",66774
"Priya Thompson",64826
"Daniel Thomas",59891
"Priya Anderson",66878
"Nina Taylor",85435
"Sophia Sharma",69180
"David Lewis",82790
"Arun Thompson",66616
"Ananya Davis",73145
"Sophia Gupta",91078
"Luke Wilson",79095
"Linda Davis",88168
"Rohit Kumar",73332
"Michael Iyer",89679
"Michael Sharma",91811
"Karen Davis",64970
"Sarah Wilson",81212
"Luke Walker",92009
"Luke Smith",84198
"Daniel Walker",61170
"Leo Taylor",65309
"Michael Williams",80082
"Emily Singh",66989
"Nina Brown",64388
"Priya Lewis",84962
"Daniel Sharma",78209
"Sarah Taylor",58535
"Karen Smith",68130
"Karen Davis",93749
"Linda Johnson",72636
"Aisha Thompson",81749
"Rohit Williams",60717
"Emily Miller",59017
"David Patel",77831
"Karen Thompson",65953
"Rohit Patel",95616
"Leo Wilson",87261
"Sophia Anderson",66499
"Olivia Thompson",74936
"Sarah Williams",79653
"Olivia Singh",68993
"Karen Iyer",84926
"David Patel",95944
"Leo Brown",84963
"Vikram Iyer",85667
"Ananya Wilson",97431
"Leo Williams",80982
"Luke Gupta",58708
"Nina Gupta",93951
"Arun Singh",69498
"Kiran Gupta",69908
"Nina Kumar",67130
"Michael Davis",96467
"Kiran Brown",72450
"Sophia Williams",68076
"Luke Lewis",59679
"John Johnson",86690
"Sophia Smith",61885
"Sophia Kumar",68791
"Priya Lewis",97860
"Luke Williams",61748
"Nina Thomas",64941
"Linda Davis",59143
"Rohit Anderson",70243
"Leo Sharma",98614
"Karen Kumar",73369
"John Miller",78708
"Daniel Patel",71193
"Karen Gupta",63776
"Priya Wilson",66324
"Aisha Gupta",69878
"John Anderson",71517
"Ananya Anderson",98297
"Rohit Wilson",84290
"Vikram Taylor",61698
"Arun Patel",96067
"Ananya Smith",81447
"David Gupta",81685
"Priya Singh",70756
"Linda Brown",75040
"Vikram Patel",62119
"Emily Anderson",86861
"David Patel",88185
"Michael Smith",75341
"Ananya Singh",82582
"Ananya Wilson",81809
"Priya Sharma",96864
"Kiran Johnson",68975
"Nina Johnson",94365
"Arun Sharma",86319
"Daniel Wilson",73297
"Emily Lewis",78299
"Vikram Miller",78992
"Sarah Gupta",93287
"Sarah Miller",91203
"Arun Iyer",63871
"Leo Thompson",89586
"Kiran Anderson",62091
"John Miller",58609
"Michael Thomas",59383
"Daniel Singh",68922
"John Gupta",80408
"Daniel Brown",68505
"Kiran Walker",80429
"Michael Davis",58474
"Olivia Davis",77845
"Daniel Miller",85590
"Rohit Gupta",63779
"Aisha Johnson",83381
"Sarah Thomas",85635
"John Brown",58646
"Olivia Singh",74142
"Luke Sharma",72786
"Rohit Wilson",91386
"Vikram Iyer",69621
"Nina Johnson",60577
"Arun Miller",80467
"Karen Walker",67511
"Sophia Thomas",81087
"Arun Lewis",66245
"Nina Gupta",67434
"Priya Patel",60611
"Olivia Thompson",89696
"Aisha Kumar",62625
"Leo Walker",73428
"Olivia Wilson",64826
"Michael Miller",78238
"Sophia Singh",75380
"Nina Johnson",60980
"Michael Thomas",60470
"Arun Smith",83776
"David Thomas",61019
"Daniel Miller",71244
"Leo Singh",61870
"John Brown",82223
"Michael Johnson",71265
"Rohit Singh",96874
"Sophia Brown",84839
"John Iyer",64115
"Sophia Thompson",60835
"Luke Johnson",81273
"Vikram Walker",70076
"Kiran Iyer",63256
"Michael Iyer",73060
"Daniel Kumar",80720
"David Wilson",84611
"Kiran Lewis",59935
"Daniel Davis",90515
"Vikram Singh",75260
"Daniel Iyer",93077
"Nina Brown",90451
"Emily Kumar",73455
"Linda Kumar",96187
"Aisha Smith",76208
"Linda Kumar",71367
"Rohit Walker",92055
"Kiran Williams",73878
"David Singh",59094
"Aisha Williams",85234
"Karen Thomas",64122
"Olivia Wilson",88920
"Sarah Gupta",88879
"Kiran Sharma",77505
"John Thompson",79116
"Aisha Sharma",77659
"Emily Patel",60475
"Rohit Miller",62558
"Karen Gupta",70441
"Sarah Brown",58728
"Emily Smith",82206
"Linda Miller",58642
"Daniel Iyer",67346
"Leo Wilson",58679
"Vikram Gupta",74984
"Emily Thompson",96700
"Rohit Taylor",62324
"Aisha Thomas",69697
"Nina Smith",71790
"Ananya Walker",63408
"Linda Anderson",82201
"Olivia Brown",62917
"David Miller",92655
"Rohit Singh",59085
"David Iyer",75495
"David Wilson",68092
"Aisha Anderson",62309
"Sarah Davis",66764
"Aisha Singh",93372
"Michael Johnson",67446
"Olivia Thomas",60840
"Daniel Taylor",64832
"Vikram Anderson",71505
"Arun Brown",59620
"Kiran Thomas",90775
"Aisha Williams",62409
"Linda Taylor",63408
"Daniel Walker",79165
"Sarah Kumar",73993
"Olivia Brown",59254
"Karen Miller",58601
"Daniel Thompson",77716
"Sophia Thompson",94568
"Rohit Thomas",70885
"Karen Thompson",89434
"David Sharma",86300
"John Anderson",63200
"Ananya Iyer",65954
"Sarah Thompson",71581
"David Williams",75225
"Kiran Smith",88491
"Arun Williams",97228
"Aisha Sharma",68679
"Emily Lewis",60924
"Priya Gupta",69380
"Leo Miller",59106
"Leo Miller",65400
"Kiran Iyer",84933
"Emily Iyer",74450
"Sarah Wilson",65688
"Sophia Brown",74625
"Michael Williams",64582
"Sophia Kumar",63221
"Arun Iyer",73514
"Ananya Patel",66486
"Leo Singh",69560
"Vikram Thompson",69371
"Arun Anderson",68228
"Vikram Gupta",65970
"Karen Thomas",75700
"Rohit Patel",91653
"Arun Thomas",65723
"Kiran Williams",67570
"Vikram Gupta",76302
"Priya Walker",97185
"Kiran Iyer",89447
"Priya Kumar",91126
"Vikram Patel",90408
"Priya Patel",89574
"Ananya Gupta",68319
"Nina Gupta",60908
"Ananya Miller",73702
"Priya Lewis",72125
"Leo Davis",75233
"Ananya Thomas",59643
"Linda Taylor",77979
"Sophia Patel",74197
"Linda Anderson",61056
"David Patel",98636
"Rohit Walker",80459
"Emily Iyer",81433
"Luke Thompson",81210
"Daniel Wilson",75137
"Rohit Lewis",70941
"Aisha Davis",80411
"Olivia Wilson",80754
"Nina Walker",86541
"Sarah Wilson",69955
"Aisha Singh",86500
"Nina Thomas",75654
"Arun Johnson",73457
"Luke Wilson",64131
"Arun Miller",71212
"Linda Thompson",60317
"Olivia Walker",68868
"Sophia Brown",84325
"Ananya Miller",59026
"David Patel",64538
"Michael Williams",72786
"Kiran Singh",91562
"Kiran Johnson",60638
"Rohit Thompson",66842
"Vikram Gupta",92380
"Priya Iyer",83455
"Olivia Anderson",59099
"Luke Smith",86293
"Kiran Iyer",62401
"Rohit Thompson",81147
"Sophia Kumar",71878
"John Thompson",86262
"Leo Thomas",85272
"Nina Wilson",69816
"Sarah Thompson",99266
"Karen Thompson",72176
"Michael Brown",79415
"Linda Patel",99746
"Priya Singh",72410
"Arun Sharma",92905
"Leo Thompson",59495
"Kiran Thomas",80841
"Michael Davis",70516
"Sophia Brown",78821
"Vikram Thomas",73076
"Aisha Wilson",74340
"Priya Lewis",61290
"David Brown",62558
"Priya Gupta",77012
"Leo Williams",95455
"Luke Brown",58545
"Emily Brown",81852
"Priya Lewis",60759
"Sarah Thompson",73064
"Rohit Smith",71969
"Michael Davis",97176
"Olivia Sharma",95892
"Sarah Iyer",82412
"Linda Anderson",64968
"Daniel Miller",89128
"Linda Johnson",60727
"Arun Taylor",92026
"Kiran Smith",60079
"Leo Iyer",80426
"Sarah Taylor",62262
"Rohit Davis",71133
"Michael Walker",90313
"Ananya Wilson",89542
"Arun Taylor",81781
"Linda Gupta",67986
"Ananya Patel",72168
"Kiran Miller",59248
"Rohit Patel",66288
"Ananya Anderson",83654
"Ananya Thompson",75264
"Michael Kumar",90400
"Vikram Johnson",81712
"Sarah Sharma",61012
"Linda Brown",79782
"Leo Williams",92489
"Emily Williams",72622
"Aisha Smith",59694
"Sophia Davis",74832
"Karen Davis",88963
"Emily Anderson",63481
"Rohit Thomas",66553
"Sophia Singh",66325
"Emily Gupta",83252
"Sophia Gupta",89200
"David Smith",90201
"Linda Patel",94436
"Emily Thomas",66215
"Vikram Walker",80383
"Arun Sharma",75271
"David Brown",87924
"John Davis",64745
"Sophia Davis",73887
"Vikram Thomas",62216
"Sophia Singh",73553
"Vikram Johnson",81167
"Olivia Taylor",83268
"Nina Lewis",67776
"Michael Lewis",92788
"Linda Thompson",83699
"Luke Anderson",76962
"Linda Johnson",96580
"Michael Anderson",69517
"Nina Gupta",74542
"Kiran Gupta",73337
"Michael Miller",74574
"John Iyer",72949
"Vikram Williams",68375
"Sophia Smith",89459
"John Walker",60862
"Daniel Williams",72509
"Leo Iyer",76917
"Rohit Wilson",90207
"Luke Thomas",85040
"Linda Miller",90886
"Arun Lewis",68484
"John Iyer",72045
"Priya Iyer",78383
"Sophia Kumar",84607
"Linda Thomas",73385
"Linda Williams",76793
"Nina Anderson",96112
"Kiran Anderson",69992
"Daniel Iyer",64375
"Priya Brown",65071
"Vikram Gupta",87633
"Daniel Anderson",62480
"David Thomas",60923
"Daniel Lewis",88651
"Olivia Anderson",69694
"David Johnson",96957
"Sophia Miller",85865
"Vikram Wilson",88707
"Karen Kumar",88432
"Rohit Thompson",71286
"Kiran Thomas",87967
"Linda Kumar",70142
"John Anderson",82432
"Michael Iyer",67633
"Sophia Williams",66753
"David Kumar",84332
"Sophia Patel",85027
"Olivia Sharma",79448
"Karen Sharma",82594
"David Thompson",61617
"David Anderson",77125
"Emily Williams",60671
"John Patel",95297
"Michael Thompson",59692
"Linda Wilson",70448
"Sarah Anderson",73141
"Ananya Johnson",69590
"Sophia Walker",71128
"Linda Miller",96300
"Kiran Gupta",70727
"Daniel Lewis",62386
"John Patel",66950
"Kiran Anderson",80798
"David Lewis",82873
"Rohit Walker",71100
"Rohit Wilson",97727
"Michael Wilson",79204
"Daniel Kumar",62852
"Leo Kumar",88207
"Karen Smith",87580
"Emily Smith",96477
"Olivia Miller",78534
"Daniel Lewis",70772
"Sarah Iyer",64673
"Luke Williams",84991
"Priya Taylor",89726
"Daniel Iyer",81986
"Michael Sharma",69612
"Emily Gupta",89549
"Olivia Wilson",83653
"Rohit Gupta",67378
"Aisha Patel",78110
"Daniel Iyer",85785
"Leo Williams",59328
"David Johnson",61444
"Nina Kumar",96300
"Sarah Thomas",80492
"Leo Kumar",76749
"Daniel Taylor",86922
"David Thomas",89662
"Sophia Kumar",60780
"Rohit Singh",68046
"Priya Davis",60733
"Linda Smith",86627
"Olivia Patel",77461
"Priya Miller",59026
"Sophia Thompson",71716
"Daniel Johnson",645242
"Daniel Anderson",88480
"Michael Gupta",67265
"John Davis",73560
"Daniel Lewis",59512
"Arun Thompson",59764
"Linda Kumar",75938
"Kiran Walker",63009
"Leo Kumar",96481
"Priya Kumar",80297
"Priya Anderson",67439
"Linda Sharma",76935
"Aisha Anderson",65109
"Leo Lewis",78897
"Vikram Kumar",90659
"Kiran Miller",73324
"Nina Johnson",62518
"Karen Taylor",78262
"Aisha Williams",65000
"Aisha Sharma",74099
"Olivia Williams",74389
"Priya Sharma",60793
"Priya Walker",59734
"Linda Patel",64818
"Vikram Wilson",66889
"Leo Taylor",77357
"Sophia Patel",96668
"Sophia Davis",84147
"Rohit Iyer",66202
"Linda Anderson",62287
"Rohit Thompson",86277
"Emily Johnson",72030
"Sophia Gupta",90979
"John Walker",66238
"Arun Thompson",96616
"David Singh",61700
"Vikram Davis",79203
"David Patel",69793
"Nina Johnson",83202
"Rohit Patel",79546
"Kiran Walker",99626
"Linda Johnson",78809
"Emily Sharma",97183
"Linda Smith",91905
"Emily Singh",81933
"Leo Patel",75195
"John Davis",75691
"Ananya Kumar",59562
"Aisha Thomas",68778
"Kiran Brown",66954
"Kiran Wilson",61273
"Michael Thompson",80663
"Michael Thompson",80368
"David Wilson",80307
"Rohit Anderson",91232
"Linda Iyer",69372
"Sophia Kumar",89405
"Vikram Kumar",71804
"Kiran Sharma",79994
"Rohit Iyer",84054
"Karen Kumar",63782
"Arun Thomas",68254
"Nina Lewis",76017
"Ananya Patel",71337
"Arun Iyer",94686
"Sarah Brown",69294
"Sarah Brown",96255
"Leo Patel",63868
"Olivia Johnson",80537
"Michael Walker",67739
"Karen Iyer",70820
"Olivia Thomas",63213
"Linda Singh",81592
"Sarah Thompson",73128
"Linda Smith",69865
"Vikram Singh",91769
"Linda Smith",91975
"Kiran Anderson",69022
"Luke Thomas",70371
"David Thomas",85379
"Sarah Lewis",75047
"Priya Taylor",63708
"Leo Brown",64207
"Leo Patel",99383
"Michael Singh",71292
"Kiran Anderson",66850
"Karen Davis",99618
"Arun Thompson",78402
"Linda Sharma",78550
"Linda Brown",92051
"Nina Taylor",77650
"Leo Singh",78632
"Olivia Brown",89793
"Nina Iyer",75383
"Priya Thomas",68228
"Arun Williams",66743
"Nina Williams",59506
"Ananya Wilson",63834
"Arun Miller",64186
"Vikram Wilson",77976
"Daniel Walker",63778
"Aisha Taylor",65835
"Ananya Williams",86220
"Sophia Johnson",72964
"David Singh",59338
"Nina Brown",64565
"Kiran Taylor",80294
"Rohit Patel",62650
"Kiran Williams",85750
"Michael Thompson",69324
"Sarah Patel",68806
"Daniel Sharma",62947
"Sophia Brown",86361
"Emily Johnson",93172
"John Iyer",74684
"Luke Anderson",61580
"Priya Williams",99483
"Vikram Anderson",99652
"John Thompson",79169
"Aisha Singh",62194
"Linda Wilson",88534
"Karen Sharma",66492
"Rohit Thomas",78767
"Nina Singh",67817
"Arun Williams",88779
"Luke Lewis",86830
"Kiran Brown",91097
"Karen Williams",60972
"Vikram Brown",65215
"Vikram Lewis",95222
"Emily Anderson",74128
"Rohit Wilson",81263
"David Anderson",66145
"Arun Singh",61836
"Karen Taylor",73984
"Rohit Brown",66640
"Nina Thomas",76098
"Leo Johnson",79071
"Ananya Davis",74487
"Daniel Davis",80194
"Rohit Singh",68982
"Linda Iyer",67118
"Arun Kumar",74003
"John Davis",76396
"Priya Walker",90260
"Sophia Iyer",67085
"Emily Smith",58961
"Michael Walker",74448
"Olivia Miller",84521
"Nina Johnson",66431
"Emily Thompson",84695
"Sarah Davis",91913
"Sophia Miller",76486
"David Singh",90111
"Nina Johnson",90383
"Vikram Iyer",65273
"Michael Wilson",69119
"Sarah Wilson",75768
"Vikram Singh",81562
"Daniel Iyer",70263
"Olivia Kumar",72330
"David Thomas",72179
"David Iyer",71741
"Linda Gupta",85622
"Linda Thompson",89039
"Priya Smith",76939
"Luke Taylor",61374
"Kiran Taylor",85154
"Rohit Brown",96250
"Olivia Brown",69518
"David Wilson",65117
"Arun Gupta",97085
"Ananya Thompson",71756
"Linda Anderson",65592
"Daniel Patel",84298
"Sarah Miller",75390
"Ananya Singh",95493
"Sophia Anderson",64560
"Linda Williams",62879
"John Williams",97863
"John Thomas",86465
"Daniel Anderson",62590
"Sarah Gupta",58857
"Luke Davis",98536
"Ananya Iyer",95934
"Arun Davis",61536
"Olivia Singh",58429
"Michael Taylor",91767
"Michael Wilson",99692
"Kiran Taylor",96420
"Michael Singh",73643
"Karen Williams",64422
"Karen Lewis",79432
"Sarah Davis",85814
"Luke Lewis",78807
"Luke Kumar",66508
"Vikram Iyer",96574
"Michael Williams",75490
"Sarah Johnson",68248
"John Sharma",60482
"Nina Patel",79867
"Vikram Davis",90596
"Daniel Iyer",92944
"David Williams",82846
"Karen Walker",71591
"David Davis",85786
"Linda Thompson",95681
"Linda Thomas",68026
"Ananya Iyer",64741
"Vikram Thompson",63384
"Emily Anderson",59504
"Sarah Anderson",68307
"Kiran Kumar",77835
"Luke Patel",70898
"Karen Kumar",67416
"David Wilson",79319
"Aisha Smith",91280
"Vikram Johnson",61885
"Michael Patel",66967
"Sarah Brown",66523
"Kiran Gupta",68895
"Ananya Davis",70205
"John Walker",66537
"Daniel Patel",91967
"Emily Thomas",65065
"Emily Taylor",75722
"Arun Wilson",75957
"Luke Anderson",70598
"Sophia Walker",59645
"Sarah Walker",80610
"Aisha Williams",83947
"Michael Miller",86958
"Luke Lewis",58820
"Sarah Sharma",88816
"John Gupta",71417
"Kiran Johnson",72302
"Arun Singh",76306
"Ananya Thomas",72023
"Leo Gupta",77333
"John Johnson",69049
"Michael Johnson",58485
"Kiran Anderson",80736
"Sophia Brown",71596
"Michael Anderson",70840
"Rohit Gupta",88455
"Sophia Walker",61424
"Daniel Miller",61911
"Aisha Miller",66693
"John Gupta",95012
"Sarah Singh",86651
"Olivia Singh",95556
"Emily Anderson",84182
"Emily Taylor",76925
"Michael Sharma",638897
"Daniel Thompson",64879
"Karen Thomas",63917
"Aisha Lewis",62176
"Kiran Walker",62848
"David Thompson",87770
"John Kumar",75639
"Karen Davis",71339
"Rohit Miller",60862
"Karen Taylor",58845
"Sophia Sharma",62477
"Nina Thomas",72594
"Rohit Williams",66718
"Linda Davis",60280
"Luke Lewis",72594
"Leo Iyer",96470
"Vikram Gupta",87689
"Daniel Lewis",76003
"Vikram Taylor",87681
"Linda Thomas",65347
"Rohit Taylor",81218
"Emily Gupta",76838
"Arun Thomas",97519
"Vikram Smith",68047
"Luke Davis",73312
"Michael Singh",68985
"Leo Walker",78890
"Ananya Lewis",95436
"Arun Kumar",60340
"Sophia Williams",58921
"Luke Davis",73015
"Michael Brown",73804
"Nina Sharma",83998
"Ananya Brown",70097
"Emily Gupta",62681
"Daniel Johnson",60392
"Sophia Gupta",62759
"Leo Brown",87101
"Emily Kumar",68576
"Linda Lewis",89920
"John Johnson",66888
"Arun Williams",80046
"John Davis",67512
"Rohit Anderson",78360
"Vikram Kumar",84871
"John Iyer",65873
"Priya Sharma",97948
"Emily Williams",92029
"Luke Iyer",94852
"Arun Thompson",69280
"Sarah Williams",75308
"Linda Patel",61861
"Rohit Gupta",80125
"Aisha Williams",97000
"Karen Johnson",92032
"Olivia Brown",67927
"Kiran Gupta",92990
"Olivia Kumar",71780
"Daniel Brown",84045
"Kiran Wilson",63319
"Ananya Wilson",81659
"Luke Thompson",71646
"Ananya Williams",79951
"Sarah Wilson",79559
"Karen Brown",77629
"Aisha Taylor",71923
"John Walker",98251
"David Lewis",81649
"John Sharma",61606
"Rohit Singh",95554
"Luke Davis",94100
"David Johnson",64300
"Kiran Williams",85123
"Karen Thomas",80812
"Emily Brown",83215
"John Taylor",85901
"Arun Thompson",80045
"Priya Smith",74947
"Michael Iyer",77442
"Olivia Anderson",63250
"Luke Singh",81970
"Vikram Sharma",61060
"Arun Davis",76096
"Sophia Lewis",65893
"Michael Davis",78426
"Luke Singh",76721
"Priya Anderson",64763
"Nina Singh",93582
"Karen Davis",90893
"Karen Brown",62648
"Rohit Brown",58760
"Sophia Walker",90226
"Ananya Johnson",76177
"Leo Davis",74739
"Aisha Lewis",71537
"Leo Miller",98032
"Olivia Williams",67206
"Linda Miller",73609
"Karen Williams",80785
"Sophia Gupta",88540
"Sophia Sharma",59621
"Nina Davis",61401
"Luke Davis",89404
"Ananya Smith",75405
"Kiran Lewis",63790
"Arun Brown",79506
"Sophia Johnson",88986
"Arun Thomas",99818
"Daniel Taylor",79682
"Vikram Miller",63264
"Nina Sharma",67546
"Priya Johnson",71424
"Karen Sharma",78046
"John Taylor",81020
"Michael Miller",63635
"Leo Walker",90544
"David Patel",77561
"Olivia Williams",88466
"David Walker",90982
"Olivia Lewis",81767
"Daniel Davis",67367
"Aisha Taylor",63578
"Rohit Anderson",92922
"Priya Smith",84750
"Nina Davis",65387
"Sarah Brown",80749
"John Sharma",63517
"Arun Davis",67043
"Michael Singh",75987
"Karen Taylor",61942
"Luke Gupta",62698
"Vikram Gupta",89168
"David Smith",67940
"Karen Davis",62372
"Daniel Smith",63381
"Kiran Davis",76821
"David Wilson",65626
"Ananya Kumar",65050
"Priya Davis",78406
"Nina Iyer",74842
"Sarah Walker",85036
"Leo Davis",90854
"David Taylor",99285
"Karen Iyer",64680
"Michael Williams",84612
"David Patel",68899
"Nina Lewis",79481
"Priya Taylor",76759
"Michael Gupta",61259
"Emily Thompson",77715
"Linda Iyer",58960
"Arun Sharma",87251
"Olivia Thompson",61182
"Emily Johnson",67130
"John Gupta",81868
"Sophia Smith",70247
"Priya Sharma",73323
"Linda Taylor",72779
"Leo Thompson",74364
"Luke Taylor",98804
"Olivia Kumar",86146
"Arun Brown",99345
"Karen Taylor",59138
"Daniel Walker",78931
"Vikram Patel",69333
"Rohit Singh",77753
"Emily Singh",78554
"Olivia Johnson",61770
"Emily Miller",93578
"Vikram Thomas",86192
"Linda Kumar",60521
"Emily Brown",83615
"Rohit Johnson",60062
"Olivia Wilson",80224
"John Johnson",97806
"Michael Singh",62850
"Daniel Anderson",96808
"Luke Iyer",70893
"Sarah Miller",84019
"Luke Sharma",80100
"Karen Walker",74731
"Michael Patel",65441
"Arun Patel",58642
"Daniel Lewis",60910
"Luke Wilson",86311
"Nina Kumar",66055
"Kiran Singh",95954
"Rohit Williams",63389
"Kiran Williams",84617
"Vikram Miller",79181
"Karen Brown",58894
"Michael Brown",72075
"Luke Walker",69980
"Linda Lewis",64819
"Linda Iyer",81802
"John Smith",70404
"Rohit Kumar",83884
"Priya Johnson",74729
"Ananya Sharma",97337
"Michael Brown",88480
"Sarah Anderson",77092
"Rohit Walker",78038
"Arun Smith",79913
"Kiran Johnson",71648
"Ananya Taylor",67045
"Arun Brown",66185
"Sarah Sharma",60431
"Leo Wilson",98804
"Sarah Singh",60128
"Ananya Sharma",64837
"Michael Miller",63465
"Priya Johnson",83162
"Michael Miller",85497
"David Thomas",71913
"Sarah Singh",75417
"Linda Smith",71993
"Luke Smith",58921
"Vikram Johnson",64220
"Sarah Walker",60204
"Rohit Williams",68882
"Arun Williams",88085
"Priya Iyer",78831
"David Walker",70329
"David Anderson",80744
"John Walker",86262
"Luke Thompson",91121
"Sarah Wilson",80109
"Olivia Johnson",68521
"Arun Davis",82983
"Priya Taylor",86850
"Ananya Wilson",63680
"Michael Walker",80926
"Daniel Williams",77511
"Kiran Sharma",75131
"Nina Walker",68781
"Aisha Taylor",88542
"Kiran Brown",69518
"Michael Thomas",64478
"Kiran Walker",60013
"Leo Williams",61568
"Linda Lewis",86249
"Arun Sharma",60561
"Luke Gupta",85251
"Aisha Iyer",82401
"Olivia Johnson",89719
"Linda Smith",82276
"John Smith",59287
"Aisha Iyer",75550
"John Johnson",81776
"John Miller",66821
"Aisha Sharma",76249
"Sarah Gupta",75564
"Leo Williams",61723
"Michael Kumar",58640
"Aisha Gupta",67829
"Olivia Singh",72005
"Rohit Singh",68957
"Karen Singh",83405
"Sophia Sharma",73434
"Kiran Sharma",64214
"Sarah Johnson",59497
"Emily Gupta",74995
"Sarah Williams",84520
"David Williams",60218
"Vikram Patel",86417
"Arun Kumar",61152
"Leo Anderson",76102
"Vikram Iyer",59251
"Michael Thompson",58922
"Sarah Gupta",90870
"Daniel Patel",77532
"Daniel Lewis",77319
"Aisha Walker",72211
"Sarah Lewis",75908
"Linda Wilson",59830
"Linda Thomas",89481
"Michael Taylor",93729
"David Thompson",80354
"Luke Patel",77735
"Karen Taylor",99941
"Kiran Thompson",66197
"Priya Thompson",66043
"David Kumar",66566
"Karen Smith",88474
"Kiran Singh",93009
"Kiran Williams",92359
"Linda Wilson",83638
"Emily Wilson",67555
"Ananya Davis",67411
"Linda Gupta",95436
"Vikram Kumar",59271
"John Smith",79486
"Sophia Davis",88875
"Arun Anderson",86039
"Kiran Miller",63704
"Karen Wilson",73874
"Luke Brown",99922
"Karen Walker",87033
"Olivia Thompson",71386
"Olivia Iyer",76512
"Aisha Gupta",84484
"Daniel Iyer",81020
"Luke Thompson",73044
"Arun Patel",67771
"Rohit Sharma",73197
"Karen Walker",80943
"Sophia Taylor",74739
"Ananya Taylor",77437
"Aisha Anderson",64079
"Arun Walker",64006
"Luke Johnson",64765
"John Brown",90992
"Kiran Singh",88896
"Michael Singh",77228
"Linda Gupta",68582
"Kiran Iyer",59185
"Sarah Thomas",77740
"David Walker",66909
"David Davis",63404
"Sophia Williams",91373
"Michael Williams",88085
"Ananya Anderson",59290
"Luke Kumar",64524
"Aisha Kumar",90790
"Vikram Taylor",71232
"Kiran Singh",80710
"Leo Thomas",65916
"Nina Walker",88785
"Karen Davis",96310
"Sophia Anderson",73737
"Arun Wilson",74176
"Sophia Walker",96328
"Daniel Smith",64042
"John Johnson",63810
"John Davis",70397
"Ananya Thomas",62445
"Linda Anderson",77099
"Priya Gupta",89844
"Linda Patel",77919
"Emily Patel",66337
"Luke Brown",58811
"David Gupta",61723
"Priya Anderson",61337
"Sarah Brown",58561
"Michael Thomas",66021
"Emily Johnson",64604
"Michael Kumar",59947
"David Gupta",80876
"Linda Iyer",76150
"Olivia Iyer",73686
"John Kumar",83493
"Michael Kumar",76539
"Michael Johnson",75354
"Linda Singh",72309
"Linda Lewis",87674
"Arun Sharma",66788
"Nina Taylor",89694
"Aisha Thompson",95280
"Ananya Brown",88317
"Karen Davis",93153
"Emily Taylor",91343
"Emily Anderson",60756
"Rohit Miller",68930
"Priya Kumar",99806
"Emily Wilson",81278
"Luke Smith",69553
"Sophia Anderson",69758
"David Walker",61435
"Emily Lewis",87696
"Arun Sharma",66424
"Olivia Gupta",96485
"Priya Singh",64428
"Rohit Thomas",67156
"Karen Patel",74142
"Kiran Walker",84190
"Ananya Sharma",77745
"Daniel Iyer",68425
"Aisha Taylor",75706
"Ananya Wilson",73774
"Priya Patel",58711
"Kiran Davis",63285
"Aisha Anderson",80607
"Sophia Thomas",82168
"Vikram Wilson",64281
"Ananya Lewis",99349
"Karen Williams",75151
"Luke Iyer",63901
"Aisha Patel",85414
"Michael Wilson",72439
"Ananya Taylor",82181
"Arun Davis",86820
"Linda Sharma",69853
"David Johnson",95887
"John Kumar",83048
"Rohit Smith",76522
"David Gupta",76766
"Olivia Smith",95227
"Linda Taylor",64383
"John Gupta",82215
"Aisha Brown",92879
"Daniel Kumar",58842
"Kiran Anderson",96701
"Michael Taylor",92330
"Sophia Iyer",79898
"Nina Patel",91453
"Kiran Patel",88134
"Rohit Johnson",87496
"Olivia Walker",83174
"Luke Thompson",59458
"Luke Smith",82628
"David Taylor",67974
"Sarah Singh",69836
"Luke Smith",58876
"Arun Miller",80481
"Michael Thomas",59057
"Priya Miller",85418
"Vikram Kumar",83209
"Ananya Thompson",73500
"John Lewis",89110
"Emily Thomas",64182
"John Thomas",79923
"John Davis",61240
"Kiran Williams",81093
"Aisha Walker",78111
"Karen Brown",93288
"Leo Davis",59895
"Rohit Thomas",60331
"Kiran Patel",94004
"Nina Taylor",86604
"John Thomas",72239
"Linda Thomas",76303
"Olivia Gupta",65823
"Priya Thomas",80839
"Sophia Brown",66516
"Michael Anderson",66379
"Linda Davis",94570
"Aisha Johnson",72124
"Ananya Thomas",66531
"Arun Taylor",65891
"Priya Gupta",61709
"Daniel Brown",73958
"John Gupta",67463
"Emily Johnson",93766
"David Wilson",81520
"John Miller",82531
"Michael Miller",59785
"Emily Kumar",60924
"Luke Singh",71074
"John Smith",60824
"Kiran Thomas",61268
"Emily Miller",59050
"Michael Thomas",78239
"Kiran Singh",61141
"Arun Singh",75999
"Michael Brown",78900
"Ananya Walker",73568
"Kiran Singh",75519
"Vikram Johnson",81916
"Emily Walker",91190
"Linda Gupta",67192
"Priya Taylor",70849
"Priya Anderson",69874
"Linda Brown",66053
"Leo Singh",91894
"Priya Kumar",76244
"Linda Johnson",85531
"David Patel",91837
"Sophia Sharma",94693
"Rohit Smith",59886
"John Williams",70560
"Leo Kumar",93377
"John Davis",95272
"Emily Miller",72442
"Olivia Lewis",79746
"Kiran Taylor",61921
"Aisha Thompson",63280
"Michael Davis",58939
"Sarah Walker",86176
"Daniel Thompson",84504
"Arun Kumar",74437
"Emily Anderson",69856
"Luke Anderson",72034
"Rohit Williams",72616
"Olivia Miller",88334
"Luke Patel",77540
"Emily Singh",76570
"Sarah Anderson",65114
"Linda Gupta",61665
"Rohit Thomas",71561
"Ananya Singh",91859
"Kiran Thomas",69432
"Sarah Singh",63188
"Priya Singh",73601
"Leo Sharma",73228
"Ananya Thompson",70169
"Arun Thomas",82569
"Priya Anderson",80060
"David Thomas",67327
"Luke Miller",82909
"Arun Lewis",58701
"Nina Kumar",86423
"Vikram Smith",63952
"John Sharma",61784
"Olivia Iyer",60270
"Arun Davis",62955
"Emily Taylor",64056
"Aisha Iyer",66986
"Nina Singh",79104
"Olivia Patel",59274
"Rohit Johnson",69959
"John Taylor",67201
"Emily Iyer",85123
"David Wilson",76294
"Leo Miller",78492
"Linda Wilson",70775
"Linda Williams",81303
"Ananya Johnson",61559
"Olivia Johnson",63117
"David Walker",73172
"Leo Davis",84078
"Karen Patel",65175
"Luke Thomas",76922
"John Thompson",83001
"David Gupta",83200
"Arun Miller",96830
"Linda Brown",59117
"Daniel Brown",92742
"David Anderson",68606
"Daniel Walker",71663
"Priya Davis",96412
"Michael Johnson",67146
"Kiran Miller",72506
"Karen Patel",83871
"Sarah Johnson",86219
"Aisha Thompson",67476
"Priya Taylor",80330
"Ananya Smith",80177
"Nina Thompson",90318
"Kiran Anderson",79963
"Priya Wilson",84177
"Emily Singh",76515
"Linda Miller",92605
"Karen Walker",70794
"Luke Anderson",62228
"Priya Patel",78742
"Ananya Wilson",87695
"Arun Davis",99601
"Linda Patel",89015
"Sarah Thompson",64817
"Linda Thompson",74061
"Olivia Brown",68300
"Sophia Iyer",84385
"Priya Walker",75142
"Vikram Singh",99407
"Linda Williams",63923
"Priya Johnson",63764
"Sophia Davis",76529
"Sarah Lewis",92679
"Daniel Singh",59401
"Vikram Thomas",65690
"David Wilson",77530
"Sarah Walker",59135
"Aisha Davis",67417
"Karen Walker",69437
"Sarah Lewis",69715
"Nina Patel",67746
"Luke Davis",78535
"Sarah Thompson",95442
"Olivia Anderson",67361
"Aisha Williams",67902
"Luke Walker",79045
"Emily Iyer",68457
"Daniel Miller",65570
"Aisha Iyer",75760
"John Sharma",96979
"Sophia Wilson",65272
"Michael Johnson",60217
"Rohit Thomas",86356
"Aisha Gupta",86624
"Karen Johnson",64349
"Luke Walker",63375
"Kiran Patel",82557
"Nina Patel",59465
"Linda Williams",76225
"Arun Kumar",82493
"Linda Thomas",89711
"Karen Iyer",59573
"John Gupta",79046
"John Williams",69873
"Kiran Iyer",64111
"Ananya Davis",98854
"Sophia Kumar",61994
"Rohit Singh",93890
"David Sharma",77118
"Ananya Wilson",89244
"Linda Johnson",61206
"Nina Johnson",80842
"Sophia Iyer",85792
"Daniel Lewis",73152
"Nina Johnson",75875
"Linda Gupta",73925
"Priya Wilson",82732
"John Patel",58808
"Vikram Iyer",58696
"Daniel Smith",69476
"Vikram Thompson",69462
"Leo Iyer",68829
"Linda Miller",68584
"John Gupta",73323
"Aisha Brown",93352
"Arun Thomas",75718
"Kiran Wilson",82892
"Luke Taylor",62902
"John Gupta",92865
"Ananya Miller",70870
"Olivia Sharma",83527
"Kiran Gupta",65773
"Karen Anderson",68814
"Kiran Taylor",61611
"Rohit Singh",94588
"Priya Wilson",58749
"John Thomas",76423
"Karen Gupta",70076
"Olivia Walker",73999
"Ananya Thomas",65820
"Michael Gupta",86953
"Linda Thomas",75213
"Ananya Patel",78022
"Vikram Taylor",80959
"Ananya Patel",82217
"Vikram Iyer",61982
"Olivia Taylor",63098
"Arun Brown",82106
"Linda Kumar",68746
"David Thomas",60834
"John Johnson",92158
"Leo Wilson",75427
"Michael Gupta",87829
"John Patel",74102
"Kiran Wilson",80709
"John Williams",63805
"Linda Singh",77435
"Emily Gupta",74036
"Kiran Taylor",65187
"Rohit Anderson",62195
"Karen Iyer",70434
"Vikram Gupta",78031
"Leo Wilson",92924
"Nina Anderson",70890
"Sophia Anderson",59440
"Rohit Kumar",69527
"Emily Kumar",71200
"Arun Gupta",87750
"Nina Taylor",65552
"Vikram Taylor",65562
"Vikram Anderson",70762
"David Smith",59907
"Leo Patel",74344
"Olivia Anderson",63806
"Olivia Patel",69461
"Karen Thompson",68014
"Vikram Johnson",71437
"Sophia Patel",69488
"Rohit Williams",63599
"Kiran Walker",59177
"Ananya Smith",64847
"Luke Gupta",84517
"Ananya Thompson",94958
"Sophia Gupta",58824
"Ananya Taylor",74702
"Sophia Kumar",75853
"Olivia Kumar",94535
"Sarah Sharma",74219
"David Smith",86837
"Aisha Miller",72979
"Emily Walker",74006
"Karen Thomas",67510
"Daniel Iyer",69162
"Aisha Smith",74276
"Michael Williams",59289
"Linda Smith",79883
"Priya Lewis",94790
"Karen Taylor",81488
"Linda Davis",60807
"Sophia Kumar",67984
"Arun Patel",64335
"Linda Wilson",69147
"Michael Singh",86010
"David Thompson",69933
"Rohit Brown",79712
"Aisha Miller",59224
"Daniel Brown",74948
"Emily Williams",84159
"Priya Lewis",58729
"Michael Brown",79087
"Olivia Taylor",65382
"Daniel Gupta",94763
"Sarah Wilson",68186
"David Kumar",59797
"Priya Kumar",90337
"Arun Singh",77718
"Ananya Williams",79381
"Michael Miller",77831
"Leo Miller",70698
"Karen Miller",87430
"Rohit Smith",58719
"Karen Williams",86241
"Priya Davis",76213
"Linda Johnson",73130
"Priya Singh",64425
"Daniel Thomas",81823
"Kiran Anderson",93415
"Sophia Thompson",63993
"John Johnson",62933
"Nina Smith",65516
"Leo Thomas",65293
"Aisha Iyer",82705
"Priya Taylor",74977
"Emily Johnson",73212
"Priya Kumar",73117
"Luke Taylor",81228
"Michael Williams",85724
"Sarah Iyer",68112
"Vikram Kumar",76055
"Kiran Taylor",60066
"Michael Iyer",58423
"Sophia Patel",69530
"Vikram Brown",78470
"Kiran Thompson",80513
"Sarah Miller",96094
"David Miller",67253
"Kiran Williams",74083
"Michael Davis",89170
"Luke Patel",58964
"Vikram Brown",69153
"Luke Taylor",62472
"Nina Thompson",74873
"Aisha Miller",61792
"Karen Singh",67528
"Emily Walker",90055
"Luke Walker",69647
"Ananya Walker",88663
"Priya Lewis",63018
"Rohit Walker",78289
"Olivia Gupta",59730
"Ananya Sharma",84210
"Daniel Sharma",67036
"Vikram Kumar",78969
"John Gupta",59246
"Ananya Thompson",73936
"David Sharma",88004
"Sarah Gupta",82326
"Nina Walker",69814
"Rohit Miller",74724
"Luke Miller",67435
"David Gupta",79626
"Daniel Thomas",62357
"Leo Lewis",65695
"Sophia Patel",61558
"Rohit Lewis",65997
"Karen Singh",67211
"Sophia Davis",65295
"Emily Lewis",80108
"Vikram Walker",73945
"Leo Thompson",98138
"Nina Lewis",82404
"Ananya Sharma",75886
"Emily Anderson",60547
"Emily Wilson",62415
"Emily Patel",64510
"Karen Gupta",78584
"Nina Iyer",74372
"Leo Miller",73597
"Ananya Patel",95909
"John Davis",84277
"John Anderson",70193
"Priya Williams",86194
"Leo Wilson",80594
"Arun Miller",73986
"John Wilson",59154
"Kiran Patel",70322
"Priya Patel",81704
"Kiran Singh",63873
"Linda Sharma",67973
"Linda Lewis",58766
"Michael Anderson",72628
"Rohit Kumar",76437
"Karen Patel",76374
"Priya Wilson",70914
"Sarah Walker",78573
"Rohit Sharma",59919
"Arun Johnson",90789
"Michael Walker",71162
"David Walker",77558
"Sophia Wilson",74513
"Nina Sharma",68770
"Kiran Lewis",69713
"Daniel Miller",73840
"Luke Brown",85957
"Aisha Singh",84932
"Emily Gupta",62912
"Kiran Brown",63127
"Vikram Smith",59182
"Vikram Lewis",87521
"Rohit Johnson",60663
"Ananya Brown",58549
"Leo Iyer",73642
"Karen Brown",61011
"Olivia Davis",78790
"Daniel Davis",69931
"Ananya Kumar",72130
"Nina Davis",74406
"Sophia Brown",64896
"Sarah Lewis",98625
"Luke Williams",71621
"John Patel",67040
"Aisha Walker",65139
"Arun Taylor",69622
"Ananya Thomas",67456
"Arun Brown",61574
"Rohit Anderson",71898
"John Anderson",74636
"Luke Lewis",59665
"Arun Walker",76958
"Nina Wilson",79675
"Priya Singh",90081
"Olivia Walker",86165
"Priya Patel",90567
"Priya Johnson",61899
"John Singh",79141
"John Kumar",97225
"John Anderson",70539
"Sarah Smith",90157
"John Johnson",59990
"Olivia Williams",76963
"Arun Patel",78765
"Aisha Sharma",77721
"David Smith",93635
"Nina Brown",63751
"David Gupta",78239
"Ananya Walker",69285
"Kiran Thompson",98891
"Luke Kumar",63177
"Daniel Walker",77340
"Kiran Thompson",65554
"Priya Wilson",70438
"Linda Gupta",71029
"Emily Wilson",84045
"Sarah Johnson",86676
"David Smith",93321
"Linda Davis",64411
"Kiran Sharma",79069
"Emily Singh",63936
"Olivia Singh",92579
"Sarah Singh",59637
"Nina Gupta",71450
"David Brown",67077
"Luke Iyer",74209
"Emily Gupta",84988
"Olivia Walker",88194
"Leo Iyer",79876
"Sophia Brown",94223
"David Singh",70600
"Sophia Davis",75885
"Kiran Miller",89478
"Leo Smith",79576
"Sarah Walker",82044
"Arun Patel",67331
"Arun Taylor",59676
"Priya Thompson",67428
"Daniel Wilson",67148
"Leo Sharma",78149
"Luke Wilson",87683
"Karen Miller",81752
"David Smith",60948
"John Smith",58516
"Daniel Lewis",64416
"Kiran Kumar",63767
"Priya Lewis",68058
"Rohit Brown",65070
"Vikram Brown",62329
"Daniel Patel",65232
"Rohit Anderson",81006
"Linda Brown",69711
"Olivia Wilson",66926
"Aisha Thompson",92814
"Nina Lewis",80341
"Sarah Singh",65748
"Priya Sharma",92437
"Priya Singh",72682
"Arun Brown",81587
"Linda Smith",68677
"Sophia Kumar",59430
"Nina Thompson",75337
"Olivia Iyer",75196
"Sarah Davis",65922
"Rohit Walker",88946
"Olivia Sharma",72594
"Leo Kumar",75403
"Olivia Iyer",72991
"Nina Singh",99961
"Priya Smith",73277
"Leo Brown",65993
"Rohit Thompson",94818
"Leo Singh",65467
"Emily Anderson",75301
"Michael Sharma",68824
"Sarah Patel",64052
"Priya Walker",74746
"Rohit Gupta",96983
"Michael Taylor",61892
"Priya Williams",72517
"Kiran Iyer",95634
"Sarah Singh",64495
"David Miller",89778
"Luke Smith",60464
"Sophia Johnson",88275
"Aisha Brown",58502
"Aisha Johnson",71364
"John Kumar",59114
"Kiran Thompson",96200
"Aisha Iyer",69477
"Daniel Anderson",63405
"John Thomas",77562
"Rohit Kumar",82182
"Linda Wilson",70953
"Kiran Anderson",68755
"Karen Kumar",87376
"Luke Iyer",91366
"John Smith",87683
"Sarah Miller",63383
"Emily Singh",65878
"David Wilson",72749
"Rohit Thompson",97032
"Emily Walker",63348
"David Wilson",61045
"Rohit Smith",86261
"Olivia Wilson",75116
"Michael Patel",58461
"Emily Miller",64255
"Olivia Iyer",90524
"Ananya Johnson",91488
"Linda Sharma",88122
"Karen Smith",96024
"Karen Brown",59564
"David Williams",71055
"Michael Taylor",61817
"Kiran Thompson",86313
"Sarah Wilson",97019
"Daniel Miller",62712
"Ananya Thomas",73081
"Olivia Johnson",68626
"Karen Miller",69585
"Vikram Brown",65813
"Nina Williams",69202
"Luke Thomas",71884
"Vikram Thompson",60714
"Arun Lewis",79631
"Arun Brown",60944
"Ananya Smith",79253
"Ananya Thompson",64742
"Sophia Thompson",60243
"Nina Sharma",84940
"David Taylor",70883
"Olivia Lewis",62232
"Rohit Wilson",79575
"Arun Walker",61379
"Michael Thomas",72214
"Olivia Gupta",87429
"Leo Taylor",64419
"Rohit Brown",60595
"Rohit Williams",83740
"Ananya Brown",60537
"Linda Taylor",60967
"Kiran Singh",69105
"Olivia Gupta",78546
"Aisha Anderson",77712
"Vikram Brown",83582
"Sarah Davis",60194
"Emily Patel",76186
"David Thomas",72623
"Priya Brown",66307
"Leo Williams",87734
"Emily Thompson",59568
"Michael Thomas",81606
"Aisha Miller",66414
"Ananya Patel",92965
"Priya Lewis",74796
"David Lewis",68394
"Vikram Sharma",59092
"David Walker",84143
"Karen Taylor",83428
"John Iyer",80311
"Linda Iyer",59722
"Kiran Davis",62954
"Nina Brown",75017
"Luke Thompson",61461
"John Kumar",65522
"Luke Sharma",59155
"Priya Thompson",66709
"Emily Singh",59059
"Olivia Miller",82977
"Priya Thompson",85177
"Vikram Anderson",98184
"Olivia Patel",59771
"Karen Thompson",94405
"Kiran Thomas",66702
"Luke Brown",93573
"Aisha Patel",94617
"David Walker",84400
"Karen Walker",71377
"Aisha Taylor",82913
"Luke Wilson",66866
"David Johnson",94760
"Ananya Thompson",63733
"Karen Gupta",95180
"Sarah Singh",94761
"Luke Gupta",69449
"Linda Lewis",80643
"Nina Sharma",59572
"Linda Williams",65070
"Priya Singh",85639
"Daniel Brown",93755
"Vikram Iyer",74757
"Priya Davis",85774
"Ananya Kumar",72450
"Linda Davis",76058
"David Thomas",81911
"Karen Anderson",94271
"Ananya Gupta",77190
"Leo Singh",69234
"Michael Davis",91677
"Vikram Kumar",84656
"Aisha Walker",93033
"Luke Taylor",74503
"Sarah Taylor",97857
"Aisha Miller",86846
"Nina Lewis",76324
"Vikram Kumar",61520
"Leo Wilson",76178
"Ananya Wilson",70126
"Daniel Smith",78478
"Priya Kumar",76209
"Sarah Brown",78057
"Sophia Sharma",98588
"Karen Walker",69361
"John Singh",76362
"Priya Miller",73955
"Nina Kumar",69628
"Luke Kumar",60013
"Luke Miller",71734
"David Iyer",64628
"Sophia Smith",71621
"Daniel Taylor",64595
"Ananya Kumar",88900
"Priya Kumar",73694
"Michael Singh",91005
"Michael Taylor",81147
"Aisha Johnson",81874
"Sarah Thomas",64362
"Ananya Anderson",72655
"Michael Davis",83690
"Emily Johnson",66985
"Daniel Thompson",85693
"John Patel",59950
"David Lewis",87530
"Rohit Patel",80838
"John Brown",82448
"Luke Williams",67607
"David Iyer",99944
"David Miller",60471
"Rohit Smith",94071
"Rohit Sharma",64471
"David Iyer",67695
"Daniel Kumar",75672
"Sophia Kumar",80510
"Kiran Patel",64780
"Olivia Miller",58655
"John Lewis",66442
"John Taylor",64632
"David Anderson",77573
"Olivia Brown",78742
"Olivia Gupta",73867
"David Taylor",80525
"Olivia Thompson",95492
"Emily Iyer",68226
"Linda Thompson",61627
"Priya Thompson",72839
"Olivia Smith",74070
"Rohit Taylor",92998
"Sarah Walker",63805
"John Kumar",71812
"Kiran Miller",64670
"Linda Iyer",76372
"Linda Gupta",89472
"Arun Brown",70311
"David Miller",76926
"Sarah Wilson",90751
"Priya Williams",59760
"Leo Johnson",75975
"Priya Iyer",89441
"Daniel Taylor",93689
"Rohit Brown",80882
"Aisha Gupta",94735
"Michael Taylor",68221
"Karen Lewis",69885
"Michael Williams",72337
"Luke Singh",84977
"Olivia Thomas",586774
"Linda Thompson",59664
"David Taylor",61298
"Sarah Miller",83111
"Aisha Wilson",61131
"Aisha Williams",84913
"Leo Johnson",85812
"Luke Smith",63335
"Vikram Gupta",62487
"Arun Lewis",72558
"Linda Brown",62773
"Leo Lewis",72611
"Priya Taylor",71225
"Aisha Brown",69507
"Sarah Johnson",71724
"David Singh",89534
"Rohit Kumar",66462
"Ananya Thompson",69284
"Priya Walker",89022
"Emily Taylor",75046
"Michael Smith",91867
"Priya Iyer",627146
"David Thompson",70072
"Arun Thompson",79097
"Daniel Thomas",64596
"Karen Thompson",65310
"Michael Iyer",67170
"John Thomas",75221
"Leo Taylor",59599
"David Lewis",63539
"John Taylor",63542
"Sophia Wilson",79965
"Kiran Singh",71725
"David Anderson",63407
"Daniel Sharma",86925
"Ananya Williams",84454
"Sophia Davis",63697
"Ananya Williams",87744
"Ananya Sharma",81695
"Aisha Kumar",73869
"Rohit Smith",65046
"Leo Thompson",58616
"Ananya Thomas",59215
"Daniel Williams",60803
"Luke Thompson",70139
"Daniel Smith",66906
"Linda Patel",89052
"Rohit Brown",94474
"Aisha Singh",98294
"Linda Anderson",89585
"Karen Patel",58786
"Sarah Sharma",80359
"Leo Gupta",71920
"Kiran Gupta",87250
"Ananya Davis",77142
"Ananya Thompson",63309
"Leo Wilson",70070
"Priya Kumar",74516
"Sarah Thompson",58782
"Rohit Williams",67921
"Daniel Thompson",70734
"Michael Walker",60872
"Karen Wilson",71894
"Vikram Anderson",63314
"Linda Patel",89370
"Sophia Anderson",63127
"Karen Walker",84767
"Ananya Walker",78412
"Luke Smith",78887
"Priya Smith",74747
"Aisha Gupta",78332
"Daniel Thomas",67387
"David Davis",99236
"Rohit Brown",60560
"Sarah Johnson",62123
"Linda Patel",62417
"Olivia Walker",62316
"Daniel Kumar",96494
"Kiran Anderson",58722
"Arun Johnson",78177
"Priya Singh",63499
"Karen Davis",58443
"Sophia Miller",69777
"Daniel Kumar",93632
"David Anderson",90647
"David Wilson",64297
"Daniel Kumar",86354
"Kiran Taylor",62400
"Leo Kumar",65631
"Leo Lewis",95732
"Luke Iyer",77093
"Rohit Taylor",74477
"Aisha Lewis",72157
"Sarah Gupta",70858
"Arun Kumar",82443
"Daniel Taylor",69070
"Arun Williams",68438
"Rohit Thompson",60705
"Michael Singh",84583
"Sarah Wilson",65324
"Luke Thomas",86617
"Sophia Smith",62462
"Sophia Brown",63382
"Sophia Lewis",60370
"Olivia Smith",68233
"David Anderson",68178
"Ananya Brown",82671
"Kiran Miller",63831
"Priya Taylor",59224
"Vikram Walker",87067
"Luke Miller",69885
"Sophia Iyer",81191
"Michael Brown",64555
"Rohit Brown",81937
"Sophia Taylor",72580
"Vikram Lewis",73066
"Priya Singh",70110
"Ananya Sharma",64783
"Linda Gupta",60312
"Aisha Johnson",71784
"Luke Walker",74200
"Linda Iyer",78173
"John Lewis",72372
"Michael Patel",82981
"David Brown",79796
"Michael Kumar",69514
"Kiran Lewis",65337
"Nina Williams",99469
"Leo Thomas",92066
"Linda Wilson",79885
"Rohit Johnson",90830
"Daniel Davis",64507
"Priya Iyer",80040
"Vikram Thomas",78949
"Emily Taylor",83271
"Sarah Patel",63994
"Emily Iyer",66964
"Leo Brown",97444
"Sophia Davis",74889
"Ananya Thompson",74194
"Sophia Wilson",71226
"Michael Singh",84473
"Emily Kumar",88490
"Nina Anderson",61649
"Karen Anderson",84770
"Aisha Patel",70788
"Sophia Taylor",99279
"Kiran Sharma",58629
"Vikram Miller",99163
"Rohit Taylor",70995
"John Smith",89702
"Ananya Davis",86748
"Leo Iyer",63135
"Kiran Lewis",77224
"Daniel Walker",61067
"Daniel Wilson",58881
"Michael Taylor",69512
"Arun Iyer",71803
"Aisha Taylor",67087
"Karen Kumar",60698
"Vikram Davis",63741
"Karen Thompson",62742
"Vikram Davis",91895
"Aisha Singh",73628
"Leo Gupta",61778
"Daniel Davis",85538
"Karen Wilson",72100
"Rohit Patel",89443
"David Brown",90076
"John Iyer",68517
"David Anderson",65826
"Priya Johnson",60768
"Sarah Brown",90609
"Sarah Taylor",82845
"Arun Iyer",81090
"Daniel Taylor",70769
"David Gupta",65202
"Rohit Davis",63301
"Sarah Thompson",60645
"Olivia Singh",69993
"Kiran Thompson",60198
"Ananya Sharma",67049
"Michael Kumar",93666
"Arun Thomas",63645
"Olivia Wilson",72544
"Daniel Anderson",62208
"Aisha Gupta",70051
"Aisha Gupta",88102
"David Brown",90373
"Arun Singh",74932
"Rohit Smith",84382
"Karen Wilson",88099
"Emily Walker",77515
"Arun Thompson",78809
"Sarah Wilson",66424
"Rohit Singh",90961
"Leo Lewis",81924
"Aisha Walker",85141
"Linda Smith",75018
"John Thompson",79358
"Ananya Lewis",85859
"Leo Thompson",68507
"Ananya Williams",63332
"Kiran Sharma",82301
"Ananya Smith",71613
"Aisha Wilson",65372
"Sophia Taylor",95105
"Olivia Wilson",80461
"Nina Kumar",59908
"David Brown",72098
"Leo Anderson",72467
"Luke Kumar",60503
"Aisha Thomas",91478
"John Iyer",95002
"Rohit Singh",81976
"Arun Lewis",77877
"Karen Lewis",79342
"Olivia Davis",64245
"Aisha Walker",76037
"Daniel Gupta",65927
"Aisha Iyer",81500
"Emily Johnson",71092
"Michael Williams",58661
"Sarah Thomas",74876
"Aisha Patel",61747
"Kiran Johnson",85431
"Luke Kumar",81240
"Karen Singh",80075
"Arun Iyer",67434
"Kiran Smith",69866
"Priya Gupta",59702
"Linda Miller",84401
"Aisha Thompson",85754
"Olivia Miller",62758
"David Williams",65675
"Daniel Miller",90679
"Kiran Smith",70297
"Vikram Kumar",84623
"Luke Johnson",98622
"John Kumar",95368
"Linda Thomas",95129
"Emily Sharma",58603
"Karen Thomas",90047
"Daniel Miller",72991
"Nina Thompson",80891
"Leo Singh",77210
"Sarah Johnson",64459
"Olivia Johnson",60621
"Rohit Wilson",81184
"Arun Williams",74540
"Emily Brown",76087
"John Sharma",83858
"Ananya Johnson",62040
"Aisha Thomas",75063
"Ananya Gupta",65189
"Ananya Williams",75996
"Emily Kumar",86227
"Ananya Williams",81120
"David Brown",84708
"Sarah Davis",64369
"David Taylor",68422
"John Taylor",86897
"Kiran Johnson",59683
"Linda Thompson",74664
"Sophia Smith",77151
"Karen Brown",92302
"Leo Wilson",89583
"Karen Iyer",73278
"Vikram Thompson",88647
"Karen Williams",81513
"Michael Johnson",74776
"Rohit Sharma",67963
"Michael Williams",81406
"Sophia Sharma",79811
"Sophia Kumar",63333
"Ananya Patel",66888
"Rohit Johnson",70810
"Leo Gupta",62767
"Aisha Thompson",65754
"Leo Thompson",66353
"Daniel Smith",75126
"Aisha Sharma",63605
"Rohit Miller",97715
"Leo Gupta",67145
"Olivia Anderson",74843
"Daniel Singh",88834
"Nina Brown",76051
"Sophia Wilson",82734
"Sophia Sharma",60798
"John Sharma",70185
"John Johnson",72414
"Vikram Walker",61581
"Leo Davis",97551
"Daniel Walker",80549
"Vikram Gupta",98456
"Emily Thomas",73929
"Leo Johnson",60777
"Nina Iyer",84805
"Olivia Davis",88978
"Arun Walker",79085
"Arun Wilson",85053
"Luke Sharma",71733
"Arun Gupta",59932
"Michael Davis",64914
"John Brown",74471
"Ananya Thomas",71253
"Luke Patel",65111
"Olivia Thompson",65850
"Daniel Walker",92142
"Linda Thompson",61935
"Nina Sharma",73350
"John Thompson",63363
"John Singh",72540
"Sarah Davis",75710
"John Miller",73755
"Vikram Thomas",71374
"Luke Iyer",95115
"Rohit Smith",69047
"Linda Anderson",99562
"Olivia Davis",81202
"Olivia Walker",88287
"Sarah Wilson",64633
"Aisha Johnson",68410
"Leo Wilson",71028
"Luke Iyer",66850
"Sarah Iyer",84083
"Sarah Lewis",62000
"Luke Miller",90381
"John Williams",68224
"Kiran Williams",92696
"Rohit Davis",99042
"Olivia Kumar",74327
"Kiran Wilson",61661
"Sarah Brown",92976
"Sophia Williams",68095
"David Wilson",76502
"Emily Thomas",66524
"Nina Singh",65711
"Vikram Thompson",84118
"David Johnson",64621
"Nina Walker",80569
"Ananya Thompson",99048
"Aisha Iyer",77611
"Arun Patel",60256
"Sarah Davis",68211
"Luke Williams",69179
"Aisha Patel",66971
"Aisha Singh",91624
"Kiran Kumar",77325
"Sarah Anderson",68428
"Karen Kumar",80296
"Vikram Brown",81625
"Leo Smith",65005
"Kiran Wilson",73245
"Emily Smith",72924
"Arun Davis",78072
"Nina Smith",86176
"Leo Miller",78239
"Emily Thomas",65334
"Aisha Anderson",65331
"David Patel",82516
"Aisha Thompson",70083
"Vikram Thompson",95217
"Emily Taylor",75271
"Kiran Williams",86694
"Olivia Davis",71831
"Ananya Brown",65133
"Leo Singh",65702
"Rohit Brown",61607
"Nina Singh",74321
"Sarah Lewis",66090
"Daniel Wilson",63672
"Ananya Williams",73769
"Emily Brown",70948
"Michael Gupta",91769
"Nina Walker",66186
"Kiran Walker",71286
"Arun Brown",68342
"Vikram Singh",64034
"Rohit Johnson",71229
"Olivia Williams",85298
"Linda Sharma",80471
"Daniel Sharma",69575
"Vikram Walker",65163
"Ananya Johnson",69701
"Nina Anderson",91300
"Leo Anderson",84430
"Sophia Gupta",62207
"Aisha Smith",62546
"Luke Williams",90329
"Sophia Brown",97554
"Priya Johnson",90807
"Michael Davis",65924
"Arun Williams",65763
"David Smith",80628
"David Taylor",84164
"Vikram Williams",72480
"Leo Singh",69933
"Priya Iyer",78992
"Olivia Iyer",87266
"Daniel Davis",59454
"Aisha Miller",68597
"Priya Iyer",74211
"Michael Anderson",84621
"Nina Sharma",81164
"Nina Johnson",97752
"Vikram Johnson",59387
"Sophia Singh",66670
"Kiran Patel",82878
"Sarah Miller",85235
"David Williams",76451
"Luke Williams",69003
"David Gupta",88349
"Aisha Davis",73653
"Luke Iyer",65104
"Sarah Johnson",82994
"Daniel Davis",60092
"Michael Gupta",92859
"Emily Smith",89938
"Emily Singh",86153
"Luke Kumar",85248
"Ananya Lewis",68745
"John Thompson",80556
"Olivia Smith",92918
"Vikram Johnson",73277
"Sophia Miller",63815
"Leo Anderson",90484
"Leo Williams",92349
"Sophia Miller",86974
"David Thomas",90405
"Olivia Wilson",59194
"Sarah Patel",77669
"David Davis",63369
"Sophia Anderson",67529
"Priya Smith",66340
"Linda Sharma",74520
"Olivia Johnson",91914
"Kiran Brown",93245
"Aisha Anderson",85726
"John Walker",71937
"Arun Walker",63912
"Kiran Sharma",79799
"Daniel Patel",65215
"Daniel Thomas",86615
"Karen Sharma",98137
"John Walker",90416
"John Iyer",59546
"Priya Anderson",72420
"Daniel Davis",90112
"Luke Gupta",99851
"Linda Brown",95234
"Karen Thompson",93197
"Linda Davis",77836
"Kiran Davis",79115
"Arun Thompson",81071
"Sophia Thompson",63053
"Arun Smith",73690
"Luke Walker",94120
"Olivia Wilson",87565
"Luke Kumar",59556
"Rohit Johnson",72874
"Luke Johnson",68841
"Sarah Lewis",60400
"Linda Iyer",81115
"Vikram Smith",78063
"Nina Anderson",81848
"Kiran Johnson",93406
"Priya Williams",69192
"Sarah Walker",98698
"Olivia Walker",66347
"Ananya Taylor",62182
"Kiran Gupta",59727
"David Thomas",67970
"John Singh",76027
"David Taylor",90832
"Michael Patel",61486
"Linda Thomas",72015
"Aisha Patel",66840
"Sophia Smith",62730
"David Anderson",65977
"Karen Patel",90895
"Linda Miller",71723
"Sophia Davis",62436
"Emily Gupta",65728
"Ananya Iyer",59861
"Linda Iyer",94542
"Michael Patel",66263
"Michael Kumar",86222
"Karen Gupta",61407
"Ananya Sharma",63923
"Emily Davis",90919
"Ananya Iyer",86280
"John Wilson",68347
"Leo Brown",60681
"Sarah Davis",61802
"Sarah Davis",82453
"Arun Wilson",72022
"David Taylor",97577
"Luke Davis",66891
"Nina Walker",66249
"Luke Williams",83742
"Ananya Brown",96830
"Sarah Lewis",86466
"Nina Iyer",79043
"Michael Thomas",75148
"Ananya Johnson",60264
"Luke Johnson",89136
"Kiran Patel",66450
"Aisha Wilson",75551
"Emily Davis",75813
"Luke Walker",74727
"Vikram Lewis",69166
"Michael Lewis",68307
"Priya Singh",59085
"Rohit Kumar",60258
"Sarah Smith",60508
"Karen Patel",74580
"Leo Brown",63934
"Daniel Williams",65844
"Aisha Walker",69459
"Karen Patel",72674
"Daniel Miller",72471
"David Anderson",67506
"John Gupta",65077
"Sophia Taylor",59286
"Kiran Singh",84263
"Linda Thomas",79015
"Karen Anderson",87081
"David Sharma",90373
"Sarah Davis",80705
"Rohit Singh",74532
"Arun Gupta",74026
"Linda Taylor",73854
"Daniel Smith",93033
"Michael Lewis",61926
"Leo Brown",88993
"Nina Miller",60390
"Ananya Taylor",75276
"Luke Kumar",94176
"Kiran Sharma",92654
"Nina Iyer",65337
"Arun Thompson",82091
"Vikram Smith",62681
"John Taylor",65151
"Arun Walker",68062
"Linda Thomas",58841
"Emily Taylor",76594
"Linda Davis",90613
"Leo Thompson",61903
"Sophia Singh",60018
"Ananya Taylor",91988
"Linda Thomas",82097
"Michael Singh",72669
"Daniel Davis",72287
"Karen Walker",64228
"Sophia Patel",65472
"Karen Walker",80020
"Karen Anderson",75488
"John Thomas",68000
"Rohit Smith",65896
"Michael Johnson",67138
"Sarah Brown",75136
"Aisha Brown",72072
"Linda Gupta",75621
"Daniel Johnson",83761
"Michael Singh",62803
"Sophia Anderson",61032
"Luke Johnson",84673
"Aisha Miller",70258
"Luke Johnson",98322
"Arun Anderson",65319
"Linda Kumar",66080
"Arun Johnson",63212
"Arun Singh",62107
"Kiran Wilson",74521
"Arun Gupta",74607
"Daniel Kumar",59084
"Aisha Gupta",77221
"Ananya Smith",72120
"Sarah Kumar",61839
"Daniel Kumar",62265
"Karen Iyer",63073
"Priya Walker",58470
"Daniel Sharma",66719
"Sophia Anderson",59178
"David Iyer",66696
"Vikram Brown",86492
"Priya Thomas",59531
"Arun Johnson",82342
"Linda Davis",74744
"Nina Davis",60501
"John Patel",60346
"Nina Sharma",92923
"Ananya Kumar",58602
"John Sharma",70565
"Linda Davis",76782
"Sarah Iyer",62992
"David Walker",79575
"Michael Johnson",86638
"Sophia Wilson",83525
"Priya Miller",59110
"Sophia Kumar",77474
"Nina Wilson",91474
"Nina Thomas",94917
"Linda Williams",63866
"Priya Thomas",61091
"Aisha Walker",60624
"Kiran Taylor",98120
"Rohit Sharma",72235
"Ananya Anderson",79080
"John Kumar",77245
"Luke Thomas",65020
"Daniel Gupta",70815
"Karen Gupta",63882
"Emily Iyer",95670
"Nina Miller",86136
"Ananya Iyer",81083
"Vikram Wilson",68417
"Daniel Thomas",73401
"Priya Miller",99878
"Rohit Taylor",74309
"Nina Lewis",66893
"Priya Smith",71224
"Priya Walker",76151
"Leo Smith",91858
"Michael Lewis",70137
"Rohit Patel",82093
"Olivia Thomas",80823
"Leo Singh",62554
"Sarah Brown",70038
"Rohit Wilson",61956
"Kiran Thomas",83677
"Nina Thompson",65172
"Emily Brown",66690
"Kiran Williams",73050
"Vikram Smith",83162
"David Walker",71830
"Vikram Smith",90592
"Michael Wilson",74013
"Linda Gupta",59706
"John Patel",75322
"Luke Patel",80405
"Daniel Wilson",68295
"Emily Thompson",69559
"David Wilson",85579
"Vikram Anderson",79630
"Rohit Walker",66448
"Leo Kumar",68322
"Vikram Kumar",74500
"Rohit Sharma",72679
"Sarah Gupta",84324
"Arun Johnson",99091
"John Thompson",63059
"Ananya Thompson",67178
"Daniel Smith",76677
"Sarah Gupta",85108
"Leo Singh",58897
"Sophia Anderson",93980
"Nina Miller",75137
"Daniel Taylor",94485
"John Lewis",63584
"Rohit Patel",71852
"Sophia Davis",73392
"Michael Gupta",65301
"Rohit Thomas",66662
"John Gupta",73994
"David Singh",76155
"Kiran Thomas",63926
"Daniel Brown",65776
"Vikram Smith",77249
"Priya Smith",66493
"Michael Anderson",90630
"Michael Johnson",99111
"Michael Johnson",72996
"Aisha Johnson",78982
"Rohit Gupta",78736
"Daniel Walker",77305
"Sophia Gupta",87021
"Daniel Singh",62427
"Linda Thomas",68278
"Priya Kumar",70243
"Vikram Thompson",59693
"David Lewis",87044
"Sarah Lewis",76458
"Daniel Brown",85678
"Kiran Anderson",71626
"Daniel Johnson",87589
"John Johnson",67228
"Rohit Taylor",66071
"Sophia Lewis",68942
"Luke Brown",68078
"Rohit Brown",71462
"Nina Thomas",75110
"Vikram Sharma",99480
"Luke Gupta",60122
"Nina Thompson",70947
"Emily Taylor",76397
"Kiran Anderson",82653
"Arun Walker",61821
"Linda Lewis",71870
"Emily Anderson",67988
"Daniel Gupta",59133
"Vikram Wilson",72191
"Linda Williams",83474
"Olivia Iyer",82297
"Michael Singh",66158
"Kiran Iyer",83238
"Priya Thomas",67832
"Leo Brown",64809
"Rohit Thompson",60985
"David Gupta",74337
"Daniel Lewis",74538
"Vikram Thompson",84628
"Karen Johnson",79246
"Aisha Williams",74248
"Priya Anderson",67476
"Olivia Taylor",62630
"Leo Gupta",66827
"Daniel Iyer",78108
"Sarah Kumar",89471
"Linda Smith",88430
"John Johnson",91751
"David Gupta",73300
"Sarah Williams",69075
"Vikram Walker",66734
"Linda Gupta",71618
"Emily Johnson",61233
"Sophia Gupta",71725
"Nina Anderson",69599
"Kiran Johnson",62229
"David Brown",77817
"Arun Gupta",79164
"Vikram Walker",67716
"David Gupta",64248
"Karen Wilson",75584
"Vikram Singh",84544
"Kiran Miller",66202
"Vikram Iyer",61622
"Aisha Lewis",87999
"Linda Lewis",61867
"David Taylor",65584
"Kiran Thomas",62321
"Priya Thompson",78103
"David Singh",89825
"Daniel Brown",76456
"Olivia Lewis",74765
"Michael Singh",83054
"Sarah Davis",65713
"Luke Williams",63767
"Luke Patel",66443
"Daniel Davis",58487
"Emily Walker",81578
"Luke Wilson",92865
"Rohit Kumar",93955
"Sophia Sharma",60130
"Arun Gupta",99734
"Priya Davis",69264
"Olivia Taylor",62463
"Ananya Patel",73386
"John Wilson",85964
"Rohit Sharma",71106
"Leo Walker",95913
"Michael Williams",71762
"Daniel Brown",73029
"Luke Johnson",79594
"Sophia Brown",76045
"Nina Johnson",79846
"Sarah Johnson",62187
"Ananya Davis",70256
"Sarah Singh",66686
"Daniel Brown",64320
"Olivia Johnson",70233
"John Lewis",87398
"Daniel Williams",82043
"Sophia Singh",93652
"Sarah Singh",84879
"John Wilson",81068
"Nina Davis",70536
"Leo Gupta",65271
"Aisha Williams",80896
"John Iyer",69926
"Daniel Patel",98664
"Ananya Iyer",62353
"Sophia Miller",59687
"Emily Taylor",98163
"Linda Thomas",81910
"Luke Taylor",74106
"Sarah Sharma",90283
"Priya Thomas",83369
"Sophia Taylor",59821
"Emily Miller",94714
"Luke Thompson",84912
"Priya Taylor",62044
"Daniel Miller",66392
"Emily Brown",82426
"David Anderson",75662
"Olivia Thompson",58488
"Olivia Sharma",69184
"Karen Thomas",85244
"Kiran Wilson",97680
"Karen Thompson",64191
"Priya Kumar",66891
"John Kumar",61454
"Linda Sharma",85191
"Daniel Wilson",58452
"Vikram Anderson",71201
"Kiran Gupta",71466
"Priya Sharma",76864
"Rohit Kumar",60679
"Rohit Thomas",69609
"Aisha Kumar",69818
"Sarah Sharma",65698
"Emily Singh",94456
"Olivia Miller",70329
"John Walker",68123
"Michael Williams",94733
"Aisha Miller",79939
"Sarah Thomas",59745
"Olivia Wilson",72985
"Karen Walker",64448
"Linda Smith",59733
"Vikram Wilson",58774
"Olivia Davis",64944
"Michael Williams",71011
"Sarah Brown",85202
"Vikram Miller",74906
"Sophia Gupta",77066
"Vikram Davis",85034
"Arun Walker",91183
"Sarah Johnson",60943
"Daniel Miller",72154
"Sophia Johnson",99523
"Luke Gupta",94848
"Aisha Patel",92364
"John Taylor",96884
"Emily Kumar",75397
"Sophia Thompson",78134
"Aisha Thomas",80281
"Arun Kumar",76471
"Karen Davis",86100
"Ananya Williams",85178
"Linda Iyer",65603
"Aisha Williams",61670
"Aisha Walker",62328
"John Patel",85768
"Karen Thomas",66249
"Luke Thomas",62810
"Nina Thomas",80998
"Olivia Wilson",61653
"Nina Smith",85010
"Luke Patel",95675
"Sarah Miller",61468
"Olivia Gupta",76134
"Priya Davis",71672
"Leo Smith",62241
"Kiran Smith",66842
"Aisha Wilson",88520
"David Miller",68798
"David Miller",75858
"Daniel Patel",60753
"Rohit Walker",81811
"Aisha Thompson",89508
"Linda Sharma",80936
"Rohit Smith",65548
"Kiran Sharma",62703
"Arun Miller",76427
"Nina Williams",64880
"David Davis",58981
"Kiran Lewis",84990
"Linda Taylor",60028
"David Thomas",78344
"Daniel Kumar",99885
"Michael Anderson",75142
"Michael Johnson",65215
"Nina Iyer",97388
"Ananya Singh",92839
"Aisha Sharma",84108
"Luke Thompson",84022
"Luke Thomas",70335
"David Sharma",99433
"Sarah Patel",80976
"Sarah Smith",87057
"Vikram Smith",89200
"Ananya Kumar",74351
"Ananya Gupta",63911
"Aisha Gupta",83198
"Michael Anderson",70770
"Olivia Thompson",62606
"Sarah Williams",87260
"Kiran Williams",60944
"Emily Lewis",79964
"Emily Singh",81069
"Michael Anderson",71370
"John Singh",58871
"Arun Singh",78767
"John Iyer",98960
"Vikram Gupta",71781
"Daniel Thompson",73852
"Luke Brown",69976
"Linda Williams",82977
"Sophia Taylor",58977
"Emily Brown",83269
"Daniel Singh",78017
"Emily Johnson",58546
"Aisha Walker",76635
"Vikram Williams",62212
"Sarah Johnson",62882
"Priya Wilson",62301
"Ananya Williams",84826
"Aisha Iyer",72074
"Rohit Thompson",83997
"Ananya Patel",90103
"Daniel Thomas",65328
"Karen Thompson",90317
"Leo Sharma",85374
"Olivia Johnson",64827
"Luke Williams",76123
"Olivia Davis",65006
"Rohit Lewis",79555
"Kiran Davis",88898
"Michael Davis",60137
"Arun Singh",61215
"Rohit Brown",71331
"Arun Patel",90710
"Daniel Kumar",85001
"Priya Iyer",89926
"John Williams",84003
"Kiran Patel",70696
"David Singh",96875
"Olivia Miller",79114
"Rohit Brown",91527
"Kiran Davis",59568
"Sarah Lewis",88300
"Linda Wilson",67524
"Priya Iyer",79337
"Rohit Smith",73919
"Priya Singh",77411
"Nina Patel",94712
"Ananya Thomas",95459
"Sarah Kumar",60562
"Michael Williams",87697
"Rohit Williams",93326
"Olivia Wilson",71900
"Priya Taylor",93586
"Linda Thomas",68621
"Rohit Iyer",97162
"Luke Miller",69657
"Linda Sharma",58780
"Priya Thomas",60474
"Olivia Walker",94434
"David Kumar",89978
"Vikram Miller",62397
"Sarah Anderson",70272
"John Wilson",85699
"Karen Gupta",73106
"Vikram Walker",76267
"Aisha Wilson",71880
"Sophia Iyer",63431
"Luke Thomas",91704
"Sarah Taylor",58751
"Priya Lewis",87031
"Nina Patel",83920
"Michael Brown",65647
"John Miller",62918
"Priya Taylor",76499
"Arun Smith",98344
"Aisha Iyer",79360
"Sophia Patel",65152
"Sophia Davis",68379
"Aisha Lewis",71556
"Aisha Thomas",79967
"Michael Singh",72081
"Karen Singh",68070
"Karen Iyer",84315
"Daniel Gupta",72420
"Ananya Anderson",65960
"Rohit Patel",79266
"Michael Miller",92033
"Karen Davis",62341
"Sophia Davis",76656
"Michael Thompson",64289
"Karen Davis",85353
"Sarah Walker",74339
"Leo Taylor",87616
"Vikram Wilson",72823
"Kiran Gupta",80305
"Michael Singh",63053
"Vikram Sharma",73145
"Arun Taylor",71183
"Olivia Williams",76696
"Karen Smith",86636
"Michael Anderson",58836
"Kiran Thompson",63231
"Ananya Gupta",80534
"Vikram Gupta",68709
"Luke Johnson",81470
"Rohit Brown",66335
"John Thomas",67677
"Priya Thompson",70817
"Emily Lewis",74549
"Ananya Lewis",64639
"Aisha Kumar",65091
"Vikram Gupta",64525
"Linda Kumar",59866
"Olivia Patel",77917
"Daniel Brown",71299
"Sophia Iyer",74928
"Rohit Gupta",83132
"Vikram Anderson",90219
"Sarah Thomas",63877
"Ananya Gupta",58667
"Aisha Johnson",74306
"Rohit Miller",81592
"Priya Anderson",74147
"Priya Williams",85047
"Daniel Lewis",63479
"Daniel Williams",90432
"Emily Brown",74613
"Rohit Williams",68030
"Olivia Miller",71273
"Leo Kumar",64180
"Aisha Iyer",61573
"Sophia Davis",83874
"David Kumar",87880
"Vikram Williams",84241
"John Wilson",59494
"Olivia Iyer",66607
"John Singh",69383
"Luke Sharma",72497
"Daniel Thomas",88403
"Vikram Williams",61286
"Vikram Iyer",69870
"Nina Singh",92838
"Sophia Walker",82764
"Linda Davis",78540
"Linda Kumar",68104
"Arun Lewis",67809
"Michael Smith",92258
"Aisha Wilson",73419
"Ananya Taylor",77843
"Linda Lewis",97777
"Vikram Singh",89956
"Arun Miller",70595
"John Thomas",615845
"Kiran Davis",68552
"Kiran Gupta",75512
"Sophia Williams",69586
"Leo Walker",62205
"Sarah Thompson",62540
"Luke Patel",68971
"Sophia Brown",82248
"Olivia Kumar",78666
"Luke Williams",79024
"Priya Sharma",61031
"Sophia Taylor",91574
"Priya Singh",58926
"Sophia Thomas",70960
"Michael Smith",93519
"Ananya Miller",90012
"Nina Gupta",76125
"Vikram Williams",76778
"Daniel Lewis",67689
"Sophia Sharma",93346
"Kiran Taylor",67264
"Aisha Thomas",65632
"Ananya Thompson",58717
"Sophia Davis",65459
"Vikram Smith",70025
"Kiran Thompson",78881
"Aisha Miller",59309
"Luke Brown",61518
"Priya Sharma",64225
"Sarah Lewis",59869
"Olivia Wilson",81528
"Olivia Wilson",76859
"Ananya Iyer",77671
"Olivia Lewis",61001
"Emily Sharma",96124
"Karen Sharma",60353
"Karen Kumar",63586
"Linda Walker",58460
"Sarah Sharma",62568
"Olivia Singh",78273
"Rohit Brown",78733
"Leo Thompson",77472
"Leo Thomas",92886
"Priya Taylor",61584
"Vikram Thompson",73278
"Sophia Singh",74789
"Rohit Wilson",69582
"Sarah Lewis",62164
"Olivia Iyer",76287
"Luke Singh",66905
"Karen Williams",62752
"Daniel Walker",62096
"John Walker",63119
"Rohit Wilson",60266
"Arun Smith",73284
"Linda Miller",78802
"Linda Johnson",69100
"Vikram Davis",61431
"Linda Sharma",62568
"Ananya Walker",96059
"John Sharma",93969
"Sophia Smith",83173
"Nina Thompson",84387
"Rohit Williams",82603
"Rohit Patel",76941
"Daniel Singh",76584
"Karen Anderson",76520
"Emily Smith",70497
"Sophia Walker",70478
"Karen Walker",73394
"Rohit Lewis",66062
"Aisha Thompson",61057
"Karen Thomas",75566
"Linda Anderson",77697
"Kiran Smith",96514
"Leo Wilson",76123
"Ananya Lewis",87636
"Sarah Johnson",62457
"Arun Lewis",92645
"Vikram Gupta",91251
"Michael Singh",82384
"David Gupta",62159
"Olivia Walker",93949
"Sophia Gupta",60035
"Nina Davis",85822
"Emily Walker",75310
"Nina Brown",73518
"Luke Thompson",82084
"Emily Davis",63025
"Ananya Taylor",60032
"David Gupta",85733
"Linda Taylor",92760
"Priya Thomas",85737
"John Miller",59379
"Vikram Johnson",66462
"Sarah Thompson",88293
"Olivia Taylor",67436
"Ananya Thompson",84694
"Ananya Kumar",69179
"Vikram Lewis",75897
"David Johnson",58980
"Sophia Smith",62088
"Daniel Anderson",59872
"Karen Davis",92786
"Michael Johnson",79046
"Arun Lewis",63945
"Sophia Taylor",73087
"Luke Smith",59512
"Olivia Patel",66062
"Vikram Sharma",89376
"Sarah Johnson",68720
"Arun Gupta",83414
"Sarah Iyer",59945
"Rohit Brown",62892
"Vikram Walker",86855
"Rohit Singh",89349
"David Johnson",63492
"Karen Sharma",83285
"Leo Davis",60962
"Nina Taylor",60350
"Kiran Thomas",62936
"Rohit Miller",65177
"Olivia Miller",93094
"Leo Miller",77325
"Arun Anderson",63192
"Sarah Iyer",97133
"Linda Anderson",62792
"Daniel Taylor",68496
"Olivia Singh",81177
"Priya Thomas",70872
"Rohit Anderson",59279
"Daniel Thompson",63868
"Rohit Thomas",98830
"Leo Thomas",87890
"David Johnson",72616
"Vikram Singh",89959
"Vikram Anderson",64571
"Luke Lewis",78930
"Daniel Anderson",83650
"Linda Walker",96587
"Olivia Thomas",97660
"Priya Gupta",74177
"Arun Williams",88247
"Ananya Wilson",72163
"John Sharma",72667
"Olivia Kumar",67411
"John Gupta",75567
"Luke Singh",60293
"Vikram Anderson",88790
"Karen Taylor",83219
"Sophia Anderson",85935
"Nina Smith",58546
"Aisha Walker",63286
"Olivia Smith",77292
"David Brown",68532
"Leo Anderson",69417
"Ananya Lewis",59507
"David Singh",63240
"Emily Johnson",93297
"Priya Taylor",79578
"Sarah Singh",70139
"Arun Johnson",63170
"Vikram Gupta",66282
"Leo Smith",91478
"Ananya Miller",79934
"Arun Walker",63405
"Kiran Iyer",70660
"Sophia Wilson",64586
"Leo Gupta",81320
"Ananya Lewis",82455
"Priya Iyer",76791
"Daniel Kumar",94369
"Kiran Williams",88434
"Rohit Walker",82678
"Vikram Anderson",70004
"Leo Davis",59376
"Linda Walker",88054
"Michael Smith",92181
"Daniel Iyer",64399
"Karen Anderson",69779
"Sarah Thomas",77373
"Karen Gupta",80591
"Arun Smith",95316
"Michael Thomas",73031
"Ananya Iyer",76796
"Vikram Taylor",81064
"Karen Johnson",80227
"Emily Miller",93830
"Leo Davis",67066
"Rohit Iyer",63294
"Emily Sharma",58730
"David Lewis",65012
"Emily Smith",67937
"Rohit Miller",90247
"Michael Patel",64481
"Nina Gupta",61364
"Michael Thomas",79220
"David Anderson",60926
"Rohit Patel",58851
"Kiran Singh",59944
"Sarah Williams",73666
"Linda Gupta",99534
"Olivia Walker",93476
"Priya Anderson",64393
"Aisha Thompson",98234
"Luke Iyer",79216
"Ananya Iyer",84748
"David Sharma",69821
"Sophia Miller",68352
"Sarah Taylor",72165
"David Iyer",95526
"Leo Anderson",82245
"Linda Walker",67228
"Kiran Thompson",74231
"Olivia Brown",64504
"Luke Gupta",75048
"David Davis",65031
"Luke Johnson",64447
"Arun Brown",86109
"Michael Miller",94508
"Aisha Williams",67610
"Luke Brown",82124
"Rohit Miller",81305
"Sarah Patel",62868
"Emily Williams",87832
"Michael Sharma",94275
"Sarah Gupta",76253
"Vikram Anderson",77920
"David Johnson",80218
"Daniel Johnson",82751
"Rohit Wilson",79218
"Olivia Wilson",61374
"Luke Miller",58857
"Karen Smith",59968
"Linda Brown",64592
"Daniel Miller",61542
"Kiran Johnson",62885
"Linda Anderson",65939
"Karen Singh",94756
"Olivia Kumar",61140
"Linda Kumar",66001
"Kiran Williams",95731
"Linda Johnson",62520
"Olivia Kumar",80105
"Rohit Davis",60679
"Sarah Kumar",96430
"Nina Singh",61434
"Luke Thompson",70195
"David Taylor",59702
"David Miller",61386
"Linda Walker",79607
"Leo Smith",72817
"Karen Singh",69007
"Michael Thomas",67235
"Karen Wilson",67580
"Ananya Johnson",80855
"Priya Johnson",59717
"Priya Thompson",62625
"Luke Sharma",72543
"Kiran Lewis",91699
"Daniel Thomas",85238
"Michael Thompson",69299
"Sophia Sharma",95501
"David Davis",90129
"Vikram Anderson",73974
"Leo Walker",62388
"Olivia Davis",58813
"Karen Davis",72220
"Olivia Thompson",60718
"Rohit Williams",68341
"Ananya Smith",67243
"Leo Taylor",59865
"Sarah Gupta",67532
"Ananya Walker",69141
"Kiran Walker",67136
"Sarah Taylor",76327
"Nina Wilson",77756
"Ananya Walker",86918
"Nina Wilson",65082
"Aisha Taylor",85629
"Luke Kumar",66540
"John Patel",66938
"Linda Walker",62083
"Luke Kumar",87028
"Nina Gupta",76740
"Rohit Miller",93297
"Kiran Walker",84386
"Nina Johnson",70862
"Daniel Taylor",61823
"Daniel Johnson",75921
"Ananya Thomas",92400
"Leo Smith",93322
"Emily Patel",78319
"Arun Walker",67704
"Sophia Taylor",85195
"Nina Sharma",64726
"Luke Williams",93043
"Leo Johnson",74257
"Emily Singh",67040
"Vikram Lewis",58786
"Olivia Taylor",63676
"John Sharma",95583
"Luke Thomas",69766
"Luke Patel",71873
"Michael Wilson",68376
"Nina Sharma",80730
"Leo Davis",69804
"Vikram Smith",96005
"Olivia Gupta",77541
"Olivia Davis",69283
"Kiran Kumar",82963
"Michael Johnson",66041
"Aisha Iyer",59491
"Nina Singh",69524
"Rohit Miller",81564
"Rohit Sharma",67573
"Aisha Miller",70230
"Leo Patel",94084
"Olivia Lewis",61344
"Olivia Lewis",67295
"Leo Kumar",64251
"Rohit Smith",65829
"Sophia Taylor",79394
"Michael Anderson",91799
"Nina Taylor",59096
"Leo Davis",59972
"Leo Taylor",82184
"Olivia Miller",58425
"Kiran Thomas",61541
"Leo Davis",74747
"Ananya Williams",66408
"Linda Patel",70325
"Arun Wilson",74681
"Emily Singh",60286
"John Johnson",59836
"Michael Lewis",81692
"Sarah Williams",65627
"Luke Wilson",84669
"Sophia Anderson",92262
"Leo Sharma",72813
"Vikram Smith",82103
"Luke Thomas",66348
"Linda Thompson",69861
"Vikram Anderson",76268
"John Thomas",67424
"Michael Taylor",59269
"Rohit Patel",65543
"Luke Johnson",72397
"Daniel Johnson",86631
"Linda Thomas",63752
"Kiran Kumar",62054
"Sophia Brown",66957
"Ananya Smith",93141
"Michael Williams",89058
"Luke Sharma",66172
"Karen Brown",76528
"Vikram Anderson",80592
"Rohit Johnson",59985
"Sarah Sharma",84209
"Rohit Patel",88084
"Emily Lewis",64855
"Rohit Davis",77259
"Kiran Anderson",74180
"Leo Walker",60584
"Sophia Wilson",62117
"Ananya Williams",79807
"Kiran Brown",63467
"Daniel Walker",81321
"David Wilson",69668
"Priya Walker",99261
"Karen Singh",93245
"Emily Davis",68966
"Rohit Williams",66609
"Daniel Miller",96575
"Karen Kumar",68117
"Ananya Singh",67865
"Leo Williams",89602
"Sophia Williams",76126
"Priya Thomas",67956
"Olivia Thompson",81133
"Michael Lewis",65684
"Rohit Miller",66456
"Nina Walker",95867
"Ananya Patel",75003
"Rohit Brown",65117
"Leo Gupta",66834
"David Sharma",71205
"Arun Miller",95506
"Kiran Davis",73042
"Nina Kumar",72711
"Nina Singh",94861
"Sophia Kumar",64853
"Michael Miller",75194
"Michael Wilson",62897
"Rohit Iyer",69653
"Michael Wilson",64586
"Michael Gupta",62124
"Luke Lewis",60809
"Linda Patel",69745
"Leo Taylor",60203
"Sarah Miller",78329
"Olivia Brown",89118
"Michael Anderson",69344
"David Kumar",87455
"Linda Johnson",95335
"Aisha Davis",84526
"Sarah Williams",71433
"Michael Iyer",89390
"Linda Brown",59667
"Olivia Davis",96525
"Sophia Anderson",67686
"Michael Thompson",76673
"Aisha Thomas",86153
"Daniel Williams",77431
"Nina Gupta",66159
"Linda Iyer",60180
"Sophia Taylor",65329
"Olivia Taylor",61160
"Emily Sharma",73904
"Sarah Taylor",73804
"Kiran Anderson",98285
"Luke Kumar",82359
"Nina Miller",68781
"Luke Johnson",60286
"Kiran Singh",89336
"Emily Sharma",73294
"John Iyer",59687
"Aisha Kumar",64730
"Vikram Thompson",84016
"Vikram Johnson",89616
"Luke Lewis",61845
"Olivia Smith",95989
"Kiran Miller",68022
"Luke Brown",87126
"Luke Anderson",66379
"Vikram Gupta",75885
"Kiran Johnson",93793
"Olivia Anderson",99215
"Daniel Wilson",67331
"Olivia Singh",75593
"Leo Kumar",62964
"Linda Singh",76477
"Rohit Iyer",89912
"John Davis",61659
"Rohit Anderson",61174
"Aisha Sharma",72616
"Kiran Iyer",84542
"Sarah Brown",63083
"Aisha Wilson",60019
"Sarah Wilson",62562
"Kiran Thomas",64089
"David Smith",61792
"Aisha Miller",77271
"Luke Iyer",86539
"David Lewis",74351
"Rohit Gupta",87677
"Aisha Williams",84837
"Michael Sharma",76473
"David Davis",91009
"Daniel Anderson",80091
"Karen Gupta",63695
"Priya Gupta",95919
"Karen Taylor",58993
"Karen Lewis",66162
"Karen Kumar",96785
"Arun Thomas",74978
"Priya Lewis",62255
"Leo Patel",67668
"Daniel Patel",95164
"Vikram Gupta",89280
"Michael Davis",77715
"Karen Anderson",90598
"Ananya Kumar",68755
"Luke Taylor",60015
"Priya Taylor",88232
"Daniel Wilson",63805
"Sarah Singh",68554
"Olivia Gupta",65992
"Emily Singh",75661
"Priya Wilson",68780
"Kiran Patel",69596
"Daniel Thomas",73305
"Sarah Brown",65315
"Sarah Miller",98552
"Luke Singh",76828
"Arun Miller",86714
"Vikram Williams",78450
"David Sharma",60744
"Rohit Walker",60089
"Kiran Davis",65904
"Sophia Gupta",96049
"Linda Brown",67788
"Leo Thompson",71822
"Michael Thompson",61533
"Linda Brown",66192
"Arun Smith",60037
"Vikram Kumar",64845
"Olivia Sharma",65907
"Vikram Walker",88888
"Daniel Williams",88882
"John Williams",67710
"Daniel Davis",83849
"Aisha Walker",59793
"David Iyer",66715
"Emily Wilson",60532
"Luke Walker",68956
"Sarah Thomas",85934
"Vikram Wilson",70138
"Luke Walker",76173
"Emily Singh",78300
"Linda Johnson",78436
"Sophia Taylor",59652
"John Walker",73474
"Sarah Wilson",64772
"Rohit Smith",75813
"Linda Thompson",80999
"Leo Thompson",64199
"Sarah Wilson",87828
"Olivia Davis",59171
"Luke Johnson",79005
"Leo Iyer",59837
"Nina Lewis",89824
"Kiran Brown",71333
"Vikram Singh",84743
"Ananya Taylor",65458
"Aisha Kumar",82958
"Aisha Iyer",83303
"Karen Anderson",64931
"Nina Taylor",63891
"Priya Smith",64289
"John Williams",68372
"Rohit Williams",65463
"Arun Williams",89489
"David Anderson",98209
"Linda Singh",62845
"Karen Thompson",68501
"Aisha Davis",81446
"Karen Johnson",73621
"Priya Wilson",89851
"Karen Kumar",74216
"Emily Johnson",91373
"Ananya Kumar",60511
"Daniel Singh",81837
"Karen Patel",71513
"Linda Iyer",61738
"David Williams",65170
"Kiran Anderson",66758
"Michael Brown",67118
"Daniel Johnson",60070
"John Davis",65218
"John Kumar",72193
"Emily Lewis",60522
"Leo Anderson",88995
"Sophia Sharma",62913
"Michael Lewis",84416
"John Miller",77569
"Sophia Williams",68223
"Ananya Williams",59653
"Luke Singh",76143
"Linda Kumar",61063
"Luke Walker",83302
"Arun Walker",68039
"Nina Gupta",81198
"Rohit Iyer",64550
"Vikram Williams",87006
"Luke Walker",86018
"Karen Davis",71792
"Olivia Sharma",70179
"John Thomas",59762
"Aisha Singh",63232
"John Anderson",62204
"Karen Thomas",80281
"Nina Williams",99798
"Aisha Kumar",94119
"Emily Thomas",59676
"Vikram Davis",77819
"Nina Smith",96180
"Sophia Taylor",68385
"Vikram Smith",75393
"Sarah Iyer",63906
"Nina Patel",65240
"Michael Lewis",67582
"Kiran Lewis",73003
"John Anderson",78146
"John Anderson",82596
"Arun Thomas",83993
"Daniel Smith",62285
"Linda Kumar",61557
"Michael Singh",78779
"Daniel Gupta",63391
"John Davis",89118
"Olivia Smith",87661
"Olivia Williams",70907
"Karen Walker",65567
"Michael Wilson",66335
"Michael Smith",86731
"Nina Thomas",82629
"Olivia Miller",97173
"Sophia Lewis",86009
"Daniel Johnson",85783
"Karen Lewis",74432
"Karen Kumar",73373
"Sarah Walker",75010
"Kiran Singh",69105
"John Taylor",77435
"Olivia Gupta",75174
"Priya Thomas",90642
"Rohit Walker",63133
"Aisha Anderson",64292
"Nina Kumar",62345
"Sophia Anderson",76936
"Karen Davis",86267
"Michael Patel",74180
"Vikram Johnson",85864
"Emily Walker",93667
"Daniel Wilson",59352
"John Miller",97120
"Vikram Davis",69798
"Karen Smith",72590
"Emily Taylor",83466
"Priya Miller",78952
"Luke Thompson",94479
"Emily Anderson",77449
"David Taylor",83985
"Arun Sharma",64925
"Vikram Davis",61331
"Kiran Gupta",75989
"Olivia Thompson",65816
"Ananya Thompson",64001
"Emily Walker",69758
"Nina Brown",62243
"Aisha Gupta",58541
"Arun Sharma",61233
"Daniel Wilson",71032
"Sarah Iyer",66911
"Linda Smith",94025
"Michael Gupta",81527
"Priya Patel",61552
"Michael Wilson",68514
"Arun Patel",58510
"Emily Sharma",73990
"Ananya Sharma",67067
"Arun Walker",85876
"Arun Thompson",95603
"Linda Williams",92804
"Michael Iyer",96578
"Aisha Thomas",66869
"Daniel Singh",68488
"John Iyer",68256
"Nina Anderson",67533
"Linda Brown",91820
"Kiran Taylor",78259
"Michael Gupta",80931
"Arun Smith",83325
"John Gupta",84507
"Emily Davis",73945
"Rohit Kumar",74709
"Aisha Walker",66242
"Leo Wilson",68707
"Aisha Thomas",64626
"David Walker",78085
"Sarah Brown",88709
"Linda Taylor",58710
"Leo Patel",60441
"Sarah Brown",87160
"John Lewis",71010
"Nina Johnson",71190
"Daniel Miller",66371
"Sophia Brown",65702
"Rohit Singh",82446
"John Singh",81970
"Aisha Sharma",64474
"Kiran Davis",70303
"Ananya Sharma",61401
"Leo Thompson",71503
"Ananya Walker",88604
"Nina Smith",73209
"Olivia Walker",84017
"Rohit Sharma",82522
"Priya Walker",90871
"Olivia Taylor",89266
"Michael Miller",77028
"Leo Johnson",87658
"Leo Gupta",77207
"Ananya Iyer",97872
"Priya Singh",74569
"Olivia Williams",70403
"Rohit Singh",68770
"Emily Davis",58652
"Ananya Miller",59413
"Luke Brown",79930
"Ananya Taylor",81961
"Rohit Davis",80085
"Leo Iyer",99726
"Arun Gupta",60738
"John Taylor",70238
"Kiran Brown",70504
"Rohit Walker",62993
"Sarah Williams",72282
"Aisha Smith",71691
"David Smith",59115
"Kiran Gupta",59396
"Sarah Miller",58563
"Linda Patel",62011
"Ananya Lewis",59950
"Vikram Patel",90257
"Ananya Singh",79365
"Linda Kumar",71865
"Daniel Miller",68078
"Luke Wilson",86052
"Arun Brown",77643
"John Walker",98040
"Kiran Williams",87112
"Luke Thomas",64167
"Sophia Iyer",73114
"Vikram Smith",69347
"Michael Johnson",62620
"Michael Walker",85512
"Ananya Gupta",78805
"Vikram Patel",70909
"Ananya Davis",65442
"Arun Sharma",60000
"Olivia Thompson",88828
"Emily Walker",72171
"Leo Smith",61082
"Karen Gupta",70147
"Luke Singh",73330
"Daniel Thompson",77030
"Karen Miller",75150
"Michael Brown",87696
"Vikram Smith",58909
"Arun Patel",71021
"Aisha Miller",75399
"Nina Taylor",67144
"Ananya Thomas",63387
"Olivia Anderson",63083
"Sophia Smith",75713
"Arun Anderson",93439
"Emily Walker",88679
"Sophia Smith",68523
"Nina Thomas",59788
"Priya Thomas",65344
"Leo Thomas",59215
"Daniel Anderson",69681
"Nina Thomas",68328
"John Lewis",62451
"Vikram Patel",65268
"David Singh",68950
"David Williams",95634
"John Thompson",73578
"Nina Miller",78881
"David Davis",87964
"Michael Gupta",62318
"Sophia Davis",73653
"Vikram Miller",66280
"Aisha Iyer",76458
"Priya Anderson",81851
"Sarah Iyer",58423
"Luke Taylor",89583
"Michael Walker",58452
"Daniel Smith",77404
"Michael Kumar",59337
"Rohit Smith",70866
"Emily Brown",63375
"David Sharma",94716
"Luke Kumar",80968
"Arun Thomas",94715
"David Singh",63624
"Daniel Kumar",82919
"Sarah Singh",70574
"Priya Taylor",68776
"Olivia Thomas",66922
"Michael Gupta",70065
"Aisha Lewis",80695
"Michael Walker",73323
"Rohit Miller",93017
"Luke Miller",89778
"Priya Sharma",98480
"Kiran Brown",70626
"Sarah Davis",59952
"Vikram Kumar",61406
"Priya Thomas",61674
"Linda Smith",90045
"Vikram Johnson",80455
"Aisha Sharma",64243
"Rohit Williams",59589
"Aisha Miller",77385
"Linda Anderson",74087
"Aisha Patel",73151
"Rohit Wilson",86844
"Daniel Thomas",65163
"Daniel Thomas",61667
"Ananya Sharma",83314
"Leo Gupta",92063
"Aisha Anderson",74178
"Priya Miller",63180
"Ananya Johnson",78455
"Aisha Thomas",69139
"Emily Kumar",79931
"Luke Patel",93408
"Priya Smith",91502
"Daniel Walker",76787
"Nina Lewis",67379
"Arun Lewis",63111
"Sarah Walker",83904
"Emily Davis",64950
"Linda Davis",63658
"Kiran Brown",79403
"Linda Johnson",76118
"Aisha Johnson",70747
"John Lewis",77527
"Daniel Wilson",63276
"Karen Taylor",59296
"Michael Lewis",58432
"Karen Taylor",69758
"Leo Gupta",71654
"Olivia Wilson",91544
"Kiran Kumar",64625
"Rohit Anderson",63274
"Linda Kumar",83088
"Sophia Williams",89047
"Luke Thomas",78687
"Luke Davis",61345
"Sarah Williams",61230
"Linda Gupta",59559
"Nina Davis",79926
"Michael Gupta",94131
"Aisha Gupta",87598
"Nina Brown",64262
"Olivia Thomas",99908
"Linda Walker",63652
"John Williams",58806
"Ananya Kumar",97490
"Kiran Singh",71359
"Sophia Williams",67365
"John Wilson",66758
"Karen Johnson",59701
"Aisha Anderson",78200
"Daniel Thompson",89665
"Luke Iyer",66081
"Karen Patel",61085
"Sophia Walker",76269
"Luke Brown",72664
"Linda Patel",83788
"Sarah Thomas",59962
"Vikram Lewis",73706
"Sarah Thomas",78499
"Karen Walker",59691
"Emily Gupta",84280
"Sophia Anderson",64127
"Karen Walker",72350
"Sarah Johnson",66402
"Leo Thomas",68107
"Arun Kumar",90635
"Leo Iyer",58791
"Emily Patel",58959
"Karen Kumar",85239
"Olivia Kumar",74738
"Nina Patel",85126
"Emily Sharma",62995
"Priya Lewis",76186
"Daniel Kumar",70387
"Priya Brown",84870
"Priya Miller",77856
"Nina Anderson",61065
"Michael Kumar",63831
"Rohit Thompson",95692
"John Thompson",69230
"Ananya Singh",72614
"Leo Kumar",99346
"Ananya Thompson",67035
"Kiran Kumar",61508
"John Wilson",63464
"Michael Sharma",80031
"Luke Walker",65278
"Nina Miller",65834
"Sarah Thomas",73037
"Michael Singh",60752
"Sarah Kumar",67040
"Michael Wilson",62143
"Linda Miller",64324
"Aisha Kumar",91369
"Arun Wilson",60631
"Karen Taylor",67041
"Luke Thompson",76360
"Kiran Thomas",61990
"John Patel",82969
"Nina Wilson",73893
"Priya Johnson",87853
"John Miller",82910
"Leo Lewis",63692
"Karen Kumar",85196
"Vikram Walker",63374
"Emily Patel",96939
"Sophia Iyer",98734
"Daniel Johnson",66185
"Arun Anderson",67827
"Emily Wilson",79126
"Sophia Taylor",71518
"Luke Johnson",65897
"Linda Wilson",87492
"Sophia Lewis",61857
"Priya Iyer",87025
"Priya Brown",58476
"Rohit Singh",72224
"Emily Davis",67174
"Aisha Miller",82364
"John Johnson",82006
"Leo Singh",86442
"Sophia Thompson",61415
"Sophia Iyer",78349
"Arun Thompson",91886
"Kiran Kumar",66573
"Vikram Taylor",64066
"Vikram Singh",61436
"Daniel Kumar",69136
"Vikram Walker",60658
"Ananya Iyer",59318
"Vikram Anderson",72263
"Daniel Smith",60820
"Emily Lewis",73402
"Priya Anderson",87325
"Luke Walker",60458
"Sophia Patel",78082
"Luke Sharma",59316
"David Singh",67495
"Priya Miller",71421
"Kiran Johnson",61261
"Vikram Kumar",83921
"Karen Wilson",85890
"Emily Taylor",64399
"Sophia Lewis",70711
"Karen Kumar",63861
"Sarah Thompson",79550
"Sophia Anderson",63505
"Nina Walker",72257
"Kiran Brown",73488
"Luke Smith",82440
"Leo Brown",61874
"Kiran Thomas",96756
"Vikram Taylor",59394
"Nina Walker",74295
"Aisha Wilson",73636
"Emily Johnson",60871
"Ananya Anderson",92827
"Michael Singh",79006
"Emily Thomas",68538
"Nina Anderson",99535
"Nina Taylor",58730
"Daniel Walker",72654
"Leo Thompson",78572
"Sophia Davis",76674
"John Kumar",62817
"Rohit Miller",68559
"Priya Kumar",79145
"Sophia Williams",64605
"Luke Johnson",76597
"Sarah Thompson",65425
"Olivia Iyer",71013
"Emily Gupta",91186
"Michael Gupta",83246
"Olivia Smith",89205
"Rohit Miller",72890
"Rohit Williams",62214
"Michael Anderson",94212
"Leo Gupta",62565
"Karen Taylor",73916
"Aisha Kumar",64865
"Linda Lewis",72967
"Daniel Anderson",66722
"Sarah Thomas",73826
"Kiran Gupta",61740
"Priya Davis",65844
"Leo Singh",60965
"Sophia Johnson",73759
"Leo Iyer",82817
"Rohit Iyer",64504
"Arun Gupta",66267
"David Miller",88660
"John Walker",60543
"Kiran Wilson",65114
"Aisha Thomas",59520
"Sarah Miller",62873
"Vikram Davis",78279
"Nina Davis",77861
"Kiran Thompson",74586
"Aisha Walker",62194
"David Anderson",95767
"Olivia Lewis",77273
"David Iyer",59691
"Vikram Williams",86577
"Aisha Patel",82863
"Luke Williams",83768
"Ananya Singh",72153
"Aisha Brown",69415
"Aisha Thompson",90085
"Sarah Williams",85114
"Karen Kumar",79160
"Daniel Thompson",62361
"Nina Miller",86743
"Ananya Smith",63523
"Michael Kumar",96602
"Michael Patel",86741
"Sophia Johnson",62221
"Nina Brown",76218
"Sarah Walker",77973
"Michael Smith",70646
"Rohit Sharma",75435
"Aisha Thomas",65621
"Emily Singh",67457
"Linda Iyer",70710
"Karen Thomas",94781
"Olivia Thompson",84148
"Daniel Lewis",75254
"Daniel Walker",94147
"Emily Kumar",68020
"Vikram Williams",71140
"Linda Johnson",98710
"Kiran Anderson",69345
"Aisha Williams",92726
"Linda Singh",86345
"Sarah Patel",73264
"Vikram Singh",59042
"Kiran Wilson",59181
"Sarah Williams",62424
"Aisha Miller",61795
"Priya Iyer",67184
"Michael Lewis",73474
"Michael Davis",85705
"Sarah Gupta",97298
"Leo Patel",66918
"Luke Patel",71722
"Kiran Patel",77694
"Michael Williams",76372
"Linda Kumar",64274
"Vikram Davis",61351
"Priya Patel",69602
"Daniel Johnson",88103
"Linda Williams",70525
"Kiran Walker",64135
"Daniel Thompson",83340
"Sarah Taylor",76849
"Luke Patel",74296
"John Williams",86863
"Vikram Singh",89159
"John Taylor",62459
"Olivia Wilson",64662
"Priya Brown",59507
"Sarah Taylor",80105
"Aisha Gupta",59807
"Ananya Kumar",60792
"John Singh",59610
"Sarah Johnson",66624
"Emily Anderson",80426
"Vikram Wilson",59795
"Aisha Thomas",59606
"Aisha Sharma",69193
"Rohit Anderson",65588
"Arun Thomas",80999
"Luke Patel",64368
"Kiran Williams",76117
"Daniel Thompson",64744
"Sophia Walker",64560
"Linda Walker",68903
"Michael Gupta",80540
"Emily Lewis",90647
"Vikram Gupta",59077
"Emily Thomas",65431
"Aisha Anderson",81292
"Ananya Singh",64190
"Linda Davis",58441
"Emily Kumar",71200
"Ananya Taylor",80919
"Sophia Wilson",81892
"Michael Patel",66590
"Olivia Walker",63078
"Leo Sharma",81999
"Sarah Walker",60394
"Sophia Walker",97267
"Linda Walker",90298
"Arun Williams",89727
"Olivia Sharma",63932
"John Patel",78094
"Linda Sharma",70209
"Vikram Kumar",76670
"Olivia Lewis",88620
"Sophia Miller",73732
"Michael Patel",75119
"Nina Sharma",88313
"Priya Iyer",59949
"Leo Lewis",81149
"John Smith",68652
"Karen Miller",74855
"Leo Johnson",648099
"Luke Kumar",89596
"Luke Brown",61922
"Rohit Iyer",74648
"Ananya Kumar",92798
"Nina Walker",70319
"Karen Gupta",77213
"Kiran Sharma",82789
"Daniel Sharma",81190
"David Gupta",77396
"Linda Davis",69598
"John Smith",86566
"Daniel Davis",75528
"Michael Wilson",63337
"Karen Wilson",65063
"Arun Thompson",67507
"Emily Kumar",96006
"Luke Taylor",84339
"Sarah Miller",66494
"Olivia Miller",86510
"Rohit Singh",67143
"Sophia Williams",74044
"Ananya Walker",78014
"Sarah Miller",75011
"Kiran Walker",59632
"Aisha Wilson",58877
"Priya Walker",62282
"Kiran Thompson",95160
"Emily Thompson",67959
"John Smith",69914
"Emily Smith",94525
"Linda Iyer",58548
"Vikram Davis",64751
"Leo Thomas",58648
"Daniel Iyer",78594
"Ananya Thompson",80919
"Priya Lewis",66009
"Ananya Brown",62166
"Ananya Johnson",60274
"Olivia Singh",59569
"Ananya Thomas",73250
"Emily Davis",97679
"Aisha Lewis",61779
"David Kumar",84196
"Olivia Smith",63516
"Linda Lewis",61827
"Arun Smith",70179
"Sophia Thomas",96554
"Vikram Gupta",87152
"Michael Miller",60275
"Priya Williams",77378
"Karen Wilson",60683
"Daniel Gupta",94679
"Nina Taylor",71525
"Kiran Wilson",66105
"Karen Johnson",80635
"Kiran Kumar",69821
"Priya Williams",83502
"Karen Singh",70279
"Nina Gupta",63112
"Emily Williams",71949
"Leo Iyer",70418
"Nina Singh",61793
"Kiran Anderson",70750
"Daniel Johnson",59577
"Leo Gupta",81067
"Rohit Taylor",78727
"David Walker",99733
"Emily Patel",61221
"David Patel",60379
"Rohit Wilson",72745
"Rohit Sharma",95448
"Leo Lewis",72969
"Olivia Wilson",86256
"Linda Johnson",76958
"Olivia Miller",67434
"David Lewis",64707
"Linda Johnson",74049
"Emily Walker",96670
"Sophia Taylor",63660
"Rohit Brown",66778
"Karen Miller",77527
"Linda Smith",65048
"John Walker",63376
"Sarah Iyer",68934
"Linda Taylor",71586
"Rohit Taylor",68843
"Vikram Brown",65855
"Leo Walker",66433
"Leo Anderson",60333
"Leo Thompson",76489
"Linda Singh",79451
"Linda Johnson",65730
"Sophia Lewis",83733
"Leo Taylor",84042
"Priya Thompson",87830
"David Iyer",77590
"Arun Iyer",81369
"Sophia Patel",59167
"Aisha Gupta",86666
"Leo Thomas",74069
"Sarah Thomas",69000
"Rohit Taylor",87668
"Karen Brown",92111
"Luke Patel",78567
"Linda Walker",70489
"John Thompson",73074
"Olivia Anderson",70879
"Ananya Patel",69358
"Sophia Patel",88097
"Olivia Taylor",72881
"Priya Gupta",72236
"Michael Smith",62359
"Karen Lewis",65952
"Nina Johnson",61896
"Michael Miller",61751
"Michael Smith",71025
"Sarah Lewis",61777
"Daniel Wilson",76387
"Leo Lewis",88915
"Linda Kumar",95569
"Rohit Singh",62203
"Sarah Brown",64973
"Arun Miller",69541
"Linda Iyer",91033
"John Thompson",75468
"Nina Williams",89417
"Linda Brown",91589
"John Gupta",76082
"Sophia Thompson",72964
"Rohit Iyer",75840
"Daniel Smith",64738
"David Walker",90775
"Sarah Gupta",59179
"Sarah Thompson",63076
"Nina Singh",94372
"Leo Walker",79385
"Sophia Johnson",71664
"Sophia Miller",89628
"Aisha Lewis",60138
"Priya Williams",76812
"Olivia Thomas",78040
"Olivia Sharma",96788
"Kiran Williams",78825
"Aisha Thomas",83798
"Daniel Thomas",79077
"Ananya Lewis",69315
"David Thompson",65346
"Priya Anderson",63970
"Nina Kumar",75245
"Sophia Walker",67938
"Daniel Patel",74820
"Emily Singh",93787
"Olivia Iyer",97455
"Olivia Gupta",61786
"Olivia Smith",77969
"Rohit Smith",67882
"Sophia Thompson",79726
"Sophia Thomas",63471
"David Gupta",65200
"Luke Gupta",84848
"Rohit Taylor",66157
"Ananya Walker",78076
"Vikram Sharma",74426
"Rohit Johnson",90192
"Sarah Thompson",86595
"Aisha Gupta",64776
"Olivia Davis",81156
"Leo Singh",76389
"Olivia Smith",63004
"Linda Anderson",59045
"Vikram Davis",58418
"Arun Johnson",73352
"Sophia Brown",83235
"Sarah Patel",89306
"David Thomas",71467
"Vikram Iyer",61920
"Priya Singh",62178
"Rohit Taylor",91398
"Rohit Patel",75507
"Kiran Williams",97016
"Aisha Gupta",63531
"Luke Lewis",98265
"Linda Johnson",60708
"Michael Patel",73817
"Nina Taylor",87139
"Emily Johnson",83092
"Leo Johnson",85335
"Ananya Anderson",71722
"Sarah Williams",95452
"Leo Brown",92078
"David Sharma",85759
"Ananya Singh",72059
"John Anderson",71222
"Kiran Smith",84757
"Priya Sharma",74904
"Daniel Davis",90277
"John Thomas",79077
"Emily Gupta",82220
"Karen Patel",83430
"Luke Walker",85772
"Vikram Johnson",59444
"Ananya Williams",62794
"David Lewis",76035
"Sophia Singh",84165
"Nina Singh",80465
"Vikram Kumar",83785
"Nina Walker",91715
"Linda Patel",73487
"Olivia Kumar",84861
"John Wilson",88630
"Karen Miller",91119
"Arun Thompson",64277
"Arun Lewis",73155
"Leo Brown",78351
"Leo Thompson",66422
"Luke Lewis",78804
"Rohit Sharma",60960
"Sophia Anderson",67517
"Karen Davis",92834
"Nina Singh",63642
"Leo Wilson",60401
"Sophia Walker",63230
"Priya Taylor",65540
"Priya Miller",62793
"Leo Singh",65237
"Olivia Brown",61440
"Karen Thompson",72785
"Nina Iyer",63386
"Luke Taylor",72484
"David Sharma",78823
"Nina Smith",71765
"Olivia Thomas",61098
"Olivia Sharma",81394
"Sophia Singh",73005
"Rohit Smith",96160
"Aisha Thompson",87565
"Kiran Anderson",91151
"Vikram Kumar",96022
"Linda Iyer",97200
"Sarah Iyer",78724
"Ananya Thompson",68152
"David Taylor",88645
"Sophia Johnson",67044
"John Kumar",58673
"Kiran Smith",58827
"Arun Wilson",85318
"Daniel Sharma",77433
"Sophia Singh",71156
"Rohit Miller",81997
"Rohit Kumar",97299
"Vikram Thompson",83413
"David Smith",59919
"Luke Williams",62136
"Olivia Williams",81981
"Leo Thompson",73532
"Luke Anderson",83633
"Michael Taylor",66726
"Daniel Walker",99716
"Kiran Wilson",81658
"Rohit Davis",79453
"Aisha Lewis",67858
"Karen Williams",73594
"Emily Patel",63692
"Leo Taylor",59167
"Karen Smith",79162
"Karen Kumar",89433
"Michael Kumar",65650
"Priya Sharma",89035
"Arun Davis",71267
"Sarah Thomas",72199
"Aisha Singh",63906
"Aisha Thomas",64918
"Linda Kumar",61554
"Kiran Kumar",61574
"Sophia Patel",66753
"Vikram Singh",65304
"Rohit Walker",62151
"Linda Lewis",66026
"Ananya Smith",73492
"Olivia Wilson",83042
"Emily Anderson",61159
"Sophia Johnson",59888
"Michael Anderson",76505
"Emily Kumar",76426
"Luke Wilson",76351
"Rohit Smith",59088
"Emily Miller",77468
"Kiran Anderson",75567
"Nina Lewis",79331
"Priya Anderson",97233
"Daniel Thompson",88904
"Priya Davis",95229
"Luke Patel",85288
"Karen Thompson",92171
"David Taylor",86480
"Sophia Thompson",60280
"Sophia Thomas",92224
"Arun Williams",79406
"Leo Singh",64641
"John Gupta",84144
"Daniel Smith",76044
"Daniel Iyer",72716
"Sophia Thompson",85640
"Kiran Brown",84326
"Leo Smith",60911
"Sophia Sharma",64993
"Emily Gupta",60969
"Linda Williams",58963
"Michael Johnson",60098
"John Johnson",73231
"Ananya Thompson",93132
"David Kumar",80007
"Kiran Anderson",60305
"Priya Walker",87424
"Olivia Thompson",61901
"Sarah Anderson",88268
"Karen Smith",88451
"Linda Miller",58668
"Sophia Sharma",79166
"Nina Taylor",73382
"Linda Gupta",95971
"Nina Thompson",85212
"David Kumar",69472
"Aisha Smith",60376
"Emily Gupta",94193
"Aisha Anderson",80216
"Vikram Lewis",74546
"Leo Thomas",96262
"Karen Thompson",58850
"Michael Miller",92285
"Vikram Singh",80898
"Daniel Kumar",99708
"Priya Singh",61473
"Daniel Lewis",93521
"Vikram Wilson",74664
"Daniel Anderson",84667
"Ananya Williams",80758
"John Sharma",74031
"Olivia Lewis",85353
"Daniel Thomas",64982
"Linda Taylor",86154
"Linda Kumar",60685
"Rohit Johnson",91709
"Aisha Singh",63565
"Daniel Thomas",91202
"Aisha Johnson",84481
"Rohit Williams",76209
"John Davis",91148
"Karen Iyer",61205
"Ananya Miller",81617
"Ananya Anderson",92954
"Michael Smith",85434
"Arun Johnson",97911
"Vikram Thomas",59273
"Sarah Thompson",68045
"Aisha Wilson",73185
"Leo Johnson",60992
"Karen Patel",86147
"Olivia Patel",59382
"Vikram Lewis",81429
"Sarah Sharma",71817
"Emily Singh",86240
"Aisha Singh",76050
"Luke Sharma",61895
"Luke Thomas",79681
"John Miller",84443
"Priya Kumar",95913
"Priya Williams",67796
"Nina Gupta",79186
"Vikram Johnson",91563
"John Thompson",64566
"Vikram Singh",72497
"Ananya Miller",89283
"Leo Anderson",90486
"Arun Davis",88312
"John Thomas",71436
"Linda Iyer",60294
"Karen Taylor",72407
"Leo Patel",67150
"Daniel Smith",69632
"Luke Patel",60449
"Michael Lewis",74902
"Olivia Sharma",91543
"Luke Sharma",67716
"John Smith",82864
"John Taylor",76048
"Michael Williams",64134
"David Thompson",88443
"Olivia Smith",69973
"Karen Sharma",94603
"David Sharma",62071
"John Kumar",71321
"Sophia Johnson",68069
"Kiran Williams",75012
"Linda Kumar",78523
"Sarah Brown",68791
"Kiran Wilson",81480
"Linda Davis",67559
"Aisha Singh",61766
"Priya Iyer",71551
"Emily Wilson",69950
"Olivia Wilson",76396
"Linda Sharma",68768
"Luke Thompson",64434
"Ananya Sharma",69923
"Sarah Brown",93838
"Priya Thompson",63101
"Olivia Patel",76620
"Kiran Smith",59857
"Leo Smith",79243
"Linda Patel",90783
"Sarah Gupta",67708
"Nina Patel",67718
"Aisha Thompson",67348
"Vikram Johnson",90072
"Rohit Thompson",89303
"Sophia Miller",83329
"Ananya Thomas",84444
"Priya Smith",69241
"Kiran Kumar",69801
"Michael Thompson",65048
"Aisha Kumar",71543
"Linda Anderson",74078
"Aisha Wilson",78511
"Vikram Davis",72148
"Arun Walker",73561
"Sarah Sharma",89204
"Kiran Lewis",91805
"Sophia Anderson",68494
"Arun Gupta",69683
"Priya Davis",61190
"Priya Kumar",83525
"Nina Gupta",77069
"Sophia Thomas",69191
"Nina Thompson",74307
"Vikram Thompson",85660
"Arun Walker",71311
"Michael Johnson",74818
"Olivia Singh",65234
"Sarah Singh",92586
"Sarah Patel",58968
"Michael Gupta",61708
"Nina Lewis",69427
"John Wilson",67607
"Vikram Thompson",84479
"Aisha Brown",60173
"Arun Thomas",65008
"Nina Thomas",61011
"Priya Williams",61364
"Aisha Kumar",95328
"Vikram Brown",62419
"Emily Sharma",88104
"Sarah Davis",79730
"Daniel Thompson",63523
"Luke Thomas",75666
"Linda Sharma",70913
"Linda Smith",66773
"Leo Iyer",98188
"Daniel Wilson",80877
"Arun Walker",60291
"John Thomas",75929
"Karen Sharma",74374
"Aisha Anderson",63592
"Nina Gupta",78782
"Olivia Singh",59350
"Sarah Wilson",93136
"Sophia Anderson",74005
"Priya Anderson",70158
"Arun Thomas",88799
"Karen Gupta",93624
"Ananya Patel",72071
"Michael Taylor",67292
"Sophia Gupta",70416
"Aisha Singh",76753
"Rohit Brown",81215
"Kiran Wilson",98173
"Emily Sharma",79829
"Arun Miller",95222
"Kiran Wilson",74656
"Daniel Taylor",67907
"Kiran Davis",61124
"Daniel Williams",74422
"Arun Kumar",78891
"David Thompson",82409
"Luke Singh",60428
"Arun Anderson",81873
"Priya Thomas",58450
"Arun Walker",80096
"Arun Gupta",63202
"Rohit Davis",62209
"Leo Brown",68904
"Priya Patel",71963
"Emily Thompson",99995
"Luke Lewis",67957
"Rohit Sharma",66075
"Olivia Smith",65326
"Luke Davis",82345
"Leo Iyer",81353
"Kiran Johnson",69270
"David Taylor",77950
"Karen Singh",61348
"Luke Johnson",73659
"Nina Sharma",79771
"Olivia Kumar",75761
"Sophia Smith",95583
"Michael Wilson",79985
"Arun Walker",66759
"Sophia Gupta",85959
"Rohit Smith",59019
"Ananya Gupta",66900
"Olivia Johnson",58605
"Sarah Lewis",60959
"Daniel Kumar",73796
"Sophia Wilson",59367
"John Kumar",84782
"Linda Williams",60130
"Arun Johnson",65033
"Karen Wilson",78944
"Daniel Miller",80873
"Kiran Patel",86361
"Daniel Sharma",77071
"Sarah Thompson",68792
"David Lewis",65699
"Linda Kumar",61308
"Emily Kumar",73867
"Kiran Anderson",71508
"Daniel Kumar",92501
"Karen Anderson",74326
"Sophia Gupta",77196
"Kiran Sharma",95876
"Sophia Anderson",60781
"Leo Thompson",61960
"Michael Iyer",59603
"Karen Sharma",65881
"Vikram Gupta",62828
"Karen Miller",70029
"Daniel Johnson",84972
"Luke Smith",85847
"Leo Iyer",73637
"John Wilson",61841
"Sarah Iyer",81261
"David Johnson",76770
"Ananya Wilson",81686
"Daniel Singh",71027
"Linda Johnson",72837
"Priya Johnson",83876
"Daniel Thomas",63148
"Emily Williams",61246
"Karen Thompson",84651
"Vikram Gupta",88049
"Aisha Smith",84230
"Emily Williams",76820
"Olivia Johnson",70694
"Sarah Walker",65254
"Kiran Gupta",63931
"Daniel Singh",79891
"John Davis",72817
"Aisha Wilson",73273
"Linda Smith",77048
"Daniel Patel",65336
"John Williams",85003
"David Walker",66840
"Nina Thomas",88196
"Nina Walker",60222
"David Patel",59250
"Aisha Walker",64759
"Arun Johnson",72068
"Olivia Lewis",70084
"Emily Singh",96244
"Leo Thompson",96855
"John Miller",68558
"Olivia Sharma",61361
"David Thompson",62623
"Linda Brown",73360
"Leo Davis",75801
"Olivia Thomas",83798
"Kiran Anderson",62934
"Ananya Miller",74926
"Sarah Miller",85142
"Vikram Sharma",89822
"Linda Thomas",82482
"John Davis",70038
"Kiran Walker",95578
"Daniel Brown",83844
"Ananya Anderson",77695
"Emily Thompson",94607
"Ananya Miller",91750
"Linda Sharma",67220
"Sophia Thomas",66441
"Sarah Miller",91747
"Arun Brown",69024
"Emily Thompson",61554
"Karen Thomas",93735
"Linda Sharma",69036
"Sarah Kumar",69481
"Daniel Thomas",88018
"David Walker",87835
"Michael Gupta",73886
"Karen Lewis",82405
"Nina Wilson",93013
"Arun Patel",68164
"Karen Williams",80707
"Vikram Thompson",81909
"Michael Patel",89241
"Arun Lewis",59926
"Sarah Singh",60985
"Emily Kumar",59498
"Linda Sharma",96814
"Olivia Walker",85082
"Leo Brown",61559
"David Taylor",75736
"Ananya Johnson",84026
"Rohit Smith",88006
"Emily Williams",78086
"Luke Davis",89293
"Rohit Lewis",83367
"David Walker",77640
"John Miller",62470
"Nina Walker",77442
"Ananya Williams",96196
"Vikram Smith",58657
"Linda Thomas",86066
"Linda Sharma",79298
"Ananya Walker",60272
"Priya Patel",61876
"Leo Davis",68986
"Vikram Davis",88745
"Sarah Gupta",80270
"Kiran Singh",59489
"Karen Gupta",65484
"Michael Gupta",64188
"David Miller",59946
"Olivia Williams",77185
"Vikram Miller",66340
"Daniel Williams",58745
"Arun Wilson",63675
"Luke Thompson",98811
"Vikram Kumar",94609
"Aisha Thompson",59959
"Luke Thompson",61320
"Sarah Johnson",68105
"Olivia Thompson",60666
"David Lewis",79909
"Kiran Thompson",60541
"Leo Singh",74663
"Ananya Wilson",61147
"Rohit Sharma",88263
"Vikram Kumar",68653
"Sophia Johnson",91739
"Ananya Davis",66033
"Karen Patel",63666
"David Walker",61852
"Emily Williams",81210
"Linda Iyer",64839
"Michael Brown",88860
"Kiran Anderson",70306
"Ananya Smith",60885
"Michael Johnson",81094
"Olivia Smith",64440
"Karen Sharma",61031
"Ananya Lewis",60700
"David Kumar",83390
"Nina Thomas",76526
"Karen Johnson",97869
"Michael Johnson",87890
"Vikram Brown",79459
"Arun Williams",69783
"David Smith",92197
"Nina Smith",78025
"John Smith",58704
"David Lewis",71161
"Leo Williams",81176
"Linda Johnson",60584
"Nina Brown",63375
"David Iyer",67332
"Aisha Singh",64777
"Nina Sharma",59166
"Rohit Taylor",64304
"Luke Smith",77239
"Rohit Anderson",81585
"Rohit Wilson",79262
"Rohit Brown",75707
"Vikram Thompson",70691
"Aisha Davis",79027
"Rohit Smith",65589
"Aisha Williams",91204
"Aisha Lewis",74884
"Rohit Sharma",84700
"Sophia Thompson",58494
"John Walker",89016
"Rohit Wilson",95706
"Rohit Taylor",62003
"John Thomas",61508
"Olivia Thomas",62170
"Daniel Kumar",67643
"Aisha Anderson",77546
"Sophia Singh",63405
"Daniel Davis",66278
"Priya Walker",88707
"Arun Iyer",80335
"Michael Anderson",73169
"Linda Kumar",86679
"Aisha Taylor",71715
"Luke Miller",60632
"Linda Thomas",75819
"Karen Johnson",79794
"Olivia Patel",70097
"Luke Patel",80759
"Leo Kumar",60132
"Luke Iyer",76208
"Vikram Gupta",75173
"John Taylor",76694
"Emily Patel",61072
"Luke Lewis",73035
"Nina Thompson",73291
"Priya Taylor",61827
"Leo Sharma",76156
"Priya Iyer",62208
"Michael Gupta",91456
"Karen Miller",88815
"John Taylor",70264
"Luke Johnson",99229
"Daniel Kumar",62362
"David Wilson",86729
"Linda Williams",76129
"Linda Walker",79810
"John Wilson",75216
"Daniel Thomas",76377
"Leo Anderson",62635
"John Brown",73086
"Kiran Gupta",81644
"Sophia Singh",58605
"Sarah Thomas",62350
"Leo Johnson",90579
"Kiran Miller",69699
"Karen Johnson",84134
"Ananya Thomas",74640
"Nina Sharma",78726
"Linda Thompson",86066
"Priya Singh",62266
"Karen Taylor",82167
"Olivia Johnson",66187
"Nina Taylor",84065
"Sarah Patel",64776
"Rohit Thomas",84001
"Ananya Gupta",74739
"Emily Taylor",59523
"Nina Smith",58779
"Aisha Miller",82118
"Vikram Gupta",93605
"Nina Johnson",70053
"Ananya Brown",66887
"Karen Patel",77115
"David Singh",64019
"Daniel Miller",91814
"Vikram Lewis",61422
"Kiran Thompson",62657
"David Thomas",89647
"Vikram Brown",70374
"Daniel Singh",81546
"David Anderson",86365
"Priya Anderson",92793
"John Thompson",83678
"Karen Lewis",93168
"Ananya Johnson",90781
"Michael Wilson",73060
"Ananya Williams",82710
"Sophia Thomas",60201
"Emily Walker",66120
"Sarah Williams",63647
"Rohit Gupta",87548
"Sophia Patel",59504
"Vikram Anderson",88183
"Arun Kumar",65768
"David Williams",73157
"Linda Brown",89184
"Linda Sharma",71797
"John Taylor",91541
"Karen Kumar",62651
"Ananya Taylor",65124
"Nina Singh",77111
"Ananya Thompson",87426
"Priya Walker",69132
"Arun Lewis",72027
"David Thomas",67446
"Ananya Anderson",70722
"Michael Gupta",75589
"Rohit Wilson",61018
"David Wilson",77438
"Kiran Miller",87545
"Daniel Williams",91929
"Rohit Taylor",86642
"Olivia Brown",77442
"Nina Singh",72522
"Luke Sharma",70786
"Emily Lewis",62755
"Priya Lewis",80504
"Emily Davis",92432
"Daniel Smith",79295
"Olivia Singh",66457
"Rohit Iyer",95155
"Rohit Lewis",88777
"Karen Smith",65083
"John Walker",66339
"Rohit Patel",68870
"Sophia Anderson",88822
"Nina Johnson",59091
"Olivia Anderson",84483
"Aisha Lewis",680490
"Aisha Thomas",67086
"Leo Wilson",70574
"Rohit Anderson",98081
"Sophia Williams",90641
"Emily Thomas",73805
"Michael Walker",89152
"Kiran Davis",70971
"John Anderson",71240
"Rohit Johnson",79144
"Olivia Anderson",80208
"Nina Smith",65212
"Olivia Davis",70875
"Vikram Thomas",73391
"John Miller",65082
"Nina Thompson",64756
"Daniel Thomas",69536
"Luke Walker",67319
"Rohit Walker",70566
"Luke Taylor",79284
"Vikram Taylor",82899
"Priya Walker",94179
"Vikram Iyer",69788
"John Miller",82035
"Emily Taylor",72213
"Leo Gupta",90318
"Nina Kumar",85398
"Sarah Johnson",68139
"Kiran Kumar",68783
"Sarah Johnson",77644
"Luke Lewis",62412
"David Taylor",61178
"Luke Sharma",87431
"Sarah Thomas",71807
"Aisha Brown",66938
"Nina Anderson",80377
"Luke Davis",73931
"Olivia Walker",88020
"Karen Brown",73626
"Karen Kumar",65713
"Emily Wilson",60741
"Daniel Thompson",75738
"Olivia Lewis",83303
"Sarah Williams",71164
"Sarah Lewis",65215
"David Iyer",80583
"Ananya Wilson",695267
"Luke Thomas",61231
"Michael Sharma",68504
"Leo Singh",66798
"Daniel Johnson",67226
"John Iyer",91738
"Aisha Iyer",67364
"David Johnson",92143
"Priya Davis",81420
"Daniel Iyer",79340
"Nina Williams",75224
"Olivia Johnson",75863
"John Thomas",61769
"Sophia Brown",94354
"Michael Taylor",58928
"Olivia Iyer",59082
"Michael Johnson",63189
"Leo Gupta",63176
"Nina Smith",84848
"Kiran Taylor",83947
"Emily Smith",78344
"Rohit Miller",68507
"Sarah Davis",63696
"Nina Brown",74537
"Luke Anderson",61111
"Aisha Gupta",80978
"Kiran Gupta",73419
"Karen Thompson",94752
"Vikram Gupta",90047
"Luke Kumar",60991
"Emily Thompson",79151
"Ananya Lewis",74926
"Nina Smith",89072
"John Kumar",76330
"Karen Singh",62678
"David Thompson",71293
"Leo Taylor",62047
"Arun Miller",85007
"Leo Williams",62794
"David Wilson",73616
"Vikram Thompson",70598
"Michael Singh",60015
"Sarah Gupta",70323
"Sarah Wilson",64235
"Priya Johnson",88603
"Sarah Walker",66667
"Sophia Smith",64590
"Vikram Williams",78365
"Linda Sharma",74690
"Arun Smith",89261
"Emily Patel",86615
"Kiran Brown",73432
"Linda Anderson",62205
"Leo Smith",68253
"Vikram Anderson",76012
"Sophia Davis",65011
"Nina Lewis",82127
"Priya Singh",69891
"David Kumar",74440
"John Iyer",86187
"Ananya Sharma",72336
"Priya Taylor",69254
"Leo Kumar",60519
"Rohit Iyer",69369
"Luke Singh",85257
"John Sharma",84067
"Sarah Taylor",65526
"Leo Brown",95275
"Arun Sharma",73053
"Ananya Wilson",94437
"Karen Patel",72307
"John Brown",72043
"Sarah Smith",76467
"Michael Miller",63678
"Linda Lewis",60122
"Sarah Taylor",69615
"Luke Iyer",81510
"Nina Iyer",61776
"Sophia Walker",88605
"Emily Walker",73727
"Daniel Williams",69767
"Michael Thompson",63220
"Luke Kumar",66666
"Olivia Gupta",61594
"Rohit Brown",75192
"Nina Patel",75695
"Daniel Iyer",86945
"Nina Brown",61633
"Arun Sharma",70625
"Priya Sharma",65491
"Priya Johnson",75096
"Priya Singh",99466
"Ananya Singh",72526
"David Brown",61248
"Arun Kumar",87371
"Luke Walker",60568
"Leo Wilson",87792
"John Davis",68090
"Karen Singh",98355
"Arun Iyer",81326
"Rohit Miller",61454
"Ananya Brown",72142
"Olivia Lewis",68946
"Priya Wilson",66263
"Ananya Thompson",88372
"Nina Williams",63449
"Vikram Thompson",70345
"Daniel Brown",67053
"Daniel Sharma",92636
"Karen Wilson",60102
"Kiran Thompson",65731
"Leo Smith",69225
"Daniel Lewis",61570
"Nina Anderson",92337
"Sophia Patel",80003
"David Davis",65856
"Arun Davis",76858
"Nina Davis",59511
"Aisha Lewis",93981
"David Johnson",61302
"Michael Thompson",74789
"Rohit Gupta",63501
"David Iyer",90774
"Karen Taylor",73763
"Nina Brown",80033
"Olivia Smith",78765
"Nina Kumar",71692
"Leo Smith",67865
"Ananya Sharma",77013
"Kiran Walker",66758
"Ananya Kumar",70874
"Ananya Thompson",60689
"Karen Thompson",67469
"David Taylor",60257
"David Walker",76446
"Sophia Walker",80015
"Kiran Walker",62110
"David Smith",59467
"Sophia Miller",61606
"John Brown",67008
"John Gupta",79786
"Ananya Patel",68027
"Vikram Patel",69983
"Emily Taylor",67745
"Nina Gupta",73240
"Nina Kumar",64797
"Rohit Singh",62696
"Ananya Iyer",71209
"Vikram Thompson",68638
"Nina Thompson",82192
"Luke Miller",88629
"Olivia Wilson",66661
"Karen Brown",87324
"Kiran Thompson",63878
"David Smith",70593
"Michael Brown",76893
"Ananya Iyer",82433
"Arun Johnson",74548
"Rohit Lewis",88540
"Sophia Miller",76184
"Linda Thomas",68146
"Kiran Thompson",74395
"Nina Miller",72414
"Priya Brown",78875
"Rohit Thomas",89566
"Emily Brown",60666
"Aisha Kumar",80449
"Aisha Williams",95091
"Sophia Walker",95104
"Sophia Iyer",66551
"Emily Smith",63229
"Linda Williams",59858
"Leo Patel",79046
"Michael Walker",69184
"Kiran Anderson",81071
"Sarah Thomas",65339
"Karen Smith",74656
"Sarah Iyer",97888
"Linda Lewis",88195
"Emily Smith",80879
"Nina Taylor",80728
"Aisha Lewis",60135
"John Smith",60020
"Arun Smith",80018
"Daniel Wilson",64927
"Aisha Brown",88860
"Daniel Thomas",76864
"Arun Kumar",98613
"Leo Sharma",58727
"Michael Kumar",60424
"Leo Brown",77650
"Arun Gupta",75794
"John Johnson",76626
"Leo Thomas",67754
"Michael Iyer",71759
"Kiran Smith",62931
"Ananya Singh",69122
"Ananya Davis",94251
"Sarah Miller",64586
"Nina Patel",74599
"Sarah Davis",67245
"Nina Brown",78854
"Sophia Lewis",87820
"Kiran Kumar",67399
"Michael Thomas",67211
"Nina Williams",89644
"Olivia Smith",70318
"Linda Walker",89567
"Arun Smith",72877
"Rohit Taylor",69015
"Nina Sharma",78780
"Sophia Johnson",69334
"Emily Patel",73260
"Luke Johnson",70584
"Olivia Kumar",64619
"Sarah Thompson",83564
"Karen Davis",70485
"Nina Davis",89065
"Luke Brown",96978
"Leo Wilson",97453
"Emily Smith",96423
"Aisha Walker",70942
"Aisha Taylor",62314
"Arun Singh",68665
"Arun Kumar",59543
"Rohit Walker",95323
"Priya Gupta",60545
"Arun Singh",79777
"John Smith",64836
"Rohit Walker",91316
"Priya Walker",77915
"Linda Johnson",64453
"Priya Singh",98850
"Michael Kumar",88736
"Ananya Smith",65031
"Rohit Williams",75929
"Aisha Lewis",89694
"Emily Iyer",58876
"Sarah Miller",71037
"Emily Anderson",80733
"Linda Wilson",75193
"Sophia Singh",81842
"Kiran Kumar",68942
"Olivia Anderson",89086
"David Wilson",73227
"Olivia Singh",61354
"Kiran Anderson",75701
"David Iyer",73402
"Sarah Lewis",67926
"Leo Davis",77066
"Sarah Singh",64741
"David Walker",71661
"Vikram Davis",70800
"Olivia Johnson",70454
"Karen Iyer",65411
"Kiran Smith",92616
"Sophia Thompson",82236
"Arun Davis",82448
"Linda Anderson",72860
"Aisha Smith",77968
"Rohit Kumar",81612
"Michael Wilson",63786
"Leo Iyer",70482
"Rohit Taylor",61774
"Emily Williams",86338
"Rohit Wilson",72423
"Arun Williams",63953
"Kiran Smith",60516
"Luke Singh",68153
"Luke Miller",79703
"Arun Kumar",82774
"Aisha Thompson",65601
"Linda Kumar",90174
"Luke Anderson",67378
"Leo Wilson",71302
"Olivia Wilson",90093
"Linda Kumar",83649
"David Wilson",99491
"Linda Wilson",78422
"Kiran Smith",72224
"Kiran Davis",96141
"Aisha Thomas",70690
"Sophia Thomas",76309
"Olivia Brown",69408
"Ananya Thompson",88098
"Sophia Brown",76876
"Daniel Williams",59784
"Karen Smith",59921
"Karen Singh",71413
"John Lewis",63587
"Arun Gupta",67960
"Emily Kumar",89249
"Michael Kumar",86617
"Daniel Patel",68110
"Priya Thomas",90389
"Aisha Davis",95483
"Olivia Sharma",73423
"Nina Wilson",73144
"David Taylor",63800
"Emily Walker",88797
"Michael Taylor",62308
"Linda Smith",63920
"Karen Thomas",66032
"Priya Lewis",66500
"Daniel Sharma",82235
"Ananya Johnson",68281
"Leo Davis",68385
"Kiran Thompson",99174
"Ananya Anderson",74347
"Linda Williams",68983
"Priya Brown",83244
"Karen Patel",64834
"Nina Walker",87189
"John Wilson",83720
"Aisha Wilson",64751
"Aisha Miller",64893
"John Singh",76834
"Luke Kumar",79256
"John Wilson",64319
"Michael Davis",69597
"Aisha Thomas",82715
"Leo Brown",79986
"Linda Brown",84854
"Olivia Johnson",88192
"Emily Sharma",82886
"Kiran Williams",76713
"Vikram Thomas",72416
"John Smith",82639
"Olivia Sharma",82520
"Rohit Thomas",70040
"Kiran Thompson",67355
"Sarah Smith",81942
"Rohit Thompson",75190
"Aisha Williams",61128
"Emily Taylor",72357
"Kiran Anderson",78152
"Sarah Smith",90396
"Emily Patel",89088
"Daniel Walker",58567
"Michael Smith",76761
"Sophia Davis",70866
"Michael Taylor",66568
"Linda Iyer",82237
"Karen Johnson",92107
"Sophia Walker",99417
"Olivia Wilson",86970
"Michael Gupta",95710
"Ananya Miller",86156
"Vikram Sharma",64270
"Karen Thompson",59609
"Priya Iyer",67539
"Leo Johnson",59544
"Michael Taylor",76906
"Emily Patel",71244
"Leo Patel",69073
"Arun Walker",77639
"Sophia Smith",94779
"Nina Lewis",59182
"Priya Kumar",65215
"Vikram Wilson",67577
"Daniel Thompson",79401
"Michael Miller",71372
"Sarah Iyer",88876
"Priya Kumar",60125
"Vikram Singh",67239
"Olivia Thomas",68024
"Linda Davis",71611
"Luke Gupta",73208
"Ananya Smith",67590
"Ananya Smith",63614
"Karen Smith",94211
"Ananya Walker",72638
"Luke Smith",61335
"John Gupta",66663
"Rohit Miller",84883
"David Williams",71844
"Priya Wilson",73875
"Daniel Sharma",62616
"Michael Thompson",66877
"Luke Gupta",61957
"John Taylor",73656
"Aisha Anderson",72532
"Arun Singh",61131
"Luke Singh",63638
"Luke Williams",61089
"Emily Anderson",60776
"Kiran Miller",65886
"Arun Smith",96664
"Priya Smith",59514
"Ananya Gupta",83203
"Vikram Kumar",72559
"Sarah Brown",59841
"Ananya Anderson",79209
"Luke Miller",63420
"David Davis",75019
"Nina Smith",69848
"Emily Lewis",69416
"Kiran Singh",66912
"Leo Williams",65649
"Emily Brown",88310
"Ananya Patel",73154
"Vikram Sharma",95833
"Leo Johnson",90524
"Luke Sharma",70820
"Michael Wilson",61108
"Luke Thomas",93699
"Vikram Williams",77547
"Linda Walker",64913
"Leo Anderson",61266
"Luke Thompson",66558
"David Kumar",78051
"David Smith",74254
"Ananya Taylor",61000
"Nina Thomas",77564
"Priya Patel",65464
"Olivia Thompson",94179
"Kiran Walker",60570
"Priya Thompson",83022
"Arun Williams",71250
"David Iyer",79932
"Rohit Brown",74443
"David Kumar",70646
"Vikram Kumar",83353
"John Gupta",59734
"Leo Lewis",69513
"Arun Sharma",59378
"David Wilson",98936
"David Walker",88510
"Linda Gupta",80500
"Karen Brown",70141
"John Sharma",64207
"Priya Sharma",63095
"David Anderson",59680
"Luke Walker",82817
"Rohit Miller",83404
"Luke Williams",85567
"Priya Davis",66249
"Kiran Walker",83851
"Vikram Anderson",89565
"Nina Lewis",65253
"Daniel Wilson",87884
"Sarah Williams",61170
"Linda Taylor",68168
"Michael Iyer",94861
"Daniel Patel",82601
"Sophia Iyer",83645
"David Lewis",92840
"Vikram Anderson",82674
"Sophia Iyer",78263
"David Kumar",96726
"Michael Singh",83515
"Karen Singh",83913
"Daniel Walker",72353
"Leo Lewis",84305
"Priya Davis",90499
"John Singh",63840
"Vikram Wilson",71466
"Rohit Miller",81776
"Arun Davis",61322
"Arun Johnson",69047
"Arun Anderson",96675
"Ananya Johnson",83592
"Sophia Thomas",60598
"Ananya Brown",61309
"John Sharma",98862
"Olivia Brown",68734
"Karen Thompson",76177
"Rohit Wilson",86879
"Sarah Davis",89646
"Olivia Taylor",59325
"Nina Williams",70857
"Sarah Walker",63116
"Leo Thompson",93339
"Michael Davis",90271
"Luke Sharma",62387
"David Johnson",59440
"Nina Singh",64856
"Rohit Smith",74095
"Priya Brown",59139
"Leo Smith",59637
"Ananya Iyer",71999
"John Johnson",79335
"Nina Wilson",60273
"Linda Smith",87009
"Olivia Kumar",95525
"Aisha Davis",81350
"Aisha Williams",68538
"Olivia Williams",74348
"Sophia Kumar",74603
"Olivia Davis",85255
"Daniel Kumar",89053
"Luke Iyer",71831
"Michael Davis",67353
"Nina Brown",86961
"Michael Sharma",90445
"Vikram Thompson",83312
"Kiran Gupta",87376
"Sarah Kumar",82549
"John Thompson",74648
"Karen Smith",67804
"Linda Singh",64533
"Sarah Wilson",59513
"David Walker",61600
"Sarah Thomas",64399
"Karen Miller",70230
"Leo Johnson",60739
"Sarah Wilson",78546
"Daniel Iyer",74354
"Karen Wilson",76310
"Vikram Sharma",99607
"Leo Kumar",94570
"Luke Singh",70784
"Michael Kumar",61950
"Luke Williams",62451
"Aisha Williams",67663
"Daniel Anderson",98874
"Luke Patel",89599
"Ananya Wilson",85608
"Vikram Wilson",84013
"Olivia Gupta",91834
"Sophia Patel",62411
"Priya Brown",68121
"Vikram Smith",62227
"Nina Singh",71256
"John Kumar",81368
"David Kumar",76795
"Karen Walker",73375
"Luke Lewis",60509
"Daniel Patel",90546
"Sophia Brown",94561
"Michael Johnson",60856
"Leo Patel",58829
"Olivia Lewis",91622
"Vikram Thomas",83956
"Emily Lewis",93527
"Nina Thompson",59673
"David Iyer",91038
"David Thomas",90980
"Daniel Patel",70523
"Kiran Brown",71217
"Leo Johnson",81276
"Leo Thompson",84470
"Sarah Singh",78312
"Ananya Patel",87264
"Linda Johnson",78844
"Daniel Williams",61858
"Daniel Miller",95250
"Rohit Lewis",58787
"Luke Johnson",62085
"Emily Patel",67097
"Emily Williams",63743
"Olivia Thomas",69893
"Nina Miller",72509
"David Taylor",66109
"Luke Johnson",98424
"Rohit Davis",58583
"Sarah Taylor",68737
"Vikram Davis",73783
"David Brown",69620
"Kiran Lewis",73882
"Ananya Anderson",99945
"Karen Patel",81535
"Daniel Thompson",78337
"Kiran Patel",73143
"Luke Williams",58907
"Olivia Brown",91160
"Arun Johnson",85821
"Vikram Davis",66153
"Luke Williams",68905
"Olivia Davis",64941
"Aisha Taylor",59486
"Rohit Davis",62279
"Aisha Johnson",68402
"Olivia Johnson",86964
"Leo Williams",75095
"Linda Kumar",67610
"Rohit Thompson",82478
"Emily Williams",66786
"Luke Williams",66058
"Michael Miller",75389
"Leo Taylor",73740
"David Miller",79340
"Olivia Gupta",69460
"Olivia Davis",71384
"Luke Patel",68808
"Nina Williams",85727
"Aisha Anderson",72334
"Emily Gupta",62469
"Priya Kumar",92412
"Sophia Smith",68690
"Aisha Anderson",63191
"Linda Taylor",62885
"Daniel Davis",58673
"Leo Walker",87305
"Michael Miller",79282
"Emily Thomas",90399
"Daniel Thomas",60600
"Sophia Miller",88392
"Daniel Thomas",88495
"Sophia Sharma",87227
"Michael Gupta",88408
"Daniel Williams",61977
"Vikram Sharma",91286
"Vikram Johnson",63703
"Leo Sharma",62252
"Luke Sharma",58660
"Sophia Anderson",83232
"Emily Kumar",91077
"Sarah Thomas",61319
"Priya Miller",67493
"Luke Kumar",61033
"Nina Patel",90377
"Daniel Williams",79225
"Priya Taylor",72500
"Daniel Thomas",82148
"Priya Singh",64666
"Ananya Brown",77465
"Rohit Wilson",63427
"Vikram Thompson",69383
"Arun Anderson",85758
"Vikram Johnson",80465
"Sarah Patel",77305
"Sophia Wilson",67587
"Emily Brown",71717
"Karen Lewis",84147
"Sophia Davis",76553
"John Taylor",66863
"Emily Davis",79182
"Michael Patel",99546
"Nina Miller",58554
"Emily Brown",92511
"Ananya Miller",61573
"Emily Smith",69420
"Vikram Miller",89109
"Linda Thompson",66645
"Luke Anderson",66944
"John Thompson",67515
"Leo Walker",61086
"Priya Anderson",78730
"Ananya Brown",92305
"Ananya Thomas",63082
"David Kumar",76369
"Michael Davis",68083
"Sarah Singh",71016
"Emily Anderson",93440
"Vikram Patel",76464
"Linda Kumar",74400
"Ananya Brown",64012
"Priya Smith",62490
"Karen Miller",79461
"Sophia Kumar",82609
"Arun Lewis",72771
"Linda Kumar",66152
"Kiran Taylor",85538
"David Walker",68915
"Karen Patel",62912
"Priya Gupta",76064
"Kiran Smith",96467
"Luke Kumar",63218
"Luke Johnson",95239
"Linda Wilson",61382
"Ananya Iyer",59429
"Nina Singh",64467
"Arun Wilson",77282
"Linda Anderson",97892
"Ananya Lewis",88391
"Michael Kumar",59673
"Arun Thompson",72195
"Karen Sharma",93537
"Olivia Kumar",75857
"Daniel Anderson",98831
"Leo Iyer",65671
"Rohit Thompson",62926
"Emily Johnson",59723
"Leo Miller",70161
"Aisha Brown",89540
"Arun Johnson",94945
"Kiran Williams",70900
"John Kumar",92809
"Michael Kumar",89929
"Sophia Miller",73925
"Vikram Lewis",72215
"Emily Thompson",75978
"Sarah Iyer",63982
"John Davis",99448
"Daniel Taylor",69591
"Arun Singh",86711
"Kiran Patel",66567
"Sophia Kumar",92773
"Vikram Taylor",82542
"Karen Singh",91552
"Sophia Wilson",84117
"Arun Patel",63763
"Sophia Anderson",66110
"David Williams",89152
"Nina Anderson",64716
"Michael Iyer",63517
"John Miller",59308
"Ananya Thomas",72231
"Emily Miller",62120
"Karen Patel",78342
"Rohit Anderson",92903
"Olivia Anderson",68507
"Karen Kumar",68761
"Karen Smith",76148
"Sophia Thomas",93116
"Emily Taylor",67414
"Leo Thompson",62110
"John Wilson",84625
"Rohit Gupta",62065
"Emily Smith",70025
"Linda Patel",82605
"Aisha Lewis",82841
"Aisha Sharma",94514
"Michael Taylor",69269
"Arun Taylor",72300
"Arun Brown",82945
"Priya Smith",65279
"Olivia Johnson",67667
"Michael Singh",59387
"Ananya Thompson",85626
"David Miller",59206
"John Miller",59235
"Nina Williams",84066
"Arun Gupta",62319
"Ananya Kumar",72316
"Arun Johnson",62955
"Aisha Smith",62441
"Aisha Patel",75725
"Rohit Patel",63384
"Karen Walker",86164
"Leo Singh",70420
"Linda Thompson",67593
"David Williams",64622
"Kiran Lewis",82549
"Luke Wilson",73497
"Vikram Anderson",62221
"Leo Miller",88604
"Sarah Wilson",68238
"Daniel Smith",80193
"David Williams",76753
"Karen Anderson",92478
"Daniel Smith",68835
"Nina Patel",64486
"Karen Williams",84697
"Linda Taylor",84092
"John Lewis",78906
"David Miller",64760
"Daniel Anderson",76080
"Aisha Anderson",95186
"Aisha Thompson",60340
"Arun Lewis",73143
"John Lewis",71083
"Arun Miller",72480
"Daniel Thompson",78223
"Sarah Thomas",79847
"Nina Taylor",71021
"Vikram Smith",85311
"Linda Gupta",76044
"Rohit Smith",58782
"Olivia Walker",85289
"David Taylor",78974
"Aisha Sharma",66773
"Aisha Thompson",92126
"Daniel Miller",65367
"David Johnson",72905
"Linda Thomas",64945
"Nina Thomas",69784
"Ananya Taylor",79222
"Sophia Lewis",82038
"David Kumar",66571
"Olivia Williams",73290
"Karen Davis",93918
"David Patel",83809
"Nina Anderson",91095
"Sarah Anderson",84687
"Priya Thompson",67937
"Rohit Brown",96970
"John Davis",70312
"Sophia Taylor",62917
"Daniel Thomas",68506
"Luke Anderson",78567
"Vikram Singh",93857
"Aisha Lewis",86269
"Sophia Williams",58984
"Linda Sharma",81283
"Luke Thompson",64427
"Vikram Miller",65086
"Priya Taylor",61721
"Michael Johnson",58573
"John Davis",86640
"Emily Thomas",95533
"Sarah Miller",73805
"Michael Thomas",72257
"Sophia Singh",86386
"Daniel Davis",61429
"Karen Smith",59161
"Sophia Anderson",90872
"Aisha Sharma",74445
"Rohit Brown",71980
"Emily Thompson",83354
"John Iyer",63944
"Nina Kumar",62218
"Daniel Brown",83449
"Kiran Thomas",81350
"Vikram Singh",81134
"Daniel Sharma",74287
"Arun Miller",80190
"Linda Gupta",81682
"Emily Sharma",72084
"Sarah Johnson",67178
"Rohit Davis",90858
"Arun Williams",61423
"Sarah Iyer",66902
"Leo Davis",92807
"Linda Smith",64389
"Vikram Anderson",60589
"Daniel Thompson",63871
"Vikram Williams",98826
"Priya Johnson",70733
"Aisha Thompson",67567
"David Davis",85463
"Rohit Thomas",61026
"Luke Davis",72771
"Sarah Iyer",74470
"John Sharma",75488
"Sophia Singh",94798
"Arun Williams",64513
"Olivia Thompson",78900
"Priya Thompson",67918
"Linda Smith",72537
"Olivia Thompson",64868
"Michael Patel",82650
"Sophia Brown",64008
"Priya Williams",64425
"Vikram Patel",61170
"John Davis",86010
"Linda Lewis",88440
"John Davis",94334
"Ananya Iyer",88343
"Emily Smith",76034
"Vikram Taylor",65768
"Michael Williams",61835
"Vikram Gupta",92580
"Leo Sharma",65617
"John Davis",91320
"Rohit Sharma",63250
"Sarah Gupta",93544
"Sophia Taylor",71711
"Karen Thompson",88580
"Kiran Kumar",86066
"Priya Iyer",91636
"Rohit Thompson",59536
"Rohit Thomas",76177
"John Iyer",94996
"John Iyer",91535
"Olivia Taylor",86173
"Ananya Thomas",78888
"Vikram Gupta",64908
"David Thompson",65419
"Sophia Patel",70324
"Ananya Kumar",69620
"Rohit Singh",60200
"John Thomas",79759
"Olivia Singh",60935
"Daniel Sharma",61603
"Kiran Miller",83651
"Luke Singh",79214
"David Williams",99404
"Daniel Thompson",80255
"John Taylor",62269
"Arun Wilson",72983
"Emily Smith",76517
"Rohit Anderson",92518
"John Brown",65241
"Leo Gupta",69753
"Luke Johnson",85817
"Linda Patel",85691
"Linda Lewis",96768
"Nina Walker",66188
"Arun Thompson",81850
"Leo Lewis",85020
"Nina Singh",94995
"Aisha Singh",97407
"Sophia Miller",98834
"Daniel Walker",89900
"Vikram Sharma",97467
"Karen Brown",72966
"Karen Walker",69018
"Karen Taylor",81586
"Arun Lewis",79352
"John Anderson",62847
"Olivia Thomas",58971
"Olivia Taylor",65134
"John Brown",59637
"Sophia Sharma",74201
"David Gupta",58818
"Linda Kumar",99230
"Sarah Iyer",74210
"Priya Kumar",60228
"Vikram Walker",81160
"Leo Johnson",87974
"Rohit Smith",91049
"John Davis",78244
"David Kumar",87218
"Luke Singh",78915
"Priya Miller",87738
"Aisha Patel",91158
"Vikram Anderson",88453
"Linda Kumar",68493
"Emily Miller",74588
"Karen Lewis",60704
"Sarah Singh",66044
"Sarah Smith",90946
"Leo Thompson",59912
"Ananya Singh",59370
"Michael Kumar",59173
"Daniel Johnson",67216
"Leo Wilson",77381
"Aisha Brown",59007
"Luke Anderson",67827
"Nina Singh",67780
"Olivia Davis",91764
"Nina Johnson",76088
"Karen Thompson",80096
"Leo Smith",70037
"Rohit Walker",90232
"Priya Wilson",70186
"Karen Thompson",79288
"John Walker",71036
"Emily Walker",87625
"Emily Johnson",74228
"Sophia Singh",69900
"Rohit Taylor",58642
"Nina Miller",62081
"Linda Sharma",76072
"Linda Smith",76581
"Leo Lewis",78516
"Ananya Kumar",81314
"Karen Thomas",71120
"Nina Thompson",68230
"David Wilson",74858
"Sarah Taylor",87042
"Olivia Thompson",91590
"Luke Gupta",64402
"Emily Gupta",82953
"Kiran Sharma",75965
"John Anderson",66371
"Michael Williams",91950
"Arun Singh",79660
"Leo Smith",59423
"Sarah Wilson",82297
"Nina Smith",71015
"David Sharma",64940
"Aisha Taylor",64212
"Linda Thompson",92455
"Aisha Taylor",81746
"Luke Brown",62867
"Priya Wilson",70016
"Daniel Gupta",85472
"Emily Williams",65043
"Vikram Williams",86071
"Olivia Taylor",66573
"Daniel Patel",96143
"Vikram Williams",65902
"Priya Davis",63329
"Nina Smith",92078
"Priya Thompson",59528
"Michael Johnson",63961
"Nina Kumar",86863
"Sarah Gupta",67803
"Vikram Smith",60772
"Kiran Kumar",76240
"Kiran Williams",71097
"Emily Johnson",74181
"Karen Walker",59376
"Linda Brown",90123
"Michael Singh",75945
"Leo Sharma",76224
"Emily Davis",89814
"Karen Johnson",85584
"Rohit Brown",65229
"Linda Thompson",87718
"Karen Johnson",84306
"Priya Taylor",77396
"Luke Patel",58859
"Linda Thomas",79983
"Linda Brown",79303
"Nina Brown",95779
"Daniel Patel",74855
"Leo Thomas",85862
"Aisha Thomas",67043
"John Wilson",97211
"Daniel Gupta",74806
"Olivia Iyer",59335
"Aisha Thompson",87749
"John Gupta",62923
"Daniel Johnson",62036
"John Thomas",82863
"Rohit Kumar",81515
"Sophia Davis",95534
"Vikram Patel",63139
"Sarah Smith",65441
"Priya Patel",67166
"Priya Kumar",76675
"Sarah Williams",70138
"Sarah Taylor",67459
"Priya Davis",81926
"Vikram Iyer",61211
"Kiran Brown",82952
"Aisha Iyer",64751
"Ananya Walker",61786
"Nina Johnson",76642
"Linda Thompson",65799
"Aisha Miller",77391
"Vikram Thomas",83352
"Vikram Taylor",69886
"Sarah Wilson",80342
"Daniel Sharma",77898
"David Anderson",77459
"Kiran Brown",82233
"David Davis",68831
"Linda Davis",85207
"Aisha Sharma",63418
"Emily Smith",64476
"Priya Singh",89135
"Leo Anderson",84926
"Sarah Patel",69239
"Sophia Lewis",89162
"Vikram Taylor",65812
"Luke Gupta",95198
"Arun Walker",93795
"Rohit Smith",98953
"David Singh",87821
"Luke Patel",83293
"Sophia Sharma",66669
"Karen Singh",89139
"Rohit Singh",63860
"Nina Lewis",58679
"Linda Thomas",66352
"Priya Singh",67001
"Sarah Gupta",74508
"Luke Anderson",76471
"Karen Thomas",96589
"Sophia Gupta",80023
"Rohit Brown",65347
"David Anderson",77548
"Karen Walker",71953
"Karen Thompson",84426
"Sophia Miller",79583
"Karen Smith",88520
"Nina Iyer",62742
"Kiran Williams",70052
"Aisha Taylor",85030
"Luke Lewis",73981
"Rohit Thomas",62508
"Priya Sharma",70987
"Emily Walker",78765
"Linda Walker",72891
"John Brown",80581
"Ananya Wilson",69316
"Olivia Sharma",86344
"John Miller",94812
"Olivia Wilson",74446
"Priya Walker",73851
"Daniel Miller",63515
"Arun Iyer",95741
"Aisha Wilson",93017
"Emily Lewis",60267
"Leo Thomas",94950
"Priya Davis",78590
"Vikram Johnson",67476
"Michael Thompson",70050
"Linda Lewis",58477
"Arun Walker",81951
"Emily Singh",64041
"Kiran Anderson",60250
"Aisha Wilson",72919
"Daniel Iyer",78157
"Arun Sharma",65778
"Emily Iyer",60488
"Olivia Smith",87573
"David Williams",61968
"Kiran Brown",79130
"Leo Lewis",62114
"Karen Kumar",80430
"Arun Miller",74310
"Leo Davis",61353
"Linda Wilson",77293
"Luke Williams",73581
"Daniel Taylor",72481
"Olivia Singh",67195
"Arun Walker",98478
"Vikram Iyer",75059
"Nina Davis",66378
"Linda Thomas",92793
"Ananya Johnson",73826
"Olivia Taylor",64377
"Luke Smith",81359
"David Brown",76763
"Priya Wilson",64343
"Emily Smith",76538
"Daniel Thompson",88643
"Kiran Patel",90822
"Olivia Thomas",63568
"Aisha Miller",75452
"Leo Lewis",73067
"Emily Johnson",78287
"David Smith",69856
"Sarah Taylor",77254
"Leo Lewis",65448
"David Wilson",65275
"Michael Gupta",84967
"Emily Brown",68888
"Ananya Thomas",72865
"David Gupta",71107
"Priya Patel",68253
"Arun Lewis",70716
"Emily Patel",88094
"Aisha Lewis",82837
"Vikram Brown",75558
"Linda Smith",83038
"Aisha Anderson",67585
"Luke Kumar",73673
"Leo Miller",63556
"Daniel Sharma",69440
"Sophia Lewis",69027
"Ananya Davis",62013
"Aisha Anderson",81471
"Arun Sharma",85591
"Karen Brown",58415
"David Thomas",71665
"John Thomas",96815
"Linda Brown",73074
"Priya Walker",82770
"Priya Johnson",79669
"Emily Thompson",65300
"Olivia Thompson",77672
"Ananya Lewis",99144
"John Singh",91785
"Olivia Kumar",73478
"Ananya Miller",79959
"Vikram Iyer",60507
"Linda Anderson",64465
"Luke Thomas",99529
"Sophia Anderson",68775
"Karen Brown",61856
"Arun Gupta",90393
"Priya Walker",89438
"Ananya Iyer",90882
"Karen Anderson",59047
"Arun Anderson",74885
"Leo Wilson",62660
"Linda Iyer",73550
"Rohit Singh",71531
"John Brown",72621
"Leo Thompson",79465
"Karen Walker",62155
"Priya Johnson",92982
"Arun Lewis",68458
"Linda Thompson",88395
"Emily Lewis",77370
"Karen Singh",83383
"Luke Thomas",60211
"Leo Kumar",73542
"Michael Lewis",83021
"John Anderson",60580
"Sarah Singh",83096
"Michael Sharma",61632
"Rohit Gupta",65983
"Sophia Iyer",97460
"Olivia Williams",66628
"Daniel Brown",73658
"Kiran Singh",67146
"Aisha Gupta",68803
"Rohit Anderson",81640
"Emily Gupta",78973
"Sarah Gupta",63956
"Ananya Thompson",86389
"Priya Lewis",96594
"Vikram Thompson",84623
"Leo Iyer",61674
"Linda Iyer",73973
"Karen Singh",64563
"Rohit Johnson",94742
"Rohit Johnson",58737
"Leo Kumar",87252
"Nina Thompson",85139
"Leo Iyer",72018
"Karen Patel",72780
"Daniel Kumar",77945
"John Lewis",74632
"Linda Johnson",61852
"Arun Davis",78490
"Linda Williams",60941
"Daniel Singh",91636
"Sophia Thomas",82877
"John Patel",60788
"Arun Gupta",78965
"Michael Kumar",71180
"Aisha Johnson",70014
"Linda Brown",82688
"Ananya Iyer",77589
"Sarah Anderson",85669
"Vikram Singh",83279
"Michael Thomas",60758
"Olivia Smith",60526
"Vikram Patel",65487
"Aisha Anderson",84930
"Kiran Anderson",67729
"Rohit Johnson",80151
"Priya Anderson",84000
"Daniel Thomas",92737
"Luke Walker",76387
"Ananya Thompson",89313
"Emily Sharma",69401
"Aisha Singh",68656
"Karen Brown",71799
"David Wilson",80196
"Kiran Thomas",80022
"Rohit Wilson",88123
"Sarah Thompson",75552
"Ananya Patel",62042
"Sophia Thomas",69713
"Sophia Miller",64979
"Daniel Singh",98147
"David Johnson",62057
"Priya Gupta",90807
"Luke Johnson",65822
"Emily Patel",78326
"Vikram Taylor",94212
"Luke Johnson",65433
"Aisha Wilson",62918
"Leo Gupta",73859
"Rohit Kumar",67636
"Sophia Gupta",63006
"Linda Sharma",59462
"Olivia Iyer",59111
"Linda Wilson",89710
"Sophia Kumar",68401
"Linda Gupta",73495
"Ananya Taylor",65189
"Emily Gupta",77373
"Rohit Williams",63555
"Sarah Miller",68309
"David Singh",93585
"Nina Johnson",94738
"Sarah Williams",59281
"Olivia Thompson",72765
"Kiran Taylor",84782
"Olivia Johnson",60858
"John Wilson",66164
"Leo Johnson",72913
"Rohit Miller",84300
"Karen Miller",93630
"David Sharma",64563
"Karen Brown",68337
"Michael Gupta",85989
"Daniel Brown",83616
"Linda Gupta",60308
"Leo Gupta",76990
"Emily Anderson",84496
"Emily Thompson",60789
"Kiran Brown",73263
"Arun Miller",92686
"Vikram Brown",75260
"David Thompson",60277
"Rohit Davis",74688
"Karen Wilson",76099
"Michael Smith",69098
"Sarah Davis",93686
"Karen Wilson",79009
"Vikram Singh",62579
"Sophia Anderson",97178
"Luke Johnson",79140
"Daniel Walker",61117
"Kiran Sharma",77385
"Sophia Johnson",72644
"Rohit Smith",66019
"Vikram Sharma",69131
"Kiran Wilson",75139
"Sophia Wilson",68092
"Linda Brown",72819
"Rohit Thomas",59074
"Karen Davis",74951
"Kiran Thomas",66716
"Kiran Walker",59000
"David Gupta",86198
"Sophia Thomas",67598
"Arun Thompson",67269
"Luke Lewis",62743
"Daniel Kumar",69400
"Olivia Iyer",91517
"Leo Thompson",59115
"Nina Davis",59655
"Sarah Wilson",86902
"Sarah Thomas",92296
"Leo Davis",76806
"Sarah Wilson",68053
"Kiran Singh",93924
"Emily Brown",60361
"Vikram Smith",89447
"Nina Smith",66376
"Aisha Sharma",61438
"Emily Lewis",79209
"Michael Kumar",62399
"David Davis",89179
"Ananya Wilson",80562
"Aisha Smith",86973
"Arun Brown",95078
"Arun Anderson",83016
"Sophia Anderson",82304
"Michael Kumar",82398
"Sophia Davis",86424
"Priya Anderson",61081
"John Wilson",66463
"Sarah Gupta",67970
"Luke Patel",78251
"Emily Johnson",59757
"John Davis",89219
"Sophia Anderson",68659
"David Anderson",78217
"Kiran Thomas",66293
"Ananya Anderson",69631
"Nina Taylor",98738
"Sophia Taylor",73232
"Emily Walker",82111
"Sarah Thomas",68508
"Leo Anderson",92074
"Aisha Sharma",78597
"David Kumar",78528
"Sarah Brown",82387
"Leo Taylor",61548
"Vikram Davis",66578
"Daniel Kumar",94420
"Rohit Sharma",78644
"Nina Taylor",97707
"Kiran Davis",94625
"Priya Thomas",99630
"Kiran Sharma",63036
"Sarah Thompson",89963
"Linda Walker",58676
"Michael Patel",85463
"Nina Miller",61974
"John Miller",62833
"Aisha Thomas",87660
"Leo Wilson",82579
"Priya Johnson",75924
"Aisha Thomas",68752
"Rohit Gupta",60942
"John Wilson",71307
"Linda Walker",89549
"David Davis",64616
"Arun Thompson",74300
"Kiran Brown",60991
"Linda Gupta",62930
"Emily Walker",58509
"Karen Wilson",66233
"Rohit Walker",61598
"Karen Thompson",77063
"Karen Singh",76631
"Daniel Johnson",65795
"Priya Walker",69774
"Daniel Anderson",96242
"Sophia Johnson",63172
"Sophia Johnson",63687
"Olivia Patel",70699
"Priya Anderson",97667
"David Thomas",82682
"Sophia Anderson",71462
"Daniel Iyer",69010
"Arun Thompson",63053
"Ananya Gupta",71391
"Sophia Patel",62586
"Daniel Wilson",71223
"Karen Patel",94398
"Nina Thompson",84446
"Olivia Taylor",70323
"Emily Lewis",66996
"Luke Miller",60204
"Sarah Williams",88340
"Vikram Anderson",73932
"Ananya Davis",70367
"Daniel Kumar",75448
"David Gupta",90975
"Sarah Miller",62610
"Luke Walker",86928
"Priya Patel",65788
"John Lewis",76397
"Sarah Davis",74667
"John Johnson",60976
"Rohit Singh",61906
"Luke Walker",68810
"Karen Wilson",90141
"Michael Patel",68104
"Rohit Thomas",60899
"David Smith",59165
"Nina Iyer",64696
"Ananya Singh",73378
"Michael Smith",68760
"David Patel",61110
"Olivia Gupta",85269
"Arun Lewis",89286
"Daniel Smith",61600
"David Thomas",74113
"John Thomas",78422
"Rohit Thomas",80059
"Sophia Sharma",59076
"Linda Thompson",66063
"Aisha Smith",85148
"David Walker",99547
"Priya Johnson",59569
"Rohit Singh",63178
"Linda Taylor",96129
"Olivia Brown",74547
"Arun Gupta",90527
"Arun Iyer",67763
"Luke Brown",85037
"Sarah Kumar",90297
"Vikram Wilson",69016
"Luke Sharma",76489
"David Walker",84435
"Luke Kumar",85759
"Leo Davis",61359
"Emily Walker",80489
"John Miller",86790
"Sarah Wilson",61550
"Luke Johnson",91958
"Luke Walker",99932
"Priya Singh",90353
"Leo Brown",60424
"Sarah Williams",61703
"Sarah Walker",64068
"Rohit Iyer",58855
"Sarah Patel",61940
"Arun Taylor",98366
"David Brown",64538
"Sarah Davis",79412
"David Wilson",59197
"Nina Kumar",88050
"Aisha Thompson",61955
"Kiran Lewis",88570
"Leo Brown",72659
"Luke Singh",74883
"Daniel Iyer",66438
"Emily Walker",77946
"Olivia Brown",65541
"John Johnson",89580
"Aisha Patel",64702
"Arun Brown",91512
"Linda Wilson",66670
"Linda Williams",74905
"Priya Thomas",85521
"Rohit Thomas",60712
"Kiran Williams",98676
"Rohit Anderson",66187
"John Patel",94732
"Karen Williams",72696
"Kiran Miller",82609
"Priya Patel",67411
"Aisha Williams",77080
"Karen Walker",62125
"Olivia Brown",60926
"Luke Iyer",98612
"Luke Lewis",58696
"Karen Kumar",69093
"Kiran Williams",62223
"Nina Williams",63342
"Sarah Iyer",76094
"Arun Wilson",77973
"Karen Thompson",96514
"Olivia Anderson",68629
"Luke Walker",72989
"Vikram Anderson",64506
"Priya Smith",65076
"Aisha Singh",64194
"Aisha Singh",70737
"Karen Patel",62313
"Leo Miller",89909
"Linda Lewis",85354
"Priya Smith",78553
"David Williams",93285
"Nina Walker",58918
"Vikram Johnson",59439
"Sophia Smith",62315
"Luke Miller",62170
"Olivia Singh",67004
"John Thompson",82254
"Priya Taylor",58708
"Rohit Kumar",86545
"Sarah Miller",58845
"Aisha Walker",69436
"Emily Thompson",92219
"Michael Brown",89148
"Priya Johnson",64002
"Ananya Lewis",63220
"Arun Walker",61250
"Karen Miller",82953
"Vikram Singh",60163
"Nina Johnson",59005
"Daniel Singh",75318
"John Thompson",71766
"Vikram Miller",65691
"Linda Gupta",78504
"Linda Smith",60575
"Michael Thomas",59942
"Arun Singh",80354
"Luke Thompson",74000
"Aisha Patel",69929
"David Lewis",81787
"John Gupta",59841
"Michael Anderson",84541
"John Johnson",73799
"Ananya Williams",72553
"Ananya Smith",60936
"Rohit Taylor",94028
"Ananya Walker",91037
"David Thompson",62708
"Luke Iyer",59781
"Priya Kumar",70898
"Arun Taylor",63352
"Vikram Gupta",67386
"Kiran Brown",79796
"Aisha Thomas",66200
"Sarah Singh",92881
"Ananya Kumar",68213
"Karen Miller",82647
"Karen Walker",88787
"Vikram Lewis",94295
"Linda Iyer",94339
"John Williams",62358
"Luke Gupta",66644
"Michael Williams",87139
"Kiran Johnson",85260
"Nina Sharma",91414
"Sophia Smith",64168
"Daniel Thompson",69781
"Leo Taylor",74709
"David Iyer",64185
"Karen Davis",76148
"Nina Miller",82976
"Sarah Taylor",63620
"Vikram Iyer",97985
"Ananya Kumar",59000
"Arun Davis",88319
"Vikram Smith",75804
"Michael Iyer",59913
"Sarah Brown",98631
"Daniel Brown",66659
"Aisha Smith",84874
"Vikram Thompson",59185
"Leo Sharma",65011
"Daniel Williams",82209
"Priya Thompson",63996
"Aisha Smith",77094
"David Williams",98340
"Kiran Taylor",65606
"Michael Walker",69766
"Emily Anderson",66169
"Leo Brown",69238
"Sophia Brown",75601
"Arun Patel",67341
"David Gupta",80522
"Arun Lewis",85693
"Kiran Lewis",65670
"Leo Smith",83764
"Arun Williams",63956
"Sarah Thompson",64015
"Nina Singh",75890
"Nina Williams",98793
"Sophia Patel",63569
"Karen Johnson",72391
"Rohit Brown",77729
"Daniel Kumar",92568
"Michael Wilson",77959
"Arun Sharma",69070
"Daniel Anderson",73702
"Ananya Patel",61275
"Aisha Kumar",64643
"Karen Gupta",63411
"Sarah Singh",83400
"Linda Thomas",85940
"David Johnson",70206
"Priya Smith",66964
"Linda Thomas",81041
"Sarah Wilson",98176
"Kiran Lewis",74357
"Priya Williams",84404
"Michael Brown",85109
"Nina Williams",79423
"David Singh",77113
"Karen Brown",59304
"Kiran Smith",94783
"Aisha Sharma",95305
"Arun Gupta",66032
"Daniel Wilson",98576
"Linda Williams",91196
"David Taylor",71899
"Priya Sharma",72970
"Nina Brown",79303
"David Kumar",85622
"Arun Kumar",62192
"Emily Taylor",81162
"Michael Taylor",90412
"Kiran Thompson",59342
"Emily Patel",72559
"Luke Thompson",95062
"John Singh",62658
"Arun Anderson",62608
"Leo Sharma",75553
"Rohit Davis",84036
"Arun Miller",59143
"Emily Kumar",71955
"Leo Patel",69376
"Vikram Kumar",62301
"Aisha Thomas",61346
"Sophia Johnson",72318
"Rohit Williams",64122
"David Patel",73885
"Nina Kumar",88851
"Nina Miller",90022
"Daniel Brown",95035
"Michael Miller",62008
"Daniel Johnson",78397
"Ananya Gupta",70940
"Aisha Kumar",68796
"Daniel Davis",88929
"Daniel Thomas",72814
"Ananya Gupta",65214
"Kiran Sharma",86056
"John Lewis",68254
"Leo Iyer",94129
"Luke Walker",63653
"Aisha Kumar",79624
"Sophia Miller",78261
"Rohit Taylor",65841
"Nina Anderson",70326
"Leo Sharma",65651
"Sophia Gupta",64344
"Karen Williams",75533
"Karen Brown",73000
"Sarah Smith",86397
"Linda Smith",59972
"Vikram Iyer",79713
"Rohit Davis",61760
"Rohit Thomas",71847
"Leo Patel",69345
"Olivia Williams",99495
"Michael Thompson",67146
"Olivia Wilson",88007
"David Gupta",64127
"Vikram Taylor",92990
"Sophia Davis",90206
"David Taylor",70109
"Arun Walker",79520
"Arun Williams",59917
"Arun Singh",74445
"Emily Davis",98885
"John Wilson",58873
"Aisha Gupta",69429
"Nina Williams",70269
"Aisha Iyer",83222
"Aisha Johnson",72118
"Karen Smith",64877
"David Iyer",88224
"Linda Iyer",94536
"Linda Kumar",97017
"Karen Iyer",98764
"Emily Kumar",84268
"Arun Gupta",61029
"Ananya Sharma",77977
"Emily Lewis",86231
"Leo Davis",74030
"Sophia Sharma",78325
"Rohit Thompson",59185
"Daniel Brown",88519
"Arun Thomas",73141
"Karen Kumar",64540
"Linda Lewis",75923
"Aisha Lewis",70581
"Leo Anderson",74444
"Luke Taylor",63311
"David Lewis",64239
"Emily Lewis",83394
"Kiran Singh",59596
"John Thompson",76261
"Nina Thomas",62579
"David Brown",96373
"Aisha Anderson",92830
"Olivia Patel",58902
"Sarah Miller",90142
"Linda Kumar",75065
"Leo Smith",66440
"Ananya Walker",60587
"Kiran Williams",73176
"Luke Thomas",92913
"Karen Thomas",83888
"Sarah Taylor",75391
"Emily Williams",86059
"Michael Sharma",67526
"Olivia Anderson",71045
"Nina Singh",93672
"Priya Wilson",76910
"Daniel Lewis",85062
"Ananya Taylor",92732
"Sophia Brown",59898
"Vikram Williams",65213
"Arun Wilson",61884
"Arun Smith",59808
"Vikram Sharma",85882
"Kiran Kumar",63149
"Daniel Taylor",66473
"Ananya Sharma",97108
"Luke Thompson",68961
"Rohit Walker",95610
"Ananya Anderson",86699
"Priya Smith",77576
"Olivia Kumar",71542
"Karen Singh",78728
"Kiran Smith",67042
"Karen Gupta",86213
"Kiran Walker",73010
"Sarah Taylor",84469
"Sophia Kumar",80883
"Olivia Davis",73204
"Emily Walker",84576
"Priya Walker",68266
"Luke Gupta",77182
"Karen Sharma",74214
"Ananya Singh",58829
"David Walker",92479
"Daniel Sharma",73991
"Olivia Patel",88567
"John Smith",61858
"Luke Wilson",62335
"Kiran Thomas",67944
"Sophia Williams",64398
"Nina Brown",59292
"Linda Lewis",67489
"Aisha Singh",99724
"Arun Singh",76573
"Karen Wilson",72388
"Priya Lewis",59046
"Aisha Thompson",68223
"Aisha Kumar",82843
"Luke Walker",62453
"Olivia Sharma",82093
"Priya Singh",75856
"Sarah Thompson",83765
"Linda Anderson",70821
"Rohit Brown",86066
"Priya Brown",74985
"Sophia Davis",63663
"Priya Gupta",88386
"Rohit Lewis",63949
"Emily Gupta",74282
"Karen Thompson",63665
"Aisha Davis",72194
"Rohit Thomas",89074
"Nina Kumar",70145
"Emily Thompson",83742
"Nina Taylor",89319
"Karen Davis",70256
"David Davis",76413
"Ananya Thompson",71827
"Emily Patel",63894
"Nina Iyer",98409
"Aisha Anderson",80926
"Nina Williams",61533
"Arun Gupta",62887
"Sarah Lewis",60947
"Nina Miller",70139
"Linda Iyer",69803
"Sarah Smith",83428
"Olivia Johnson",76195
"Karen Thomas",76629
"John Gupta",61624
"Daniel Lewis",59777
"Michael Miller",80613
"Luke Thompson",82245
"Daniel Johnson",69007
"Linda Williams",77265
"Arun Johnson",66856
"Vikram Johnson",68180
"Kiran Walker",62339
"Daniel Miller",86758
"Sophia Williams",91895
"Aisha Taylor",86443
"Sophia Smith",62042
"Rohit Gupta",64394
"Kiran Thomas",58668
"Leo Taylor",58479
"Kiran Anderson",76141
"Michael Taylor",97444
"Linda Sharma",67355
"Michael Lewis",59235
"Emily Thomas",60484
"Leo Williams",97682
"Ananya Davis",92528
"Arun Singh",72031
"Kiran Lewis",82872
"Leo Singh",68342
"Emily Brown",95466
"Vikram Lewis",74846
"Leo Taylor",93898
"John Johnson",66342
"Emily Patel",74520
"Sophia Williams",97870
"Sophia Miller",87949
"Linda Miller",68012
"Kiran Lewis",99036
"Nina Taylor",75941
"Sarah Sharma",59950
"Sarah Kumar",62634
"Sophia Johnson",91944
"Aisha Gupta",71738
"Sarah Patel",58614
"Vikram Thomas",63659
"Olivia Brown",98781
"Karen Brown",76770
"Luke Johnson",75168
"David Walker",60284
"Olivia Taylor",64698
"Luke Singh",60747
"Kiran Davis",66963
"Nina Taylor",85283
"Daniel Patel",72127
"Leo Thompson",98804
"Vikram Walker",80498
"Nina Miller",81141
"Arun Taylor",67145
"Nina Williams",74876
"Luke Thomas",72852
"Michael Miller",91118
"Emily Davis",72396
"Arun Miller",98894
"Priya Smith",64195
"Priya Gupta",95105
"Emily Lewis",89553
"Priya Wilson",63744
"Vikram Iyer",84336
"Vikram Sharma",58943
"Michael Sharma",59740
"Karen Smith",63207
"Karen Anderson",63316
"Daniel Gupta",93824
"Emily Iyer",73358
"John Anderson",78595
"David Kumar",59340
"Ananya Singh",78637
"Daniel Iyer",68932
"Luke Smith",81311
"Emily Kumar",78779
"Kiran Davis",87596
"David Gupta",67424
"Sophia Taylor",87102
"Kiran Taylor",76070
"Aisha Miller",65941
"Rohit Taylor",64312
"Ananya Brown",59301
"Emily Walker",73618
"Michael Lewis",67471
"Daniel Taylor",74868
"Luke Anderson",71681
"Sophia Miller",72200
"David Anderson",75529
"Nina Singh",90846
"Ananya Davis",88425
"Emily Iyer",78699
"Nina Gupta",70882
"Karen Anderson",83629
"Nina Patel",71055
"Olivia Davis",63008
"Rohit Williams",92012
"Olivia Walker",60041
"Karen Sharma",69668
"John Walker",60378
"John Kumar",78707
"Sophia Williams",72577
"Luke Thomas",85034
"Rohit Wilson",91561
"Priya Brown",67106
"Vikram Smith",63392
"Daniel Iyer",60687
"Olivia Williams",69018
"Sophia Brown",69250
"Aisha Williams",86942
"Emily Johnson",59210
"Sophia Kumar",80527
"Emily Iyer",66097
"Daniel Johnson",94531
"Kiran Taylor",59417
"Nina Walker",90033
"Daniel Miller",65037
"Priya Singh",59599
"Olivia Smith",94554
"John Singh",62816
"Daniel Wilson",81783
"Kiran Johnson",78069
"John Williams",62746
"Vikram Walker",64338
"Sarah Taylor",91871
"Rohit Thomas",82341
"Priya Davis",71595
"Daniel Brown",91425
"Leo Singh",88120
"Sophia Walker",58833
"Sophia Iyer",75770
"Leo Williams",70035
"Vikram Walker",68129
"Luke Johnson",66147
"Rohit Smith",81894
"Emily Gupta",77052
"Ananya Miller",80970
"Sophia Singh",94159
"Aisha Gupta",78645
"Emily Sharma",71838
"David Walker",98857
"Sophia Gupta",59473
"Aisha Iyer",63502
"Sophia Walker",87390
"Ananya Miller",71840
"Leo Miller",89419
"John Walker",94042
"Rohit Thomas",79649
"Michael Miller",78451
"Sophia Wilson",68218
"Emily Smith",75117
"Arun Wilson",89741
"Vikram Anderson",61888
"Emily Brown",81034
"Emily Iyer",76655
"Vikram Davis",60841
"Aisha Davis",68310
"Vikram Patel",67663
"Linda Walker",91689
"Arun Wilson",77460
"Leo Williams",60300
"David Miller",80379
"Emily Patel",82134
"Michael Thompson",67466
"John Thomas",64744
"Leo Williams",62152
"Linda Smith",76981
"Arun Patel",89839
"Daniel Davis",91164
"Daniel Walker",79762
"John Anderson",71573
"Vikram Singh",66509
"Luke Taylor",76654
"John Walker",76274
"Sophia Brown",75522
"Sarah Gupta",64891
"Vikram Johnson",81385
"Ananya Patel",95963
"John Williams",89256
"Arun Patel",73828
"Rohit Williams",91953
"Linda Anderson",65405
"Arun Patel",61825
"John Thompson",85606
"Sophia Brown",88571
"Sophia Brown",73870
"Sarah Johnson",77070
"Aisha Walker",86376
"Emily Kumar",74089
"Karen Miller",85192
"Rohit Lewis",82302
"Linda Thomas",69381
"Arun Davis",63812
"Olivia Gupta",67741
"Priya Smith",85036
"Rohit Lewis",78677
"Nina Lewis",73159
"Karen Anderson",59929
"John Kumar",73544
"Daniel Miller",84355
"Priya Thomas",78182
"Nina Wilson",91987
"Linda Thompson",66910
"Linda Iyer",71807
"Karen Taylor",59481
"Kiran Thompson",62789
"Luke Anderson",73446
"David Miller",60752
"Kiran Kumar",72050
"Aisha Johnson",64922
"Olivia Johnson",74961
"Vikram Kumar",92803
"Karen Taylor",90883
"Luke Johnson",80996
"Michael Thomas",59920
"Sarah Davis",66903
"John Miller",72899
"Luke Davis",62538
"Arun Taylor",79842
"Emily Taylor",78779
"Sarah Walker",73061
"Sophia Lewis",80210
"Rohit Sharma",70755
"Sophia Wilson",60989
"Kiran Kumar",74198
"Nina Lewis",71380
"Leo Sharma",80629
"Michael Thomas",84999
"Daniel Gupta",62377
"Karen Miller",62324
"Karen Thomas",74632
"Aisha Taylor",80505
"Priya Brown",91715
"Daniel Davis",62397
"Olivia Johnson",60360
"Emily Johnson",61383
"Priya Miller",71234
"Sarah Iyer",94344
"Linda Thomas",59970
"Priya Davis",86512
"Luke Iyer",87240
"Daniel Smith",69195
"Olivia Sharma",74020
"Sarah Walker",96927
"Leo Thomas",89642
"Daniel Thomas",69919
"John Miller",68680
"Sophia Wilson",90157
"Michael Thompson",71639
"Kiran Brown",80131
"Daniel Thompson",68608
"Michael Miller",77610
"Linda Walker",83698
"Arun Davis",75689
"Arun Anderson",67401
"Karen Williams",85295
"Linda Iyer",70818
"Ananya Miller",59537
"Daniel Miller",86600
"Sophia Brown",68729
"Daniel Singh",96413
"Emily Miller",82376
"Rohit Sharma",60038
"Nina Williams",72624
"Leo Anderson",84125
"Nina Brown",61731
"Ananya Miller",80968
"Luke Anderson",85584
"Linda Wilson",61603
"Emily Gupta",61351
"Rohit Walker",69110
"Leo Smith",62190
"Sophia Walker",63478
"Ananya Thomas",76192
"Rohit Kumar",83610
"Luke Iyer",88973
"Luke Smith",85666
"Michael Williams",82174
"David Wilson",67707
"Leo Walker",60410
"Leo Thompson",82745
"Luke Anderson",66000
"Daniel Miller",67466
"Olivia Patel",66028
"David Smith",64334
"David Davis",95953
"Aisha Miller",88929
"Aisha Johnson",61112
"Karen Thompson",69659
"Michael Thomas",58569
"Arun Walker",82806
"John Smith",65136
"Kiran Sharma",59721
"John Wilson",74394
"Ananya Walker",78742
"Kiran Davis",68916
"Ananya Iyer",78224
"Rohit Anderson",60668
"Emily Gupta",61505
"Luke Gupta",72447
"John Thompson",87368
"Kiran Gupta",67166
"Linda Gupta",62642
"Kiran Thompson",59485
"Nina Sharma",70200
"Sophia Thomas",69216
"John Wilson",92779
"Kiran Miller",60392
"Daniel Walker",63029
"Daniel Lewis",89775
"Sarah Thomas",77308
"Ananya Davis",81551
"Kiran Lewis",82750
"Sarah Thompson",65654
"Leo Lewis",63267
"Aisha Singh",73905
"Vikram Davis",65329
"Ananya Brown",81890
"Linda Iyer",62844
"Luke Thompson",66179
"Arun Thompson",90904
"Leo Wilson",79939
"Aisha Walker",64839
"Aisha Smith",84488
"Nina Miller",82018
"Karen Miller",79254
"Ananya Thompson",61878
"John Sharma",76755
"Ananya Gupta",70081
"Olivia Taylor",77798
"Luke Lewis",94072
"Sarah Taylor",85082
"Vikram Anderson",67325
"Sophia Lewis",79194
"Ananya Anderson",68493
"Nina Anderson",58531
"David Kumar",60770
"Michael Kumar",82263
"Ananya Smith",69520
"David Smith",70487
"Daniel Williams",94007
"Emily Iyer",75731
"Sarah Iyer",59247
"Arun Iyer",61039
"Aisha Anderson",67889
"Sarah Thompson",74211
"Karen Smith",70939
"Arun Patel",94471
"David Smith",73748
"Daniel Gupta",75253
"Luke Patel",69032
"Vikram Wilson",60572
"Linda Singh",65015
"Karen Davis",66355
"John Sharma",76915
"Leo Patel",89948
"Arun Miller",65665
"Emily Kumar",62329
"Daniel Thompson",79509
"Kiran Thompson",66802
"Nina Brown",73021
"Luke Anderson",70513
"Daniel Miller",72473
"Michael Thomas",59358
"Priya Sharma",59749
"David Patel",71436
"Arun Kumar",90031
"Vikram Anderson",79429
"Sarah Taylor",76953
"Sarah Johnson",68488
"Luke Lewis",80466
"Rohit Lewis",58899
"Daniel Iyer",79999
"Ananya Thomas",95070
"David Sharma",78194
"Emily Miller",61074
"Ananya Walker",59778
"Ananya Wilson",79843
"Priya Wilson",69829
"Ananya Walker",59870
"Aisha Thompson",87346
"Sophia Kumar",58399
"Sophia Walker",62476
"Olivia Anderson",64200
"Luke Anderson",66195
"Emily Smith",67051
"Olivia Sharma",85190
"Aisha Sharma",99146
"Rohit Lewis",74571
"Sarah Sharma",58895
"Olivia Sharma",58698
"Leo Iyer",68419
"Michael Anderson",76033
"Michael Johnson",66495
"Rohit Lewis",66717
"Luke Johnson",91774
"Aisha Taylor",77090
"Sarah Taylor",59640
"Nina Johnson",62704
"Karen Patel",99108
"Rohit Anderson",76583
"Sarah Davis",59985
"Arun Anderson",60370
"John Sharma",61842
"Rohit Thompson",91109
"Luke Thomas",93660
"Sarah Johnson",62292
"Olivia Sharma",71518
"Arun Taylor",80506
"Emily Thompson",97001
"Daniel Lewis",67613
"Ananya Lewis",82094
"Michael Davis",91934
"Arun Thompson",59202
"Olivia Sharma",86274
"Emily Smith",64395
"Priya Smith",97775
"John Thompson",64363
"Nina Smith",90066
"Ananya Smith",76234
"Vikram Sharma",79235
"Daniel Anderson",72220
"Priya Wilson",69798
"Priya Gupta",78559
"Ananya Smith",67852
"Emily Anderson",65980
"Daniel Thomas",91184
"Olivia Thompson",69491
"John Smith",74274
"Arun Thomas",65476
"Daniel Wilson",79464
"John Iyer",83521
"Sophia Wilson",81450
"Nina Miller",60575
"Nina Brown",88017
"Michael Anderson",65040
"Karen Wilson",98918
"Michael Iyer",81354
"Emily Thomas",65336
"Nina Taylor",87472
"Aisha Davis",85391
"Nina Anderson",99318
"Sarah Williams",80920
"Sarah Kumar",90013
"Michael Wilson",63963
"Emily Davis",92141
"Karen Thompson",68849
"Sophia Miller",65793
"David Gupta",60466
"Sarah Williams",87365
"Karen Iyer",95736
"Sarah Johnson",75326
"Sophia Johnson",72612
"Karen Wilson",76798
"Nina Brown",76082
"Sophia Smith",97476
"Sarah Smith",75825
"Michael Kumar",58996
"Aisha Miller",58907
"Luke Miller",61544
"Priya Singh",89795
"John Iyer",85192
"Luke Miller",98985
"Olivia Williams",71976
"Aisha Smith",76501
"Ananya Sharma",93355
"Leo Patel",88651
"Leo Taylor",78423
"Michael Anderson",84633
"Arun Thomas",73443
"Linda Sharma",78775
"Karen Anderson",77219
"Luke Lewis",68681
"Ananya Kumar",77359
"Emily Thompson",88985
"Arun Taylor",96333
"Sophia Thomas",84349
"Emily Smith",70151
"Aisha Iyer",84231
"Luke Lewis",64635
"Leo Wilson",78901
"Aisha Wilson",74670
"Olivia Iyer",73433
"Ananya Gupta",84276
"Michael Davis",72550
"Daniel Brown",73268
"Sarah Thomas",63438
"Michael Walker",62973
"Vikram Kumar",61878
"John Johnson",77966
"Kiran Patel",70431
"David Iyer",60899
"Kiran Davis",70386
"Sarah Taylor",80379
"Rohit Thomas",75631
"Luke Patel",85385
"Arun Thompson",62941
"Michael Smith",59270
"Sophia Singh",70811
"Linda Taylor",62978
"Emily Smith",72709
"Olivia Gupta",66035
"Sophia Thomas",80480
"Rohit Miller",64788
"Kiran Walker",73404
"Linda Lewis",68482
"Luke Smith",70235
"David Gupta",71454
"Nina Sharma",81072
"Rohit Iyer",65938
"Ananya Iyer",99772
"Ananya Williams",85982
"Michael Singh",94450
"Linda Lewis",63155
"Michael Miller",82553
"Priya Johnson",62750
"Aisha Smith",91698
"Vikram Thompson",79441
"Nina Kumar",60574
"Arun Thompson",86482
"Nina Taylor",69316
"Sarah Thompson",91672
"Luke Johnson",99746
"Arun Kumar",71465
"Michael Iyer",97993
"Arun Brown",75532
"Leo Patel",83385
"Vikram Sharma",71601
"Daniel Kumar",95284
"Arun Kumar",90997
"Aisha Johnson",99293
"Arun Miller",90318
"Olivia Thompson",76983
"Michael Kumar",77915
"Olivia Iyer",87207
"Linda Sharma",97440
"Leo Gupta",79968
"Rohit Taylor",68941
"Rohit Kumar",84606
"Vikram Walker",68836
"Luke Anderson",84794
"Arun Taylor",85006
"John Walker",73553
"Nina Sharma",72891
"Daniel Kumar",59688
"Michael Gupta",66229
"David Singh",62204
"Sarah Williams",85348
"Arun Gupta",70274
"Luke Brown",94379
"David Brown",59815
"Emily Williams",96543
"Linda Iyer",64805
"Linda Thompson",96405
"Emily Sharma",60632
"Olivia Brown",75061
"Aisha Thomas",74132
"Sophia Lewis",81421
"Michael Gupta",78645
"Daniel Johnson",92970
"Daniel Brown",72352
"Vikram Anderson",71759
"Emily Smith",90575
"Sophia Sharma",92499
"Aisha Sharma",95610
"Emily Walker",68535
"Vikram Miller",87501
"Arun Anderson",79502
"David Sharma",67243
"Karen Anderson",95928
"Olivia Taylor",98131
"Arun Thomas",74709
"Ananya Wilson",69397
"Luke Walker",76325
"Priya Miller",80736
"Michael Williams",70042
"Linda Gupta",83709
"Ananya Iyer",66186
"Sophia Lewis",80376
"Karen Patel",72968
"Sophia Brown",80795
"Karen Wilson",58897
"Karen Smith",61191
"Linda Kumar",81073
"Aisha Brown",64756
"Leo Johnson",71588
"Karen Patel",80996
"Sophia Gupta",67629
"John Davis",61012
"Linda Miller",72090
"Emily Kumar",74583
"Olivia Patel",61643
"Sophia Anderson",93627
"Karen Brown",82872
"David Gupta",65385
"Linda Patel",90270
"Vikram Thompson",80643
"John Smith",97038
"Nina Singh",72411
"Priya Patel",71840
"Rohit Thompson",72996
"Arun Lewis",59903
"John Davis",90350
"Emily Thompson",65546
"Priya Patel",89155
"Michael Lewis",74558
"Karen Kumar",82924
"Priya Williams",74302
"John Walker",66845
"Nina Thompson",91032
"John Wilson",61319
"Arun Davis",79786
"Leo Miller",81445
"Rohit Wilson",64317
"Luke Lewis",97992
"Sarah Brown",78424
"Emily Patel",86730
"Kiran Wilson",93903
"Michael Miller",79778
"Aisha Thomas",64265
"Luke Williams",62822
"Karen Thomas",87537
"Sophia Johnson",59301
"Sophia Thomas",94090
"Rohit Iyer",82001
"Nina Walker",91327
"Sophia Kumar",65187
"Kiran Thomas",99122
"Nina Sharma",68473
"Sarah Johnson",86966
"Karen Smith",65907
"Karen Thomas",83141
"Kiran Williams",68891
"Karen Sharma",86631
"Michael Iyer",75871
"David Williams",59017
"David Miller",59270
"Karen Patel",77014
"Nina Walker",85516
"Priya Thomas",64097
"David Thomas",83092
"Vikram Thompson",82316
"Arun Iyer",71606
"Leo Gupta",86960
"Sarah Smith",76077
"Olivia Gupta",78492
"Vikram Miller",68899
"Daniel Smith",75359
"Ananya Thompson",77421
"Rohit Patel",80896
"Kiran Anderson",92696
"Arun Kumar",80657
"Olivia Johnson",97139
"Vikram Gupta",69683
"Vikram Lewis",88732
"Sophia Iyer",83575
"Olivia Anderson",64100
"Luke Thomas",83267
"Sarah Johnson",69781
"Kiran Thompson",61150
"Emily Patel",96890
"Sophia Williams",92958
"Ananya Lewis",70128
"Olivia Iyer",71607
"Emily Patel",635798
"Olivia Gupta",69949
"David Sharma",66540
"Rohit Walker",86647
"Sarah Brown",60837
"Daniel Wilson",73181
"Sophia Williams",71929
"Ananya Singh",74017
"John Walker",70241
"Ananya Singh",64804
"John Johnson",64647
"Vikram Patel",78782
"Ananya Brown",76509
"Aisha Singh",60199
"Kiran Walker",63828
"Leo Wilson",89071
"Kiran Wilson",96629
"Vikram Thomas",63166
"Priya Singh",69764
"Sophia Thompson",74638
"Priya Brown",65022
"Daniel Smith",59428
"Linda Patel",59406
"Vikram Miller",92596
"Sophia Kumar",70487
"Daniel Williams",77391
"Sophia Thomas",65636
"Michael Anderson",67681
"Luke Kumar",62868
"Aisha Taylor",78856
"Kiran Davis",91723
"Sophia Singh",68157
"Sarah Thompson",59657
"Linda Patel",88721
"Aisha Smith",58985
"Nina Iyer",90621
"Rohit Taylor",63640
"John Iyer",80291
"Sophia Gupta",82147
"Michael Kumar",65247
"Ananya Walker",91561
"Luke Singh",99458
"Luke Anderson",68973
"Emily Johnson",74305
"Daniel Brown",69154
"Emily Davis",61520
"Nina Anderson",64452
"Priya Brown",61461
"Kiran Williams",60633
"Ananya Sharma",69250
"Kiran Brown",63116
"Leo Thomas",76927
"Aisha Taylor",62904
"Ananya Williams",75883
"Kiran Walker",74161
"Nina Smith",93732
"Arun Thomas",79752
"Daniel Miller",68916
"David Thomas",76544
"Priya Sharma",92528
"Luke Walker",62478
"Vikram Walker",69528
"Emily Kumar",79747
"Luke Davis",59724
"Nina Sharma",77841
"Sophia Miller",73606
"Sophia Wilson",83893
"Sarah Anderson",99209
"John Miller",75220
"Nina Williams",73581
"Emily Johnson",83136
"Vikram Johnson",61620
"Daniel Patel",61702
"Emily Thompson",79409
"Emily Johnson",68636
"Rohit Smith",58713
"Emily Patel",95575
"Leo Singh",59174
"Luke Johnson",58515
"Leo Singh",87247
"Priya Sharma",67652
"Ananya Patel",74687
"Karen Johnson",60824
"Vikram Thompson",68986
"Arun Brown",66807
"Kiran Smith",92997
"Leo Patel",77247
"Arun Sharma",95964
"Nina Johnson",87058
"Ananya Anderson",65520
"Luke Johnson",95340
"Nina Davis",71906
"Priya Miller",74858
"Vikram Thomas",89164
"Vikram Williams",77330
"Rohit Iyer",66643
"Daniel Miller",83204
"Leo Wilson",84394
"Luke Miller",70111
"John Brown",87641
"David Davis",60118
"Nina Iyer",78115
"Sarah Davis",71590
"Daniel Johnson",62943
"Leo Gupta",95421
"Emily Brown",64281
"Ananya Kumar",66262
"Arun Singh",64592
"Ananya Taylor",95410
"Karen Davis",82764
"Nina Gupta",92431
"John Johnson",58406
"Olivia Lewis",63809
"Linda Anderson",84917
"Leo Johnson",83847
"Kiran Williams",60334
"Leo Kumar",66191
"Arun Wilson",93987
"Arun Thomas",64565
"Ananya Sharma",80501
"Olivia Sharma",82910
"John Iyer",66220
"Luke Williams",81875
"Aisha Sharma",83603
"Daniel Lewis",69738
"Sophia Walker",77045
"Linda Patel",93933
"David Lewis",58571
"John Davis",88442
"Aisha Singh",98189
"Emily Patel",74798
"Leo Walker",85403
"Vikram Thomas",69617
"Linda Thomas",66997
"Vikram Thomas",77488
"Vikram Iyer",94807
"Aisha Anderson",69066
"Ananya Smith",65209
"Daniel Walker",90039
"Sarah Iyer",70914
"Emily Walker",62720
"Ananya Johnson",65058
"Leo Gupta",95273
"Michael Patel",77057
"Nina Johnson",72195
"Linda Johnson",69920
"Nina Thompson",64073
"Aisha Brown",76693
"Rohit Davis",68404
"Daniel Smith",81191
"Karen Anderson",84455
"Leo Patel",67770
"Sophia Anderson",93632
"Ananya Brown",66499
"Luke Brown",58407
"Karen Taylor",86680
"Luke Thompson",90197
"Olivia Gupta",69972
"Olivia Miller",84456
"Olivia Miller",58525
"Linda Iyer",61693
"David Patel",88635
"Leo Walker",79849
"Karen Walker",98441
"Aisha Smith",71003
"Luke Iyer",87325
"Rohit Gupta",64090
"Daniel Johnson",60978
"Vikram Brown",80817
"Linda Iyer",82338
"Leo Anderson",65154
"Rohit Anderson",81317
"David Davis",59146
"Michael Brown",71812
"Nina Thomas",60059
"Rohit Patel",95768
"Kiran Williams",84565
"Sarah Williams",64388
"Olivia Taylor",63712
"Aisha Miller",90825
"David Singh",96016
"Michael Singh",71066
"Arun Kumar",72100
"David Williams",68540
"Daniel Williams",71928
"Kiran Patel",72847
"Kiran Anderson",61921
"Aisha Sharma",82777
"Olivia Miller",87396
"Rohit Johnson",81443
"Sophia Gupta",77254
"Arun Walker",68423
"John Wilson",91566
"Emily Kumar",58405
"Sarah Iyer",67209
"Aisha Anderson",96482
"Olivia Williams",61410
"Ananya Taylor",86995
"Linda Brown",62099
"Sophia Kumar",86774
"Michael Walker",85970
